ward_id,ward_name,latitude,longitude,date,temperature_2m_mean,temperature_2m_max,temperature_2m_min,relative_humidity_2m_mean,wind_speed_10m_max,shortwave_radiation_sum,precipitation_sum
BBSR-01,Bhubaneswar Zone 01,20.2961,85.8245,2024-01-01,20.9,26.6,16.0,75,9.7,15.86,0.0
BBSR-01,Bhubaneswar Zone 01,20.2961,85.8245,2024-01-02,20.6,26.9,15.5,79,9.9,15.41,0.0
BBSR-01,Bhubaneswar Zone 01,20.2961,85.8245,2024-01-03,20.4,26.6,15.3,72,12.0,16.09,0.0
BBSR-01,Bhubaneswar Zone 01,20.2961,85.8245,2024-01-04,20.2,27.4,14.1,73,10.7,16.14,0.0
BBSR-01,Bhubaneswar Zone 01,20.2961,85.8245,2024-01-05,20.7,27.9,14.6,73,11.0,16.23,0.0
BBSR-01,Bhubaneswar Zone 01,20.2961,85.8245,2024-01-06,21.1,28.1,15.4,70,10.2,16.43,0.0
BBSR-01,Bhubaneswar Zone 01,20.2961,85.8245,2024-01-07,21.0,28.1,14.9,69,14.3,16.1,0.0
BBSR-01,Bhubaneswar Zone 01,20.2961,85.8245,2024-01-08,21.6,28.4,16.8,72,15.3,16.03,0.0
BBSR-01,Bhubaneswar Zone 01,20.2961,85.8245,2024-01-09,21.2,27.8,16.0,76,12.3,16.07,0.0
BBSR-01,Bhubaneswar Zone 01,20.2961,85.8245,2024-01-10,22.4,29.2,16.1,78,13.0,15.34,0.0
BBSR-01,Bhubaneswar Zone 01,20.2961,85.8245,2024-01-11,23.7,29.5,19.5,77,12.6,15.53,0.0
BBSR-01,Bhubaneswar Zone 01,20.2961,85.8245,2024-01-12,21.5,27.0,17.6,72,13.3,16.42,0.0
BBSR-01,Bhubaneswar Zone 01,20.2961,85.8245,2024-01-13,20.2,26.8,14.7,69,15.8,16.82,0.0
BBSR-01,Bhubaneswar Zone 01,20.2961,85.8245,2024-01-14,21.0,27.7,14.0,76,10.8,16.3,0.0
BBSR-01,Bhubaneswar Zone 01,20.2961,85.8245,2024-01-15,21.6,28.4,16.1,77,9.7,15.51,0.0
BBSR-01,Bhubaneswar Zone 01,20.2961,85.8245,2024-01-16,22.1,27.6,18.0,81,12.7,14.14,0.0
BBSR-01,Bhubaneswar Zone 01,20.2961,85.8245,2024-01-17,21.7,26.1,18.7,87,12.1,10.59,3.8
BBSR-01,Bhubaneswar Zone 01,20.2961,85.8245,2024-01-18,22.9,27.8,18.9,82,21.6,13.08,0.3
BBSR-01,Bhubaneswar Zone 01,20.2961,85.8245,2024-01-19,22.2,27.3,18.7,77,13.8,14.59,0.1
BBSR-01,Bhubaneswar Zone 01,20.2961,85.8245,2024-01-20,21.5,27.0,17.6,79,13.3,14.07,0.1
BBSR-01,Bhubaneswar Zone 01,20.2961,85.8245,2024-01-21,21.4,26.8,18.1,87,7.1,10.03,5.0
BBSR-01,Bhubaneswar Zone 01,20.2961,85.8245,2024-01-22,20.5,24.7,15.7,72,15.7,10.63,1.4
BBSR-01,Bhubaneswar Zone 01,20.2961,85.8245,2024-01-23,21.1,27.7,15.4,66,15.3,14.44,2.3
BBSR-01,Bhubaneswar Zone 01,20.2961,85.8245,2024-01-24,20.2,23.4,17.6,88,18.7,6.56,20.4
BBSR-01,Bhubaneswar Zone 01,20.2961,85.8245,2024-01-25,19.6,24.5,16.0,82,14.9,11.22,0.9
BBSR-01,Bhubaneswar Zone 01,20.2961,85.8245,2024-01-26,19.5,25.4,15.4,75,11.6,17.17,0.0
BBSR-01,Bhubaneswar Zone 01,20.2961,85.8245,2024-01-27,19.5,25.7,14.2,74,9.7,17.74,0.0
BBSR-01,Bhubaneswar Zone 01,20.2961,85.8245,2024-01-28,19.7,26.5,14.0,77,12.5,18.0,0.0
BBSR-01,Bhubaneswar Zone 01,20.2961,85.8245,2024-01-29,20.7,27.6,13.9,77,15.1,17.25,0.0
BBSR-01,Bhubaneswar Zone 01,20.2961,85.8245,2024-01-30,22.4,28.8,16.6,79,13.7,16.26,0.0
BBSR-01,Bhubaneswar Zone 01,20.2961,85.8245,2024-01-31,23.3,29.5,19.3,75,15.7,16.18,0.0
BBSR-01,Bhubaneswar Zone 01,20.2961,85.8245,2024-02-01,24.0,30.1,19.8,78,19.3,17.35,0.0
BBSR-01,Bhubaneswar Zone 01,20.2961,85.8245,2024-02-02,23.3,29.3,19.0,85,14.0,14.22,0.6
BBSR-01,Bhubaneswar Zone 01,20.2961,85.8245,2024-02-03,23.5,29.6,19.3,81,15.5,16.84,0.0
BBSR-01,Bhubaneswar Zone 01,20.2961,85.8245,2024-02-04,24.2,30.3,19.3,78,13.7,16.86,0.4
BBSR-01,Bhubaneswar Zone 01,20.2961,85.8245,2024-02-05,24.3,30.9,18.2,79,15.4,18.64,0.0
BBSR-01,Bhubaneswar Zone 01,20.2961,85.8245,2024-02-06,26.1,32.6,22.0,79,20.3,17.88,0.6
BBSR-01,Bhubaneswar Zone 01,20.2961,85.8245,2024-02-07,25.1,30.3,21.2,80,17.9,14.83,0.0
BBSR-01,Bhubaneswar Zone 01,20.2961,85.8245,2024-02-08,24.1,29.0,20.5,75,16.8,14.27,0.1
BBSR-01,Bhubaneswar Zone 01,20.2961,85.8245,2024-02-09,21.8,27.4,17.8,64,15.7,18.98,0.0
BBSR-01,Bhubaneswar Zone 01,20.2961,85.8245,2024-02-10,21.3,28.0,15.5,64,9.4,19.6,0.0
BBSR-01,Bhubaneswar Zone 01,20.2961,85.8245,2024-02-11,22.7,29.5,16.9,67,12.8,19.3,0.0
BBSR-01,Bhubaneswar Zone 01,20.2961,85.8245,2024-02-12,23.5,31.0,17.8,68,14.7,18.95,0.0
BBSR-01,Bhubaneswar Zone 01,20.2961,85.8245,2024-02-13,23.7,31.7,18.0,73,15.3,18.91,0.0
BBSR-01,Bhubaneswar Zone 01,20.2961,85.8245,2024-02-14,23.5,31.6,17.6,77,16.3,18.71,0.0
BBSR-01,Bhubaneswar Zone 01,20.2961,85.8245,2024-02-15,24.4,31.4,18.2,78,17.4,17.57,0.1
BBSR-01,Bhubaneswar Zone 01,20.2961,85.8245,2024-02-16,24.7,32.1,18.6,68,14.2,19.8,0.0
BBSR-01,Bhubaneswar Zone 01,20.2961,85.8245,2024-02-17,25.3,32.4,19.8,73,14.4,19.11,0.1
BBSR-01,Bhubaneswar Zone 01,20.2961,85.8245,2024-02-18,26.0,32.5,20.9,75,15.9,17.91,0.1
BBSR-01,Bhubaneswar Zone 01,20.2961,85.8245,2024-02-19,26.2,33.2,20.8,75,15.8,18.41,0.0
BBSR-01,Bhubaneswar Zone 01,20.2961,85.8245,2024-02-20,27.3,35.1,21.6,67,17.2,18.08,0.0
BBSR-01,Bhubaneswar Zone 01,20.2961,85.8245,2024-02-21,27.6,35.6,21.3,57,21.6,18.65,0.0
BBSR-01,Bhubaneswar Zone 01,20.2961,85.8245,2024-02-22,27.5,33.1,23.4,66,25.0,18.25,0.4
BBSR-01,Bhubaneswar Zone 01,20.2961,85.8245,2024-02-23,26.4,31.5,22.2,71,18.8,18.91,0.5
BBSR-01,Bhubaneswar Zone 01,20.2961,85.8245,2024-02-24,24.2,28.1,21.3,83,14.3,12.84,9.5
BBSR-01,Bhubaneswar Zone 01,20.2961,85.8245,2024-02-25,24.4,30.6,20.9,81,17.7,15.99,6.0
BBSR-01,Bhubaneswar Zone 01,20.2961,85.8245,2024-02-26,25.1,31.1,20.3,71,14.7,19.8,0.0
BBSR-01,Bhubaneswar Zone 01,20.2961,85.8245,2024-02-27,25.4,31.6,20.2,66,16.7,20.61,0.3
BBSR-01,Bhubaneswar Zone 01,20.2961,85.8245,2024-02-28,26.7,33.2,21.2,67,11.1,20.17,0.1
BBSR-01,Bhubaneswar Zone 01,20.2961,85.8245,2024-02-29,26.8,33.2,21.4,73,9.8,20.07,0.0
BBSR-01,Bhubaneswar Zone 01,20.2961,85.8245,2024-03-01,27.2,34.1,23.2,75,12.6,19.92,0.0
BBSR-01,Bhubaneswar Zone 01,20.2961,85.8245,2024-03-02,27.3,34.7,21.4,72,19.9,20.98,0.0
BBSR-01,Bhubaneswar Zone 01,20.2961,85.8245,2024-03-03,27.5,33.7,22.7,72,16.9,20.93,0.0
BBSR-01,Bhubaneswar Zone 01,20.2961,85.8245,2024-03-04,27.6,33.9,22.9,75,17.4,19.26,1.0
BBSR-01,Bhubaneswar Zone 01,20.2961,85.8245,2024-03-05,27.6,34.3,22.2,74,18.7,19.76,0.6
BBSR-01,Bhubaneswar Zone 01,20.2961,85.8245,2024-03-06,26.8,34.6,23.1,80,13.8,18.71,1.4
BBSR-01,Bhubaneswar Zone 01,20.2961,85.8245,2024-03-07,26.8,34.5,23.5,81,13.7,16.5,20.6
BBSR-01,Bhubaneswar Zone 01,20.2961,85.8245,2024-03-08,25.9,31.9,22.6,81,12.0,18.25,3.2
BBSR-01,Bhubaneswar Zone 01,20.2961,85.8245,2024-03-09,26.3,32.7,20.5,67,14.6,21.17,0.0
BBSR-01,Bhubaneswar Zone 01,20.2961,85.8245,2024-03-10,26.8,33.7,21.0,69,16.6,20.44,0.0
BBSR-01,Bhubaneswar Zone 01,20.2961,85.8245,2024-03-11,27.2,33.2,21.7,75,16.5,20.7,0.0
BBSR-01,Bhubaneswar Zone 01,20.2961,85.8245,2024-03-12,29.0,35.5,23.6,74,15.2,20.13,0.7
BBSR-01,Bhubaneswar Zone 01,20.2961,85.8245,2024-03-13,29.4,35.8,25.0,75,20.2,19.37,0.4
BBSR-01,Bhubaneswar Zone 01,20.2961,85.8245,2024-03-14,29.6,36.5,26.1,72,18.6,19.34,0.3
BBSR-01,Bhubaneswar Zone 01,20.2961,85.8245,2024-03-15,28.9,36.5,24.7,75,16.9,19.81,0.3
BBSR-01,Bhubaneswar Zone 01,20.2961,85.8245,2024-03-16,28.4,34.0,24.5,77,15.5,20.87,1.5
BBSR-01,Bhubaneswar Zone 01,20.2961,85.8245,2024-03-17,28.1,33.5,23.3,75,10.9,19.61,1.6
BBSR-01,Bhubaneswar Zone 01,20.2961,85.8245,2024-03-18,28.3,33.4,23.6,76,18.1,17.67,7.3
BBSR-01,Bhubaneswar Zone 01,20.2961,85.8245,2024-03-19,24.6,29.1,22.1,84,19.1,9.82,13.4
BBSR-01,Bhubaneswar Zone 01,20.2961,85.8245,2024-03-20,21.4,25.3,18.9,81,19.2,6.98,25.0
BBSR-01,Bhubaneswar Zone 01,20.2961,85.8245,2024-03-21,23.4,29.9,16.3,77,16.6,21.41,0.2
BBSR-01,Bhubaneswar Zone 01,20.2961,85.8245,2024-03-22,26.7,32.3,21.5,78,18.2,21.08,1.2
BBSR-01,Bhubaneswar Zone 01,20.2961,85.8245,2024-03-23,28.0,35.5,21.2,73,17.9,23.01,0.0
BBSR-01,Bhubaneswar Zone 01,20.2961,85.8245,2024-03-24,28.6,34.9,23.9,75,20.6,22.5,0.4
BBSR-01,Bhubaneswar Zone 01,20.2961,85.8245,2024-03-25,29.1,35.8,24.2,67,16.8,21.26,0.0
BBSR-01,Bhubaneswar Zone 01,20.2961,85.8245,2024-03-26,29.0,35.5,23.9,59,21.1,22.41,0.0
BBSR-01,Bhubaneswar Zone 01,20.2961,85.8245,2024-03-27,29.6,36.3,24.2,63,18.1,23.13,0.0
BBSR-01,Bhubaneswar Zone 01,20.2961,85.8245,2024-03-28,29.7,37.3,23.8,71,18.8,22.54,0.0
BBSR-01,Bhubaneswar Zone 01,20.2961,85.8245,2024-03-29,30.1,37.6,23.6,69,19.8,22.84,0.1
BBSR-01,Bhubaneswar Zone 01,20.2961,85.8245,2024-03-30,30.6,37.7,24.8,65,19.5,21.66,1.0
BBSR-01,Bhubaneswar Zone 01,20.2961,85.8245,2024-03-31,30.2,36.5,24.5,66,18.6,20.75,0.0
BBSR-01,Bhubaneswar Zone 01,20.2961,85.8245,2024-04-01,30.9,37.9,25.1,61,19.3,22.75,0.2
BBSR-01,Bhubaneswar Zone 01,20.2961,85.8245,2024-04-02,30.9,37.9,26.0,70,19.2,23.4,0.0
BBSR-01,Bhubaneswar Zone 01,20.2961,85.8245,2024-04-03,30.7,37.0,25.1,74,16.9,23.23,0.0
BBSR-01,Bhubaneswar Zone 01,20.2961,85.8245,2024-04-04,30.9,37.2,25.7,75,16.8,21.57,0.0
BBSR-01,Bhubaneswar Zone 01,20.2961,85.8245,2024-04-05,32.2,41.2,25.9,66,19.5,23.13,0.0
BBSR-01,Bhubaneswar Zone 01,20.2961,85.8245,2024-04-06,31.6,39.5,25.7,70,19.1,23.0,0.0
BBSR-01,Bhubaneswar Zone 01,20.2961,85.8245,2024-04-07,30.1,38.1,25.0,74,15.9,20.94,16.7
BBSR-01,Bhubaneswar Zone 01,20.2961,85.8245,2024-04-08,27.6,33.1,24.3,65,25.3,23.52,0.0
BBSR-01,Bhubaneswar Zone 01,20.2961,85.8245,2024-04-09,29.0,36.0,24.2,55,25.0,22.19,0.0
BBSR-01,Bhubaneswar Zone 01,20.2961,85.8245,2024-04-10,29.1,36.1,22.9,59,8.9,21.73,0.1
BBSR-01,Bhubaneswar Zone 01,20.2961,85.8245,2024-04-11,26.2,28.9,22.6,72,25.8,12.17,0.1
BBSR-01,Bhubaneswar Zone 01,20.2961,85.8245,2024-04-12,27.3,33.3,22.1,67,14.9,17.7,0.0
BBSR-01,Bhubaneswar Zone 01,20.2961,85.8245,2024-04-13,29.4,36.3,22.5,57,11.6,23.49,0.0
BBSR-01,Bhubaneswar Zone 01,20.2961,85.8245,2024-04-14,30.6,37.3,24.0,59,11.5,23.8,0.0
BBSR-01,Bhubaneswar Zone 01,20.2961,85.8245,2024-04-15,31.5,38.8,25.0,58,16.7,24.28,0.0
BBSR-01,Bhubaneswar Zone 01,20.2961,85.8245,2024-04-16,32.8,39.9,26.2,59,15.2,24.0,0.0
BBSR-01,Bhubaneswar Zone 01,20.2961,85.8245,2024-04-17,33.5,40.9,27.0,55,15.8,23.81,0.0
BBSR-01,Bhubaneswar Zone 01,20.2961,85.8245,2024-04-18,33.1,41.2,26.9,54,16.6,25.55,0.0
BBSR-01,Bhubaneswar Zone 01,20.2961,85.8245,2024-04-19,32.1,41.4,24.2,61,21.6,25.79,0.0
BBSR-01,Bhubaneswar Zone 01,20.2961,85.8245,2024-04-20,32.3,39.3,26.5,69,20.3,23.8,0.0
BBSR-01,Bhubaneswar Zone 01,20.2961,85.8245,2024-04-21,33.2,41.0,26.3,65,20.4,23.27,0.1
BBSR-01,Bhubaneswar Zone 01,20.2961,85.8245,2024-04-22,33.6,39.9,27.6,50,23.6,22.32,1.0
BBSR-01,Bhubaneswar Zone 01,20.2961,85.8245,2024-04-23,32.8,39.5,26.9,43,17.8,24.58,0.0
BBSR-01,Bhubaneswar Zone 01,20.2961,85.8245,2024-04-24,32.2,40.0,27.0,56,28.9,23.14,1.0
BBSR-01,Bhubaneswar Zone 01,20.2961,85.8245,2024-04-25,32.8,41.3,25.7,58,17.7,23.72,0.0
BBSR-01,Bhubaneswar Zone 01,20.2961,85.8245,2024-04-26,32.7,40.3,27.2,68,19.3,24.34,1.7
BBSR-01,Bhubaneswar Zone 01,20.2961,85.8245,2024-04-27,32.6,40.3,27.4,67,17.5,24.74,1.0
BBSR-01,Bhubaneswar Zone 01,20.2961,85.8245,2024-04-28,33.3,40.6,27.2,60,15.6,24.6,0.4
BBSR-01,Bhubaneswar Zone 01,20.2961,85.8245,2024-04-29,33.2,40.8,27.2,64,17.6,24.07,0.0
BBSR-01,Bhubaneswar Zone 01,20.2961,85.8245,2024-04-30,33.5,41.4,27.8,55,22.0,24.31,0.0
BBSR-01,Bhubaneswar Zone 01,20.2961,85.8245,2024-05-01,33.2,39.5,29.2,63,21.4,22.63,0.0
BBSR-01,Bhubaneswar Zone 01,20.2961,85.8245,2024-05-02,32.4,38.4,28.2,71,23.0,23.64,0.0
BBSR-01,Bhubaneswar Zone 01,20.2961,85.8245,2024-05-03,32.4,39.9,27.0,71,18.3,24.98,0.0
BBSR-01,Bhubaneswar Zone 01,20.2961,85.8245,2024-05-04,32.0,37.8,27.7,73,22.0,23.12,0.0
BBSR-01,Bhubaneswar Zone 01,20.2961,85.8245,2024-05-05,31.8,37.9,27.4,74,26.2,24.88,0.0
BBSR-01,Bhubaneswar Zone 01,20.2961,85.8245,2024-05-06,31.6,37.4,28.4,76,27.8,20.39,0.0
BBSR-01,Bhubaneswar Zone 01,20.2961,85.8245,2024-05-07,29.8,35.5,27.8,75,31.6,17.95,3.9
BBSR-01,Bhubaneswar Zone 01,20.2961,85.8245,2024-05-08,29.8,35.6,26.4,74,16.6,21.15,4.9
BBSR-01,Bhubaneswar Zone 01,20.2961,85.8245,2024-05-09,30.4,34.9,27.0,74,22.6,20.61,0.9
BBSR-01,Bhubaneswar Zone 01,20.2961,85.8245,2024-05-10,30.6,35.4,27.4,73,23.5,23.31,0.3
BBSR-01,Bhubaneswar Zone 01,20.2961,85.8245,2024-05-11,31.3,36.1,27.7,74,20.8,23.94,0.0
BBSR-01,Bhubaneswar Zone 01,20.2961,85.8245,2024-05-12,30.0,35.6,27.2,78,21.2,22.08,13.7
BBSR-01,Bhubaneswar Zone 01,20.2961,85.8245,2024-05-13,30.3,37.1,27.1,75,13.3,23.15,7.9
BBSR-01,Bhubaneswar Zone 01,20.2961,85.8245,2024-05-14,29.9,34.6,26.1,78,15.7,23.1,0.9
BBSR-01,Bhubaneswar Zone 01,20.2961,85.8245,2024-05-15,30.8,36.6,25.6,70,18.0,24.27,0.1
BBSR-01,Bhubaneswar Zone 01,20.2961,85.8245,2024-05-16,30.8,35.3,27.8,71,17.3,17.58,0.1
BBSR-01,Bhubaneswar Zone 01,20.2961,85.8245,2024-05-17,31.9,37.7,27.8,69,18.2,22.53,0.0
BBSR-01,Bhubaneswar Zone 01,20.2961,85.8245,2024-05-18,31.5,36.7,28.1,74,16.0,19.57,3.3
BBSR-01,Bhubaneswar Zone 01,20.2961,85.8245,2024-05-19,31.2,34.9,28.3,73,14.3,21.87,0.3
BBSR-01,Bhubaneswar Zone 01,20.2961,85.8245,2024-05-20,31.6,35.7,28.9,72,18.9,22.5,0.9
BBSR-01,Bhubaneswar Zone 01,20.2961,85.8245,2024-05-21,31.2,36.2,28.2,74,18.1,21.49,0.4
BBSR-01,Bhubaneswar Zone 01,20.2961,85.8245,2024-05-22,31.2,36.0,27.9,74,20.5,22.74,0.0
BBSR-01,Bhubaneswar Zone 01,20.2961,85.8245,2024-05-23,31.0,36.1,26.8,71,16.4,23.55,0.0
BBSR-01,Bhubaneswar Zone 01,20.2961,85.8245,2024-05-24,30.8,34.8,27.4,72,19.7,18.61,0.4
BBSR-01,Bhubaneswar Zone 01,20.2961,85.8245,2024-05-25,30.9,34.6,28.1,76,20.0,20.11,12.0
BBSR-01,Bhubaneswar Zone 01,20.2961,85.8245,2024-05-26,30.0,34.5,27.9,79,18.4,6.84,16.9
BBSR-01,Bhubaneswar Zone 01,20.2961,85.8245,2024-05-27,31.6,36.2,27.8,78,21.1,15.77,0.2
BBSR-01,Bhubaneswar Zone 01,20.2961,85.8245,2024-05-28,32.9,37.9,30.0,77,24.9,23.73,0.0
BBSR-01,Bhubaneswar Zone 01,20.2961,85.8245,2024-05-29,32.9,37.2,29.9,76,26.3,24.62,0.0
BBSR-01,Bhubaneswar Zone 01,20.2961,85.8245,2024-05-30,32.5,36.9,29.8,77,26.8,23.87,0.1
BBSR-01,Bhubaneswar Zone 01,20.2961,85.8245,2024-05-31,32.3,36.7,29.9,78,26.3,22.16,0.0
BBSR-01,Bhubaneswar Zone 01,20.2961,85.8245,2024-06-01,31.9,35.4,29.3,77,24.6,18.35,0.0
BBSR-01,Bhubaneswar Zone 01,20.2961,85.8245,2024-06-02,31.3,36.4,28.2,78,25.5,19.62,21.8
BBSR-01,Bhubaneswar Zone 01,20.2961,85.8245,2024-06-03,30.7,35.6,27.8,74,22.7,20.27,0.0
BBSR-01,Bhubaneswar Zone 01,20.2961,85.8245,2024-06-04,31.0,37.9,28.4,79,18.0,20.29,10.9
BBSR-01,Bhubaneswar Zone 01,20.2961,85.8245,2024-06-05,32.0,36.7,28.2,70,15.0,24.16,0.0
BBSR-01,Bhubaneswar Zone 01,20.2961,85.8245,2024-06-06,32.4,38.8,27.4,70,20.4,24.69,3.1
BBSR-01,Bhubaneswar Zone 01,20.2961,85.8245,2024-06-07,31.7,37.4,28.3,72,20.9,24.46,0.1
BBSR-01,Bhubaneswar Zone 01,20.2961,85.8245,2024-06-08,31.7,37.7,27.4,71,23.0,24.87,0.0
BBSR-01,Bhubaneswar Zone 01,20.2961,85.8245,2024-06-09,32.2,38.9,27.8,69,23.0,24.63,0.0
BBSR-01,Bhubaneswar Zone 01,20.2961,85.8245,2024-06-10,31.8,38.0,27.4,68,22.6,25.38,0.0
BBSR-01,Bhubaneswar Zone 01,20.2961,85.8245,2024-06-11,31.4,37.2,27.6,72,22.3,24.8,0.0
BBSR-01,Bhubaneswar Zone 01,20.2961,85.8245,2024-06-12,31.7,39.3,28.1,73,21.1,22.79,8.3
BBSR-01,Bhubaneswar Zone 01,20.2961,85.8245,2024-06-13,32.1,38.3,28.6,71,24.8,22.29,0.0
BBSR-01,Bhubaneswar Zone 01,20.2961,85.8245,2024-06-14,32.6,38.2,28.4,66,21.1,20.82,0.0
BBSR-01,Bhubaneswar Zone 01,20.2961,85.8245,2024-06-15,33.1,39.7,28.8,68,22.7,24.34,0.0
BBSR-01,Bhubaneswar Zone 01,20.2961,85.8245,2024-06-16,31.4,37.2,27.7,74,16.7,21.61,11.8
BBSR-01,Bhubaneswar Zone 01,20.2961,85.8245,2024-06-17,31.2,37.4,29.0,76,26.7,16.06,24.0
BBSR-01,Bhubaneswar Zone 01,20.2961,85.8245,2024-06-18,31.1,36.0,29.0,77,26.1,14.1,9.9
BBSR-01,Bhubaneswar Zone 01,20.2961,85.8245,2024-06-19,32.0,37.6,28.5,72,23.8,21.37,0.0
BBSR-01,Bhubaneswar Zone 01,20.2961,85.8245,2024-06-20,31.1,35.8,28.4,75,16.8,19.36,6.1
BBSR-01,Bhubaneswar Zone 01,20.2961,85.8245,2024-06-21,29.2,34.7,27.2,81,10.5,19.38,13.3
BBSR-01,Bhubaneswar Zone 01,20.2961,85.8245,2024-06-22,29.2,33.5,26.2,80,15.2,19.84,3.9
BBSR-01,Bhubaneswar Zone 01,20.2961,85.8245,2024-06-23,30.1,33.9,27.1,78,21.0,20.74,0.4
BBSR-01,Bhubaneswar Zone 01,20.2961,85.8245,2024-06-24,30.5,34.5,27.9,75,17.7,22.46,0.1
BBSR-01,Bhubaneswar Zone 01,20.2961,85.8245,2024-06-25,30.4,35.5,27.9,77,16.4,22.51,7.8
BBSR-01,Bhubaneswar Zone 01,20.2961,85.8245,2024-06-26,29.4,34.2,27.2,82,14.8,19.4,8.8
BBSR-01,Bhubaneswar Zone 01,20.2961,85.8245,2024-06-27,28.5,32.1,26.5,85,18.4,18.09,10.3
BBSR-01,Bhubaneswar Zone 01,20.2961,85.8245,2024-06-28,29.1,33.7,26.6,84,13.0,18.45,4.9
BBSR-01,Bhubaneswar Zone 01,20.2961,85.8245,2024-06-29,28.7,33.9,26.2,85,18.9,15.88,18.7
BBSR-01,Bhubaneswar Zone 01,20.2961,85.8245,2024-06-30,28.0,31.6,26.1,88,18.7,12.87,28.3
BBSR-01,Bhubaneswar Zone 01,20.2961,85.8245,2024-07-01,28.6,32.0,26.6,83,20.2,14.97,2.3
BBSR-01,Bhubaneswar Zone 01,20.2961,85.8245,2024-07-02,29.1,32.4,26.6,83,16.9,12.27,1.3
BBSR-01,Bhubaneswar Zone 01,20.2961,85.8245,2024-07-03,28.2,31.0,26.8,88,14.6,8.09,14.1
BBSR-01,Bhubaneswar Zone 01,20.2961,85.8245,2024-07-04,28.8,33.0,26.9,86,18.0,18.47,13.8
BBSR-01,Bhubaneswar Zone 01,20.2961,85.8245,2024-07-05,29.0,32.4,27.0,85,20.8,16.48,2.7
BBSR-01,Bhubaneswar Zone 01,20.2961,85.8245,2024-07-06,28.6,32.0,26.0,86,19.6,17.86,8.2
BBSR-01,Bhubaneswar Zone 01,20.2961,85.8245,2024-07-07,28.4,32.7,26.0,87,14.6,20.48,14.9
BBSR-01,Bhubaneswar Zone 01,20.2961,85.8245,2024-07-08,28.2,31.4,25.5,84,15.6,17.28,3.6
BBSR-01,Bhubaneswar Zone 01,20.2961,85.8245,2024-07-09,28.5,32.0,25.7,82,21.1,20.37,2.3
BBSR-01,Bhubaneswar Zone 01,20.2961,85.8245,2024-07-10,29.3,32.4,26.9,79,19.3,22.52,0.6
BBSR-01,Bhubaneswar Zone 01,20.2961,85.8245,2024-07-11,29.2,32.3,27.3,82,20.3,16.47,6.5
BBSR-01,Bhubaneswar Zone 01,20.2961,85.8245,2024-07-12,28.5,32.9,26.6,86,18.1,14.03,12.4
BBSR-01,Bhubaneswar Zone 01,20.2961,85.8245,2024-07-13,28.8,32.7,26.2,85,10.6,18.51,7.2
BBSR-01,Bhubaneswar Zone 01,20.2961,85.8245,2024-07-14,28.5,33.2,26.0,86,15.6,22.91,13.7
BBSR-01,Bhubaneswar Zone 01,20.2961,85.8245,2024-07-15,28.0,31.3,25.5,86,16.9,19.36,12.7
BBSR-01,Bhubaneswar Zone 01,20.2961,85.8245,2024-07-16,28.4,32.4,25.7,84,14.8,19.35,6.1
BBSR-01,Bhubaneswar Zone 01,20.2961,85.8245,2024-07-17,28.7,32.2,25.9,85,13.6,20.52,5.4
BBSR-01,Bhubaneswar Zone 01,20.2961,85.8245,2024-07-18,28.8,32.4,26.3,84,19.4,18.98,17.3
BBSR-01,Bhubaneswar Zone 01,20.2961,85.8245,2024-07-19,28.5,31.4,26.3,84,26.2,18.46,9.9
BBSR-01,Bhubaneswar Zone 01,20.2961,85.8245,2024-07-20,28.4,32.4,26.5,85,18.3,13.97,7.2
BBSR-01,Bhubaneswar Zone 01,20.2961,85.8245,2024-07-21,29.0,32.5,26.5,82,22.6,19.41,1.6
BBSR-01,Bhubaneswar Zone 01,20.2961,85.8245,2024-07-22,28.4,31.8,26.6,82,22.7,17.09,2.4
BBSR-01,Bhubaneswar Zone 01,20.2961,85.8245,2024-07-23,27.8,30.4,26.5,87,20.6,10.86,6.7
BBSR-01,Bhubaneswar Zone 01,20.2961,85.8245,2024-07-24,27.8,30.9,25.6,85,23.1,15.39,6.9
BBSR-01,Bhubaneswar Zone 01,20.2961,85.8245,2024-07-25,27.7,31.2,25.2,86,19.1,13.9,5.9
BBSR-01,Bhubaneswar Zone 01,20.2961,85.8245,2024-07-26,28.6,32.2,25.7,82,21.6,18.03,8.0
BBSR-01,Bhubaneswar Zone 01,20.2961,85.8245,2024-07-27,28.9,32.7,25.7,83,16.0,18.66,2.3
BBSR-01,Bhubaneswar Zone 01,20.2961,85.8245,2024-07-28,29.1,32.9,25.7,82,10.2,19.92,27.8
BBSR-01,Bhubaneswar Zone 01,20.2961,85.8245,2024-07-29,28.4,32.1,25.8,89,12.6,14.25,17.0
BBSR-01,Bhubaneswar Zone 01,20.2961,85.8245,2024-07-30,28.3,32.3,26.2,88,13.8,17.95,20.6
BBSR-01,Bhubaneswar Zone 01,20.2961,85.8245,2024-07-31,28.1,31.9,26.1,90,15.0,14.22,25.4
BBSR-01,Bhubaneswar Zone 01,20.2961,85.8245,2024-08-01,27.4,29.7,26.1,92,18.9,6.57,23.3
BBSR-01,Bhubaneswar Zone 01,20.2961,85.8245,2024-08-02,28.1,30.5,26.8,84,22.9,12.34,1.4
BBSR-01,Bhubaneswar Zone 01,20.2961,85.8245,2024-08-03,28.7,31.6,26.5,82,21.7,16.19,2.4
BBSR-01,Bhubaneswar Zone 01,20.2961,85.8245,2024-08-04,29.1,31.9,26.8,83,20.9,12.56,1.1
BBSR-01,Bhubaneswar Zone 01,20.2961,85.8245,2024-08-05,28.1,31.9,26.2,87,17.8,15.0,22.4
BBSR-01,Bhubaneswar Zone 01,20.2961,85.8245,2024-08-06,27.2,30.5,26.0,90,15.9,13.88,27.6
BBSR-01,Bhubaneswar Zone 01,20.2961,85.8245,2024-08-07,27.0,30.7,25.1,89,15.0,13.64,13.7
BBSR-01,Bhubaneswar Zone 01,20.2961,85.8245,2024-08-08,27.7,31.3,24.3,86,14.7,17.25,14.1
BBSR-01,Bhubaneswar Zone 01,20.2961,85.8245,2024-08-09,27.9,31.4,25.2,87,15.9,14.93,27.2
BBSR-01,Bhubaneswar Zone 01,20.2961,85.8245,2024-08-10,28.1,32.1,25.2,86,14.3,19.12,31.7
BBSR-01,Bhubaneswar Zone 01,20.2961,85.8245,2024-08-11,28.3,32.3,24.8,86,16.2,19.77,18.6
BBSR-01,Bhubaneswar Zone 01,20.2961,85.8245,2024-08-12,28.7,32.3,25.4,85,14.2,21.04,11.9
BBSR-01,Bhubaneswar Zone 01,20.2961,85.8245,2024-08-13,28.8,32.6,26.2,88,13.4,17.3,30.8
BBSR-01,Bhubaneswar Zone 01,20.2961,85.8245,2024-08-14,28.1,31.3,26.5,89,13.9,13.24,25.0
BBSR-01,Bhubaneswar Zone 01,20.2961,85.8245,2024-08-15,27.9,31.4,25.5,88,15.1,14.09,34.7
BBSR-01,Bhubaneswar Zone 01,20.2961,85.8245,2024-08-16,27.2,30.4,25.4,89,13.3,10.3,22.6
BBSR-01,Bhubaneswar Zone 01,20.2961,85.8245,2024-08-17,27.1,31.2,25.1,90,16.1,12.32,21.3
BBSR-01,Bhubaneswar Zone 01,20.2961,85.8245,2024-08-18,27.6,31.8,24.9,87,14.6,18.23,24.6
BBSR-01,Bhubaneswar Zone 01,20.2961,85.8245,2024-08-19,27.7,32.2,25.1,87,18.2,18.1,3.5
BBSR-01,Bhubaneswar Zone 01,20.2961,85.8245,2024-08-20,28.3,32.4,25.8,86,15.0,16.92,20.7
BBSR-01,Bhubaneswar Zone 01,20.2961,85.8245,2024-08-21,27.9,31.2,25.9,87,18.1,13.78,15.4
BBSR-01,Bhubaneswar Zone 01,20.2961,85.8245,2024-08-22,27.8,30.3,26.3,87,17.7,13.06,1.5
BBSR-01,Bhubaneswar Zone 01,20.2961,85.8245,2024-08-23,26.5,27.9,25.9,93,14.6,5.8,30.5
BBSR-01,Bhubaneswar Zone 01,20.2961,85.8245,2024-08-24,26.6,29.1,24.9,92,19.2,7.91,15.2
BBSR-01,Bhubaneswar Zone 01,20.2961,85.8245,2024-08-25,27.5,31.3,25.4,88,15.6,14.07,17.2
BBSR-01,Bhubaneswar Zone 01,20.2961,85.8245,2024-08-26,27.1,30.2,24.8,87,10.4,11.68,11.4
BBSR-01,Bhubaneswar Zone 01,20.2961,85.8245,2024-08-27,27.8,31.4,25.4,87,10.7,16.08,22.2
BBSR-01,Bhubaneswar Zone 01,20.2961,85.8245,2024-08-28,26.8,30.8,25.0,90,7.6,12.68,21.9
BBSR-01,Bhubaneswar Zone 01,20.2961,85.8245,2024-08-29,27.4,31.2,24.8,86,15.6,18.86,2.9
BBSR-01,Bhubaneswar Zone 01,20.2961,85.8245,2024-08-30,28.0,31.4,25.1,83,21.7,19.97,1.9
BBSR-01,Bhubaneswar Zone 01,20.2961,85.8245,2024-08-31,27.9,30.7,25.3,85,24.4,17.91,5.2
BBSR-01,Bhubaneswar Zone 01,20.2961,85.8245,2024-09-01,27.8,31.2,25.7,85,20.8,16.05,4.3
BBSR-01,Bhubaneswar Zone 01,20.2961,85.8245,2024-09-02,27.3,29.9,25.0,87,14.4,14.93,13.4
BBSR-01,Bhubaneswar Zone 01,20.2961,85.8245,2024-09-03,27.9,30.7,24.9,83,17.7,17.71,1.1
BBSR-01,Bhubaneswar Zone 01,20.2961,85.8245,2024-09-04,28.0,31.1,24.8,84,15.6,19.65,0.7
BBSR-01,Bhubaneswar Zone 01,20.2961,85.8245,2024-09-05,27.8,30.9,24.7,87,11.4,17.25,8.7
BBSR-01,Bhubaneswar Zone 01,20.2961,85.8245,2024-09-06,28.3,31.9,25.6,86,13.8,18.67,9.8
BBSR-01,Bhubaneswar Zone 01,20.2961,85.8245,2024-09-07,27.4,31.0,25.3,87,25.0,16.79,16.7
BBSR-01,Bhubaneswar Zone 01,20.2961,85.8245,2024-09-08,27.5,30.8,25.5,87,23.7,14.8,12.7
BBSR-01,Bhubaneswar Zone 01,20.2961,85.8245,2024-09-09,28.0,30.6,25.8,87,23.8,14.66,6.3
BBSR-01,Bhubaneswar Zone 01,20.2961,85.8245,2024-09-10,29.1,32.7,26.1,83,20.3,19.29,0.9
BBSR-01,Bhubaneswar Zone 01,20.2961,85.8245,2024-09-11,29.3,32.2,26.7,84,16.6,18.4,1.8
BBSR-01,Bhubaneswar Zone 01,20.2961,85.8245,2024-09-12,29.1,32.1,26.9,83,12.7,12.21,0.0
BBSR-01,Bhubaneswar Zone 01,20.2961,85.8245,2024-09-13,28.8,32.0,26.6,82,18.1,13.37,16.6
BBSR-01,Bhubaneswar Zone 01,20.2961,85.8245,2024-09-14,27.5,29.4,26.3,87,24.8,8.06,24.2
BBSR-01,Bhubaneswar Zone 01,20.2961,85.8245,2024-09-15,27.0,29.5,25.5,83,28.2,8.64,4.5
BBSR-01,Bhubaneswar Zone 01,20.2961,85.8245,2024-09-16,27.4,31.5,25.3,83,20.9,14.01,8.5
BBSR-01,Bhubaneswar Zone 01,20.2961,85.8245,2024-09-17,27.7,32.0,24.9,87,15.3,19.36,21.2
BBSR-01,Bhubaneswar Zone 01,20.2961,85.8245,2024-09-18,27.6,31.2,25.0,89,8.7,15.6,4.7
BBSR-01,Bhubaneswar Zone 01,20.2961,85.8245,2024-09-19,28.7,33.0,24.6,80,10.7,21.97,0.2
BBSR-01,Bhubaneswar Zone 01,20.2961,85.8245,2024-09-20,28.3,32.8,25.3,86,14.0,20.24,5.9
BBSR-01,Bhubaneswar Zone 01,20.2961,85.8245,2024-09-21,28.7,33.4,25.7,83,14.1,21.36,1.2
BBSR-01,Bhubaneswar Zone 01,20.2961,85.8245,2024-09-22,27.9,31.6,25.9,87,12.2,15.62,15.4
BBSR-01,Bhubaneswar Zone 01,20.2961,85.8245,2024-09-23,27.4,31.7,25.4,91,16.9,14.26,18.5
BBSR-01,Bhubaneswar Zone 01,20.2961,85.8245,2024-09-24,26.9,29.2,24.9,92,14.2,9.98,26.2
BBSR-01,Bhubaneswar Zone 01,20.2961,85.8245,2024-09-25,26.8,29.0,25.1,92,15.0,9.3,31.8
BBSR-01,Bhubaneswar Zone 01,20.2961,85.8245,2024-09-26,26.3,28.1,24.7,92,23.6,8.52,15.6
BBSR-01,Bhubaneswar Zone 01,20.2961,85.8245,2024-09-27,27.2,29.6,25.0,87,22.9,14.5,9.8
BBSR-01,Bhubaneswar Zone 01,20.2961,85.8245,2024-09-28,28.6,31.8,25.8,84,20.7,20.23,0.6
BBSR-01,Bhubaneswar Zone 01,20.2961,85.8245,2024-09-29,28.8,32.3,26.1,85,12.9,19.65,5.1
BBSR-01,Bhubaneswar Zone 01,20.2961,85.8245,2024-09-30,29.0,34.1,26.2,85,14.5,19.88,2.8
BBSR-01,Bhubaneswar Zone 01,20.2961,85.8245,2024-10-01,29.9,34.6,25.7,80,13.5,20.91,0.1
BBSR-01,Bhubaneswar Zone 01,20.2961,85.8245,2024-10-02,28.4,31.2,25.0,86,15.4,12.07,8.8
BBSR-01,Bhubaneswar Zone 01,20.2961,85.8245,2024-10-03,28.9,32.9,26.2,82,20.5,18.66,0.1
BBSR-01,Bhubaneswar Zone 01,20.2961,85.8245,2024-10-04,29.3,33.8,25.1,76,13.2,20.78,0.0
BBSR-01,Bhubaneswar Zone 01,20.2961,85.8245,2024-10-05,27.4,32.3,24.8,86,19.0,14.24,2.1
BBSR-01,Bhubaneswar Zone 01,20.2961,85.8245,2024-10-06,26.8,31.9,24.1,89,14.6,19.17,11.3
BBSR-01,Bhubaneswar Zone 01,20.2961,85.8245,2024-10-07,26.6,30.6,24.7,92,15.7,13.15,11.6
BBSR-01,Bhubaneswar Zone 01,20.2961,85.8245,2024-10-08,26.9,30.3,25.0,91,14.7,14.38,6.0
BBSR-01,Bhubaneswar Zone 01,20.2961,85.8245,2024-10-09,27.5,31.8,24.2,84,11.8,19.44,0.1
BBSR-01,Bhubaneswar Zone 01,20.2961,85.8245,2024-10-10,27.5,31.6,23.5,83,12.8,19.81,0.1
BBSR-01,Bhubaneswar Zone 01,20.2961,85.8245,2024-10-11,28.1,32.1,24.2,81,10.9,19.82,0.3
BBSR-01,Bhubaneswar Zone 01,20.2961,85.8245,2024-10-12,28.1,32.0,24.6,81,11.6,19.02,1.1
BBSR-01,Bhubaneswar Zone 01,20.2961,85.8245,2024-10-13,28.0,32.3,24.4,83,11.4,19.09,0.6
BBSR-01,Bhubaneswar Zone 01,20.2961,85.8245,2024-10-14,28.2,32.7,24.5,81,9.9,19.61,0.3
BBSR-01,Bhubaneswar Zone 01,20.2961,85.8245,2024-10-15,27.7,32.2,24.1,84,9.1,18.66,1.8
BBSR-01,Bhubaneswar Zone 01,20.2961,85.8245,2024-10-16,27.7,32.0,24.4,84,10.9,18.15,1.4
BBSR-01,Bhubaneswar Zone 01,20.2961,85.8245,2024-10-17,27.7,32.6,24.9,85,12.7,16.96,3.2
BBSR-01,Bhubaneswar Zone 01,20.2961,85.8245,2024-10-18,28.1,32.1,24.6,84,11.3,17.4,1.4
BBSR-01,Bhubaneswar Zone 01,20.2961,85.8245,2024-10-19,27.3,32.0,24.6,86,10.7,17.21,45.9
BBSR-01,Bhubaneswar Zone 01,20.2961,85.8245,2024-10-20,26.4,30.5,24.2,90,10.7,13.24,3.3
BBSR-01,Bhubaneswar Zone 01,20.2961,85.8245,2024-10-21,27.4,31.7,24.4,78,13.9,18.44,0.2
BBSR-01,Bhubaneswar Zone 01,20.2961,85.8245,2024-10-22,27.3,31.6,23.3,74,14.8,20.19,0.0
BBSR-01,Bhubaneswar Zone 01,20.2961,85.8245,2024-10-23,27.1,31.5,23.4,75,21.6,16.9,11.1
BBSR-01,Bhubaneswar Zone 01,20.2961,85.8245,2024-10-24,25.1,26.6,24.3,88,34.1,3.59,54.3
BBSR-01,Bhubaneswar Zone 01,20.2961,85.8245,2024-10-25,25.4,27.4,24.0,86,31.3,5.14,7.3
BBSR-01,Bhubaneswar Zone 01,20.2961,85.8245,2024-10-26,24.6,26.1,23.2,91,14.7,5.72,28.8
BBSR-01,Bhubaneswar Zone 01,20.2961,85.8245,2024-10-27,25.7,29.6,22.4,91,9.8,14.44,2.7
BBSR-01,Bhubaneswar Zone 01,20.2961,85.8245,2024-10-28,25.8,29.0,24.0,92,12.6,12.22,6.8
BBSR-01,Bhubaneswar Zone 01,20.2961,85.8245,2024-10-29,26.2,29.6,23.5,90,11.8,13.59,0.8
BBSR-01,Bhubaneswar Zone 01,20.2961,85.8245,2024-10-30,26.9,30.4,23.8,85,8.6,15.6,2.4
BBSR-01,Bhubaneswar Zone 01,20.2961,85.8245,2024-10-31,27.0,31.8,22.5,82,10.0,18.67,0.0
BBSR-01,Bhubaneswar Zone 01,20.2961,85.8245,2024-11-01,25.9,29.1,23.6,90,17.1,9.25,34.2
BBSR-01,Bhubaneswar Zone 01,20.2961,85.8245,2024-11-02,26.2,31.6,22.3,82,10.0,18.61,0.0
BBSR-01,Bhubaneswar Zone 01,20.2961,85.8245,2024-11-03,25.8,31.2,21.0,75,9.9,18.94,0.0
BBSR-01,Bhubaneswar Zone 01,20.2961,85.8245,2024-11-04,25.5,30.6,21.4,78,8.0,18.47,0.0
BBSR-01,Bhubaneswar Zone 01,20.2961,85.8245,2024-11-05,24.8,29.4,21.4,86,12.5,15.52,3.8
BBSR-01,Bhubaneswar Zone 01,20.2961,85.8245,2024-11-06,25.4,29.0,22.5,84,18.4,16.13,1.0
BBSR-01,Bhubaneswar Zone 01,20.2961,85.8245,2024-11-07,25.6,30.3,22.2,82,10.5,17.39,0.1
BBSR-01,Bhubaneswar Zone 01,20.2961,85.8245,2024-11-08,25.6,30.3,22.2,81,12.4,17.44,0.0
BBSR-01,Bhubaneswar Zone 01,20.2961,85.8245,2024-11-09,25.3,30.1,22.1,79,11.5,17.95,0.0
BBSR-01,Bhubaneswar Zone 01,20.2961,85.8245,2024-11-10,24.9,29.9,21.6,78,16.5,18.31,0.0
BBSR-01,Bhubaneswar Zone 01,20.2961,85.8245,2024-11-11,24.9,28.7,21.8,77,14.7,8.7,0.2
BBSR-01,Bhubaneswar Zone 01,20.2961,85.8245,2024-11-12,25.0,29.2,22.8,85,15.9,14.32,1.3
BBSR-01,Bhubaneswar Zone 01,20.2961,85.8245,2024-11-13,26.0,31.2,22.3,74,13.7,16.6,0.0
BBSR-01,Bhubaneswar Zone 01,20.2961,85.8245,2024-11-14,25.9,30.9,22.3,67,12.9,17.51,0.0
BBSR-01,Bhubaneswar Zone 01,20.2961,85.8245,2024-11-15,25.1,30.2,20.6,67,8.0,17.69,0.0
BBSR-01,Bhubaneswar Zone 01,20.2961,85.8245,2024-11-16,23.9,29.4,19.0,62,11.9,18.05,0.0
BBSR-01,Bhubaneswar Zone 01,20.2961,85.8245,2024-11-17,23.6,29.5,18.4,62,10.6,17.92,0.0
BBSR-01,Bhubaneswar Zone 01,20.2961,85.8245,2024-11-18,23.8,29.6,18.7,57,9.3,17.8,0.0
BBSR-01,Bhubaneswar Zone 01,20.2961,85.8245,2024-11-19,23.6,29.4,18.1,56,9.8,17.69,0.0
BBSR-01,Bhubaneswar Zone 01,20.2961,85.8245,2024-11-20,23.3,29.2,18.1,59,8.9,16.57,0.0
BBSR-01,Bhubaneswar Zone 01,20.2961,85.8245,2024-11-21,23.3,29.3,17.9,62,9.0,17.36,0.0
BBSR-01,Bhubaneswar Zone 01,20.2961,85.8245,2024-11-22,23.2,28.9,18.2,66,8.9,17.31,0.0
BBSR-01,Bhubaneswar Zone 01,20.2961,85.8245,2024-11-23,23.3,28.9,18.0,68,10.2,17.13,0.0
BBSR-01,Bhubaneswar Zone 01,20.2961,85.8245,2024-11-24,22.9,28.7,18.5,69,7.1,16.75,0.0
BBSR-01,Bhubaneswar Zone 01,20.2961,85.8245,2024-11-25,22.2,28.2,17.8,69,11.3,15.78,0.0
BBSR-01,Bhubaneswar Zone 01,20.2961,85.8245,2024-11-26,22.1,28.0,17.6,68,10.1,16.69,0.0
BBSR-01,Bhubaneswar Zone 01,20.2961,85.8245,2024-11-27,21.9,27.7,17.9,67,14.4,15.81,0.0
BBSR-01,Bhubaneswar Zone 01,20.2961,85.8245,2024-11-28,23.0,28.0,18.3,64,19.1,14.34,0.0
BBSR-01,Bhubaneswar Zone 01,20.2961,85.8245,2024-11-29,23.0,26.1,20.8,73,21.5,7.53,5.3
BBSR-01,Bhubaneswar Zone 01,20.2961,85.8245,2024-11-30,23.5,27.6,20.8,78,17.7,10.56,1.6
BBSR-01,Bhubaneswar Zone 01,20.2961,85.8245,2024-12-01,24.1,29.3,20.7,73,14.7,13.96,0.5
BBSR-01,Bhubaneswar Zone 01,20.2961,85.8245,2024-12-02,24.1,28.4,21.3,76,13.4,11.84,0.2
BBSR-01,Bhubaneswar Zone 01,20.2961,85.8245,2024-12-03,24.1,28.6,20.7,74,11.8,12.21,0.0
BBSR-01,Bhubaneswar Zone 01,20.2961,85.8245,2024-12-04,24.7,29.9,20.9,74,10.2,15.38,0.0
BBSR-01,Bhubaneswar Zone 01,20.2961,85.8245,2024-12-05,24.5,30.1,20.1,75,10.1,15.57,0.0
BBSR-01,Bhubaneswar Zone 01,20.2961,85.8245,2024-12-06,24.9,30.1,21.0,78,11.0,14.85,0.1
BBSR-01,Bhubaneswar Zone 01,20.2961,85.8245,2024-12-07,24.1,29.0,20.1,83,9.9,13.45,0.3
BBSR-01,Bhubaneswar Zone 01,20.2961,85.8245,2024-12-08,23.1,26.8,20.7,87,9.8,8.08,3.6
BBSR-01,Bhubaneswar Zone 01,20.2961,85.8245,2024-12-09,23.9,28.7,20.8,84,11.9,11.61,3.9
BBSR-01,Bhubaneswar Zone 01,20.2961,85.8245,2024-12-10,23.7,28.3,20.9,83,10.3,12.56,1.2
BBSR-01,Bhubaneswar Zone 01,20.2961,85.8245,2024-12-11,21.8,26.9,18.2,69,14.5,15.37,0.0
BBSR-01,Bhubaneswar Zone 01,20.2961,85.8245,2024-12-12,20.3,25.7,16.1,68,11.3,16.16,0.0
BBSR-01,Bhubaneswar Zone 01,20.2961,85.8245,2024-12-13,20.1,25.9,15.9,67,12.0,16.05,0.0
BBSR-01,Bhubaneswar Zone 01,20.2961,85.8245,2024-12-14,19.7,25.9,15.3,62,14.4,16.21,0.0
BBSR-01,Bhubaneswar Zone 01,20.2961,85.8245,2024-12-15,18.9,24.9,14.2,58,12.9,16.42,0.0
BBSR-01,Bhubaneswar Zone 01,20.2961,85.8245,2024-12-16,18.8,25.6,13.6,61,13.2,16.44,0.0
BBSR-01,Bhubaneswar Zone 01,20.2961,85.8245,2024-12-17,20.9,27.6,15.2,65,11.2,14.08,0.0
BBSR-01,Bhubaneswar Zone 01,20.2961,85.8245,2024-12-18,22.8,28.6,17.7,66,12.6,12.74,0.0
BBSR-01,Bhubaneswar Zone 01,20.2961,85.8245,2024-12-19,23.4,27.4,19.8,61,15.7,9.31,0.0
BBSR-01,Bhubaneswar Zone 01,20.2961,85.8245,2024-12-20,21.3,24.9,18.0,76,13.9,6.74,8.8
BBSR-01,Bhubaneswar Zone 01,20.2961,85.8245,2024-12-21,19.4,21.2,18.2,94,15.4,3.44,61.8
BBSR-01,Bhubaneswar Zone 01,20.2961,85.8245,2024-12-22,21.2,26.0,16.9,80,12.6,12.67,0.0
BBSR-01,Bhubaneswar Zone 01,20.2961,85.8245,2024-12-23,22.0,25.4,18.5,70,14.4,7.42,0.0
BBSR-01,Bhubaneswar Zone 01,20.2961,85.8245,2024-12-24,21.4,24.7,19.3,75,12.3,5.22,1.6
BBSR-01,Bhubaneswar Zone 01,20.2961,85.8245,2024-12-25,20.6,24.3,18.4,88,11.2,6.54,10.6
BBSR-01,Bhubaneswar Zone 01,20.2961,85.8245,2024-12-26,22.3,27.3,18.6,77,10.5,12.7,0.3
BBSR-01,Bhubaneswar Zone 01,20.2961,85.8245,2024-12-27,22.6,28.5,19.2,65,13.7,15.47,0.0
BBSR-01,Bhubaneswar Zone 01,20.2961,85.8245,2024-12-28,21.9,28.4,16.9,68,7.4,15.63,0.0
BBSR-01,Bhubaneswar Zone 01,20.2961,85.8245,2024-12-29,22.8,28.9,17.5,75,8.7,15.3,0.0
BBSR-01,Bhubaneswar Zone 01,20.2961,85.8245,2024-12-30,23.0,28.6,19.0,78,9.5,14.88,0.0
BBSR-01,Bhubaneswar Zone 01,20.2961,85.8245,2024-12-31,21.4,26.8,17.7,78,12.3,14.99,0.0
BBSR-01,Bhubaneswar Zone 01,20.2961,85.8245,2025-01-01,19.8,24.7,16.1,78,10.3,16.02,0.0
BBSR-01,Bhubaneswar Zone 01,20.2961,85.8245,2025-01-02,19.0,24.6,14.8,72,12.5,16.2,0.0
BBSR-01,Bhubaneswar Zone 01,20.2961,85.8245,2025-01-03,18.7,24.7,14.6,75,10.5,16.25,0.0
BBSR-01,Bhubaneswar Zone 01,20.2961,85.8245,2025-01-04,18.8,24.8,14.1,75,9.9,16.34,0.0
BBSR-01,Bhubaneswar Zone 01,20.2961,85.8245,2025-01-05,19.7,26.0,14.6,79,9.0,16.1,0.0
BBSR-01,Bhubaneswar Zone 01,20.2961,85.8245,2025-01-06,20.5,26.9,15.0,76,8.9,15.67,0.0
BBSR-01,Bhubaneswar Zone 01,20.2961,85.8245,2025-01-07,21.3,27.4,16.5,72,10.6,16.39,0.0
BBSR-01,Bhubaneswar Zone 01,20.2961,85.8245,2025-01-08,20.4,26.3,16.1,70,11.5,16.61,0.0
BBSR-01,Bhubaneswar Zone 01,20.2961,85.8245,2025-01-09,19.3,25.5,15.4,76,10.3,16.56,0.0
BBSR-01,Bhubaneswar Zone 01,20.2961,85.8245,2025-01-10,18.7,25.0,13.8,79,10.9,16.54,0.0
BBSR-01,Bhubaneswar Zone 01,20.2961,85.8245,2025-01-11,18.9,25.8,13.9,76,11.5,16.71,0.0
BBSR-01,Bhubaneswar Zone 01,20.2961,85.8245,2025-01-12,19.4,25.9,14.7,74,8.1,16.63,0.0
BBSR-01,Bhubaneswar Zone 01,20.2961,85.8245,2025-01-13,20.3,27.5,13.8,75,5.6,16.42,0.0
BBSR-01,Bhubaneswar Zone 01,20.2961,85.8245,2025-01-14,21.5,28.2,16.9,78,13.5,15.93,0.0
BBSR-01,Bhubaneswar Zone 01,20.2961,85.8245,2025-01-15,21.2,26.8,17.1,72,13.0,15.97,0.0
BBSR-01,Bhubaneswar Zone 01,20.2961,85.8245,2025-01-16,20.0,25.5,15.9,69,12.9,17.07,0.0
BBSR-01,Bhubaneswar Zone 01,20.2961,85.8245,2025-01-17,19.7,25.9,15.1,66,13.6,17.46,0.0
BBSR-01,Bhubaneswar Zone 01,20.2961,85.8245,2025-01-18,20.2,26.3,15.3,69,12.1,17.19,0.0
BBSR-01,Bhubaneswar Zone 01,20.2961,85.8245,2025-01-19,20.7,27.5,15.3,71,8.8,17.47,0.0
BBSR-01,Bhubaneswar Zone 01,20.2961,85.8245,2025-01-20,20.9,27.9,15.5,72,10.0,17.6,0.0
BBSR-01,Bhubaneswar Zone 01,20.2961,85.8245,2025-01-21,21.5,29.1,15.0,68,7.7,17.79,0.0
BBSR-01,Bhubaneswar Zone 01,20.2961,85.8245,2025-01-22,22.3,29.9,15.8,73,10.2,17.74,0.0
BBSR-01,Bhubaneswar Zone 01,20.2961,85.8245,2025-01-23,23.5,30.6,18.7,79,13.2,17.01,0.0
BBSR-01,Bhubaneswar Zone 01,20.2961,85.8245,2025-01-24,23.4,29.9,19.6,81,14.5,16.29,0.0
BBSR-01,Bhubaneswar Zone 01,20.2961,85.8245,2025-01-25,23.6,29.7,19.4,79,10.2,16.21,0.0
BBSR-01,Bhubaneswar Zone 01,20.2961,85.8245,2025-01-26,23.2,28.5,19.5,81,10.9,14.14,0.5
BBSR-01,Bhubaneswar Zone 01,20.2961,85.8245,2025-01-27,22.7,28.5,18.8,79,10.1,16.06,0.0
BBSR-01,Bhubaneswar Zone 01,20.2961,85.8245,2025-01-28,23.6,29.9,19.2,80,16.3,16.4,0.0
BBSR-01,Bhubaneswar Zone 01,20.2961,85.8245,2025-01-29,24.2,30.0,19.7,79,16.1,15.45,0.1
BBSR-01,Bhubaneswar Zone 01,20.2961,85.8245,2025-01-30,24.2,30.6,19.9,79,18.8,15.44,0.0
BBSR-01,Bhubaneswar Zone 01,20.2961,85.8245,2025-01-31,25.6,32.6,21.1,78,15.1,16.97,0.0
BBSR-01,Bhubaneswar Zone 01,20.2961,85.8245,2025-02-01,26.1,33.4,22.0,78,12.7,17.58,0.0
BBSR-01,Bhubaneswar Zone 01,20.2961,85.8245,2025-02-02,26.7,33.7,22.4,72,12.9,18.01,0.0
BBSR-01,Bhubaneswar Zone 01,20.2961,85.8245,2025-02-03,26.0,33.0,20.3,75,13.3,18.05,0.0
BBSR-01,Bhubaneswar Zone 01,20.2961,85.8245,2025-02-04,26.4,32.0,22.7,80,13.3,17.61,0.0
BBSR-01,Bhubaneswar Zone 01,20.2961,85.8245,2025-02-05,27.3,33.7,23.8,76,14.8,17.5,0.0
BBSR-01,Bhubaneswar Zone 01,20.2961,85.8245,2025-02-06,26.8,32.9,21.8,69,12.3,17.56,0.0
BBSR-01,Bhubaneswar Zone 01,20.2961,85.8245,2025-02-07,25.3,31.2,20.8,68,13.3,17.82,0.0
BBSR-01,Bhubaneswar Zone 01,20.2961,85.8245,2025-02-08,24.6,31.0,20.1,72,13.9,18.64,0.0
BBSR-01,Bhubaneswar Zone 01,20.2961,85.8245,2025-02-09,24.5,30.9,19.2,71,10.0,18.88,0.0
BBSR-01,Bhubaneswar Zone 01,20.2961,85.8245,2025-02-10,25.4,32.5,20.2,74,17.3,19.4,0.0
BBSR-01,Bhubaneswar Zone 01,20.2961,85.8245,2025-02-11,26.4,33.9,21.5,72,14.3,19.0,0.0
BBSR-01,Bhubaneswar Zone 01,20.2961,85.8245,2025-02-12,27.5,34.9,22.4,69,15.6,18.77,0.0
BBSR-01,Bhubaneswar Zone 01,20.2961,85.8245,2025-02-13,27.3,33.8,22.2,60,13.3,20.02,0.0
BBSR-01,Bhubaneswar Zone 01,20.2961,85.8245,2025-02-14,25.6,32.2,20.6,58,13.7,20.39,0.0
BBSR-01,Bhubaneswar Zone 01,20.2961,85.8245,2025-02-15,25.1,32.3,19.6,61,11.2,20.49,0.0
BBSR-01,Bhubaneswar Zone 01,20.2961,85.8245,2025-02-16,26.0,33.9,20.2,65,15.2,20.57,0.0
BBSR-01,Bhubaneswar Zone 01,20.2961,85.8245,2025-02-17,26.6,33.7,22.2,71,16.4,19.88,0.0
BBSR-01,Bhubaneswar Zone 01,20.2961,85.8245,2025-02-18,26.7,33.4,22.2,74,16.6,18.71,0.0
BBSR-01,Bhubaneswar Zone 01,20.2961,85.8245,2025-02-19,26.9,33.6,23.1,75,14.6,18.86,0.3
BBSR-01,Bhubaneswar Zone 01,20.2961,85.8245,2025-02-20,26.8,32.8,22.9,71,17.8,18.58,1.1
BBSR-01,Bhubaneswar Zone 01,20.2961,85.8245,2025-02-21,26.2,33.9,21.1,74,16.9,19.03,0.1
BBSR-01,Bhubaneswar Zone 01,20.2961,85.8245,2025-02-22,26.5,32.7,22.2,77,13.6,18.09,1.1
BBSR-01,Bhubaneswar Zone 01,20.2961,85.8245,2025-02-23,25.6,32.0,20.8,76,15.0,19.19,0.1
BBSR-01,Bhubaneswar Zone 01,20.2961,85.8245,2025-02-24,25.9,31.5,22.1,77,13.5,18.59,0.2
BBSR-01,Bhubaneswar Zone 01,20.2961,85.8245,2025-02-25,25.7,31.8,20.0,76,12.9,18.87,1.1
BBSR-01,Bhubaneswar Zone 01,20.2961,85.8245,2025-02-26,25.6,31.0,20.8,74,13.2,18.89,0.2
BBSR-01,Bhubaneswar Zone 01,20.2961,85.8245,2025-02-27,26.0,32.6,20.4,71,16.6,19.89,0.0
BBSR-01,Bhubaneswar Zone 01,20.2961,85.8245,2025-02-28,26.5,33.6,20.7,72,14.8,20.83,0.0
BBSR-01,Bhubaneswar Zone 01,20.2961,85.8245,2025-03-01,27.3,35.1,22.6,67,15.9,21.45,0.0
BBSR-01,Bhubaneswar Zone 01,20.2961,85.8245,2025-03-02,28.2,37.0,22.2,67,16.5,21.04,0.0
BBSR-01,Bhubaneswar Zone 01,20.2961,85.8245,2025-03-03,28.6,36.4,22.7,67,13.0,20.66,0.0
BBSR-01,Bhubaneswar Zone 01,20.2961,85.8245,2025-03-04,28.6,35.8,24.4,64,14.9,21.27,0.0
BBSR-01,Bhubaneswar Zone 01,20.2961,85.8245,2025-03-05,28.6,34.7,23.7,57,10.9,21.25,0.0
BBSR-01,Bhubaneswar Zone 01,20.2961,85.8245,2025-03-06,25.9,32.5,21.1,34,14.1,23.01,0.0
BBSR-01,Bhubaneswar Zone 01,20.2961,85.8245,2025-03-07,25.6,33.4,18.8,57,15.1,22.9,0.0
BBSR-01,Bhubaneswar Zone 01,20.2961,85.8245,2025-03-08,27.1,35.3,21.3,68,15.7,22.49,0.0
BBSR-01,Bhubaneswar Zone 01,20.2961,85.8245,2025-03-09,27.2,34.5,22.3,72,19.8,21.12,0.0
BBSR-01,Bhubaneswar Zone 01,20.2961,85.8245,2025-03-10,26.7,34.4,20.8,68,14.6,21.31,0.0
BBSR-01,Bhubaneswar Zone 01,20.2961,85.8245,2025-03-11,27.5,35.4,21.8,60,20.0,22.56,0.0
BBSR-01,Bhubaneswar Zone 01,20.2961,85.8245,2025-03-12,28.4,37.1,21.8,60,18.0,22.52,0.0
BBSR-01,Bhubaneswar Zone 01,20.2961,85.8245,2025-03-13,30.0,39.2,23.8,60,17.7,22.24,0.0
BBSR-01,Bhubaneswar Zone 01,20.2961,85.8245,2025-03-14,30.2,38.1,25.3,69,18.9,21.42,0.0
BBSR-01,Bhubaneswar Zone 01,20.2961,85.8245,2025-03-15,30.4,40.2,25.0,67,19.1,21.7,0.0
BBSR-01,Bhubaneswar Zone 01,20.2961,85.8245,2025-03-16,30.4,39.3,24.7,61,20.8,21.92,0.0
BBSR-01,Bhubaneswar Zone 01,20.2961,85.8245,2025-03-17,30.5,38.2,24.7,57,18.6,21.64,0.0
BBSR-01,Bhubaneswar Zone 01,20.2961,85.8245,2025-03-18,29.7,36.1,24.6,64,15.2,22.15,0.0
BBSR-01,Bhubaneswar Zone 01,20.2961,85.8245,2025-03-19,29.1,35.3,24.8,75,16.3,21.29,0.6
BBSR-01,Bhubaneswar Zone 01,20.2961,85.8245,2025-03-20,29.1,36.4,24.7,67,19.3,22.91,0.0
BBSR-01,Bhubaneswar Zone 01,20.2961,85.8245,2025-03-21,28.2,34.5,24.1,71,23.9,22.39,0.3
BBSR-01,Bhubaneswar Zone 01,20.2961,85.8245,2025-03-22,23.8,26.5,21.5,86,14.7,9.55,7.9
BBSR-01,Bhubaneswar Zone 01,20.2961,85.8245,2025-03-23,25.0,31.8,20.7,78,19.7,19.19,46.9
BBSR-01,Bhubaneswar Zone 01,20.2961,85.8245,2025-03-24,25.8,33.3,20.1,77,16.4,21.45,2.2
BBSR-01,Bhubaneswar Zone 01,20.2961,85.8245,2025-03-25,27.4,34.4,21.9,71,14.3,22.97,0.0
BBSR-01,Bhubaneswar Zone 01,20.2961,85.8245,2025-03-26,28.6,36.4,23.2,72,17.2,23.33,0.0
BBSR-01,Bhubaneswar Zone 01,20.2961,85.8245,2025-03-27,29.5,37.8,24.2,68,16.2,24.2,0.0
BBSR-01,Bhubaneswar Zone 01,20.2961,85.8245,2025-03-28,30.2,39.2,23.2,64,15.5,24.32,0.0
BBSR-01,Bhubaneswar Zone 01,20.2961,85.8245,2025-03-29,30.2,38.4,24.3,73,15.7,22.96,0.0
BBSR-01,Bhubaneswar Zone 01,20.2961,85.8245,2025-03-30,29.6,36.1,25.8,80,17.4,22.62,0.0
BBSR-01,Bhubaneswar Zone 01,20.2961,85.8245,2025-03-31,29.4,35.5,25.7,76,18.4,23.72,0.0
BBSR-01,Bhubaneswar Zone 01,20.2961,85.8245,2025-04-01,29.2,34.9,25.5,72,17.0,23.9,0.0
BBSR-01,Bhubaneswar Zone 01,20.2961,85.8245,2025-04-02,28.8,34.4,25.0,72,16.0,23.78,0.1
BBSR-01,Bhubaneswar Zone 01,20.2961,85.8245,2025-04-03,28.6,35.6,23.7,72,16.1,24.34,0.0
BBSR-01,Bhubaneswar Zone 01,20.2961,85.8245,2025-04-04,29.2,35.9,23.6,70,11.5,20.26,0.1
BBSR-01,Bhubaneswar Zone 01,20.2961,85.8245,2025-04-05,30.4,38.3,23.9,62,18.9,23.03,0.0
BBSR-01,Bhubaneswar Zone 01,20.2961,85.8245,2025-04-06,30.7,38.6,25.1,68,19.2,23.36,0.0
BBSR-01,Bhubaneswar Zone 01,20.2961,85.8245,2025-04-07,29.9,36.8,25.7,72,18.2,22.14,0.0
BBSR-01,Bhubaneswar Zone 01,20.2961,85.8245,2025-04-08,29.2,35.1,25.3,71,17.7,21.68,0.1
BBSR-01,Bhubaneswar Zone 01,20.2961,85.8245,2025-04-09,28.4,33.9,23.9,71,19.0,22.1,0.8
BBSR-01,Bhubaneswar Zone 01,20.2961,85.8245,2025-04-10,28.7,33.9,24.1,70,15.3,21.57,1.1
BBSR-01,Bhubaneswar Zone 01,20.2961,85.8245,2025-04-11,29.1,35.7,23.5,69,16.3,23.67,0.0
BBSR-01,Bhubaneswar Zone 01,20.2961,85.8245,2025-04-12,29.4,37.1,25.6,76,16.8,21.48,3.2
BBSR-01,Bhubaneswar Zone 01,20.2961,85.8245,2025-04-13,30.2,38.6,25.3,70,17.5,22.68,0.1
BBSR-01,Bhubaneswar Zone 01,20.2961,85.8245,2025-04-14,29.4,34.9,25.6,73,14.1,21.68,1.5
BBSR-01,Bhubaneswar Zone 01,20.2961,85.8245,2025-04-15,28.0,33.5,23.7,77,16.3,20.55,6.6
BBSR-01,Bhubaneswar Zone 01,20.2961,85.8245,2025-04-16,28.3,34.7,23.1,76,20.6,22.41,0.0
BBSR-01,Bhubaneswar Zone 01,20.2961,85.8245,2025-04-17,29.9,34.9,26.2,72,19.4,22.03,1.6
BBSR-01,Bhubaneswar Zone 01,20.2961,85.8245,2025-04-18,30.3,35.7,27.4,73,22.5,21.69,0.4
BBSR-01,Bhubaneswar Zone 01,20.2961,85.8245,2025-04-19,30.9,36.9,27.2,72,18.5,24.3,0.0
BBSR-01,Bhubaneswar Zone 01,20.2961,85.8245,2025-04-20,32.0,38.9,27.9,74,19.2,23.88,0.4
BBSR-01,Bhubaneswar Zone 01,20.2961,85.8245,2025-04-21,31.6,37.1,27.8,75,19.5,24.29,0.0
BBSR-01,Bhubaneswar Zone 01,20.2961,85.8245,2025-04-22,31.6,38.2,27.1,74,20.3,24.89,0.0
BBSR-01,Bhubaneswar Zone 01,20.2961,85.8245,2025-04-23,32.1,39.6,27.2,71,20.8,24.26,0.0
BBSR-01,Bhubaneswar Zone 01,20.2961,85.8245,2025-04-24,32.0,38.3,27.9,72,24.3,24.38,0.0
BBSR-01,Bhubaneswar Zone 01,20.2961,85.8245,2025-04-25,31.6,37.0,28.1,72,20.0,24.94,0.0
BBSR-01,Bhubaneswar Zone 01,20.2961,85.8245,2025-04-26,30.9,36.1,27.7,72,23.3,23.39,0.0
BBSR-01,Bhubaneswar Zone 01,20.2961,85.8245,2025-04-27,30.8,36.7,27.3,66,21.4,20.34,0.0
BBSR-01,Bhubaneswar Zone 01,20.2961,85.8245,2025-04-28,29.1,35.7,23.8,75,14.5,21.93,9.9
BBSR-01,Bhubaneswar Zone 01,20.2961,85.8245,2025-04-29,28.2,33.6,23.4,78,14.7,21.5,2.3
BBSR-01,Bhubaneswar Zone 01,20.2961,85.8245,2025-04-30,28.2,32.9,22.7,75,13.4,22.98,0.1
BBSR-01,Bhubaneswar Zone 01,20.2961,85.8245,2025-05-01,28.0,33.6,21.2,75,14.3,23.31,8.8
BBSR-01,Bhubaneswar Zone 01,20.2961,85.8245,2025-05-02,27.2,33.2,21.2,74,16.9,24.65,0.2
BBSR-01,Bhubaneswar Zone 01,20.2961,85.8245,2025-05-03,28.6,34.5,24.3,76,13.5,22.92,8.7
BBSR-01,Bhubaneswar Zone 01,20.2961,85.8245,2025-05-04,28.1,34.0,23.3,76,17.8,25.05,0.0
BBSR-01,Bhubaneswar Zone 01,20.2961,85.8245,2025-05-05,29.6,35.2,25.4,75,16.2,23.57,0.0
BBSR-01,Bhubaneswar Zone 01,20.2961,85.8245,2025-05-06,30.2,36.2,26.4,77,16.2,23.1,1.0
BBSR-01,Bhubaneswar Zone 01,20.2961,85.8245,2025-05-07,30.5,36.5,26.6,76,15.8,23.43,0.3
BBSR-01,Bhubaneswar Zone 01,20.2961,85.8245,2025-05-08,30.8,36.6,26.6,74,15.7,23.66,0.0
BBSR-01,Bhubaneswar Zone 01,20.2961,85.8245,2025-05-09,31.1,37.3,26.3,72,14.2,24.2,0.0
BBSR-01,Bhubaneswar Zone 01,20.2961,85.8245,2025-05-10,31.3,38.1,26.4,68,15.0,25.26,0.0
BBSR-01,Bhubaneswar Zone 01,20.2961,85.8245,2025-05-11,31.5,38.8,26.2,67,16.4,25.22,0.0
BBSR-01,Bhubaneswar Zone 01,20.2961,85.8245,2025-05-12,32.0,39.2,27.2,73,15.3,24.01,0.1
BBSR-01,Bhubaneswar Zone 01,20.2961,85.8245,2025-05-13,31.5,37.0,28.1,76,16.9,23.1,0.0
BBSR-01,Bhubaneswar Zone 01,20.2961,85.8245,2025-05-14,31.7,36.6,28.4,76,18.5,22.28,0.3
BBSR-01,Bhubaneswar Zone 01,20.2961,85.8245,2025-05-15,31.7,36.9,28.1,75,16.4,22.99,0.1
BBSR-01,Bhubaneswar Zone 01,20.2961,85.8245,2025-05-16,31.5,37.0,28.4,76,15.6,22.61,2.0
BBSR-01,Bhubaneswar Zone 01,20.2961,85.8245,2025-05-17,30.8,36.1,27.9,76,20.0,22.53,0.6
BBSR-01,Bhubaneswar Zone 01,20.2961,85.8245,2025-05-18,30.1,33.6,26.7,76,18.1,19.42,2.0
BBSR-01,Bhubaneswar Zone 01,20.2961,85.8245,2025-05-19,30.6,34.8,27.0,74,14.2,21.99,2.6
BBSR-01,Bhubaneswar Zone 01,20.2961,85.8245,2025-05-20,30.3,34.0,27.4,76,23.1,22.21,0.4
BBSR-01,Bhubaneswar Zone 01,20.2961,85.8245,2025-05-21,29.8,33.4,26.6,78,17.1,14.8,3.8
BBSR-01,Bhubaneswar Zone 01,20.2961,85.8245,2025-05-22,28.9,33.2,26.0,83,10.1,16.39,4.9
BBSR-01,Bhubaneswar Zone 01,20.2961,85.8245,2025-05-23,28.9,33.3,25.8,82,10.1,20.1,4.9
BBSR-01,Bhubaneswar Zone 01,20.2961,85.8245,2025-05-24,27.7,32.0,25.3,88,11.4,15.56,23.9
BBSR-01,Bhubaneswar Zone 01,20.2961,85.8245,2025-05-25,27.6,32.5,25.9,90,12.8,11.73,18.1
BBSR-01,Bhubaneswar Zone 01,20.2961,85.8245,2025-05-26,28.5,33.0,25.3,85,12.8,19.9,14.9
BBSR-01,Bhubaneswar Zone 01,20.2961,85.8245,2025-05-27,28.0,31.5,26.2,88,19.2,10.55,8.4
BBSR-01,Bhubaneswar Zone 01,20.2961,85.8245,2025-05-28,27.5,32.0,25.4,90,20.5,11.62,47.6
BBSR-01,Bhubaneswar Zone 01,20.2961,85.8245,2025-05-29,28.9,32.6,25.9,83,20.3,10.55,21.8
BBSR-01,Bhubaneswar Zone 01,20.2961,85.8245,2025-05-30,30.4,35.7,25.8,80,15.1,19.94,0.5
BBSR-01,Bhubaneswar Zone 01,20.2961,85.8245,2025-05-31,30.2,34.0,27.8,82,13.3,19.13,3.8
BBSR-01,Bhubaneswar Zone 01,20.2961,85.8245,2025-06-01,31.8,37.0,27.5,72,13.5,21.76,0.0
BBSR-01,Bhubaneswar Zone 01,20.2961,85.8245,2025-06-02,32.1,37.8,27.7,60,19.4,24.53,0.0
BBSR-01,Bhubaneswar Zone 01,20.2961,85.8245,2025-06-03,31.2,35.6,26.2,71,16.9,21.55,2.8
BBSR-01,Bhubaneswar Zone 01,20.2961,85.8245,2025-06-04,31.5,36.8,27.6,73,12.4,24.16,0.2
BBSR-01,Bhubaneswar Zone 01,20.2961,85.8245,2025-06-05,29.9,35.0,25.0,77,13.5,22.6,4.3
BBSR-01,Bhubaneswar Zone 01,20.2961,85.8245,2025-06-06,30.3,35.3,27.4,80,12.4,22.74,3.5
BBSR-01,Bhubaneswar Zone 01,20.2961,85.8245,2025-06-07,30.5,36.1,26.2,75,9.3,24.04,0.0
BBSR-01,Bhubaneswar Zone 01,20.2961,85.8245,2025-06-08,30.6,35.4,27.1,77,9.1,17.14,0.0
BBSR-01,Bhubaneswar Zone 01,20.2961,85.8245,2025-06-09,30.0,36.3,27.0,85,9.9,19.63,10.1
BBSR-01,Bhubaneswar Zone 01,20.2961,85.8245,2025-06-10,29.0,33.3,25.8,83,12.6,22.07,7.4
BBSR-01,Bhubaneswar Zone 01,20.2961,85.8245,2025-06-11,29.1,32.3,26.5,81,16.1,21.33,3.2
BBSR-01,Bhubaneswar Zone 01,20.2961,85.8245,2025-06-12,28.5,31.4,26.6,84,14.9,15.6,10.9
BBSR-01,Bhubaneswar Zone 01,20.2961,85.8245,2025-06-13,29.4,32.9,26.8,82,10.6,19.63,2.1
BBSR-01,Bhubaneswar Zone 01,20.2961,85.8245,2025-06-14,30.2,33.9,27.1,79,17.1,22.42,0.8
BBSR-01,Bhubaneswar Zone 01,20.2961,85.8245,2025-06-15,28.8,31.9,26.3,86,13.9,15.4,7.1
BBSR-01,Bhubaneswar Zone 01,20.2961,85.8245,2025-06-16,27.1,28.6,25.8,94,9.9,6.5,18.9
BBSR-01,Bhubaneswar Zone 01,20.2961,85.8245,2025-06-17,28.1,30.9,26.6,88,15.7,11.28,10.4
BBSR-01,Bhubaneswar Zone 01,20.2961,85.8245,2025-06-18,27.7,30.2,25.5,88,19.7,8.94,11.9
BBSR-01,Bhubaneswar Zone 01,20.2961,85.8245,2025-06-19,28.4,30.8,26.4,82,20.9,9.66,1.3
BBSR-01,Bhubaneswar Zone 01,20.2961,85.8245,2025-06-20,29.7,32.8,27.1,80,16.2,14.65,0.5
BBSR-01,Bhubaneswar Zone 01,20.2961,85.8245,2025-06-21,30.7,35.0,27.7,76,12.5,21.64,1.0
BBSR-01,Bhubaneswar Zone 01,20.2961,85.8245,2025-06-22,29.8,34.1,26.9,80,11.1,17.68,3.5
BBSR-01,Bhubaneswar Zone 01,20.2961,85.8245,2025-06-23,27.7,30.0,26.3,87,10.4,9.85,19.3
BBSR-01,Bhubaneswar Zone 01,20.2961,85.8245,2025-06-24,28.2,32.0,26.3,85,15.1,17.84,18.0
BBSR-01,Bhubaneswar Zone 01,20.2961,85.8245,2025-06-25,27.2,29.1,25.6,92,14.0,9.87,31.3
BBSR-01,Bhubaneswar Zone 01,20.2961,85.8245,2025-06-26,27.6,32.0,25.2,88,17.8,15.4,18.4
BBSR-01,Bhubaneswar Zone 01,20.2961,85.8245,2025-06-27,27.8,30.6,25.4,89,17.0,8.99,21.0
BBSR-01,Bhubaneswar Zone 01,20.2961,85.8245,2025-06-28,28.1,30.1,26.7,84,18.4,10.93,7.5
BBSR-01,Bhubaneswar Zone 01,20.2961,85.8245,2025-06-29,27.6,30.2,25.3,79,19.9,10.4,5.7
BBSR-01,Bhubaneswar Zone 01,20.2961,85.8245,2025-06-30,27.0,29.7,25.5,85,17.9,12.62,13.2
BBSR-01,Bhubaneswar Zone 01,20.2961,85.8245,2025-07-01,26.9,30.7,24.7,89,18.1,14.19,29.0
BBSR-01,Bhubaneswar Zone 01,20.2961,85.8245,2025-07-02,27.2,31.0,25.5,90,12.7,15.36,13.0
BBSR-01,Bhubaneswar Zone 01,20.2961,85.8245,2025-07-03,27.5,32.2,24.7,88,15.3,16.04,17.6
BBSR-01,Bhubaneswar Zone 01,20.2961,85.8245,2025-07-04,27.3,29.7,25.7,91,15.3,12.05,17.1
BBSR-01,Bhubaneswar Zone 01,20.2961,85.8245,2025-07-05,27.0,29.5,25.6,91,16.6,8.85,16.5
BBSR-01,Bhubaneswar Zone 01,20.2961,85.8245,2025-07-06,27.0,32.1,25.2,89,18.1,15.89,24.7
BBSR-01,Bhubaneswar Zone 01,20.2961,85.8245,2025-07-07,27.4,31.4,25.4,87,18.0,12.54,10.3
BBSR-01,Bhubaneswar Zone 01,20.2961,85.8245,2025-07-08,27.8,31.6,25.9,80,17.1,15.12,4.9
BBSR-01,Bhubaneswar Zone 01,20.2961,85.8245,2025-07-09,28.1,31.2,25.5,77,19.5,16.19,0.6
BBSR-01,Bhubaneswar Zone 01,20.2961,85.8245,2025-07-10,28.5,32.1,25.8,80,14.5,20.13,5.6
BBSR-01,Bhubaneswar Zone 01,20.2961,85.8245,2025-07-11,28.5,32.2,25.9,86,12.4,19.28,9.0
BBSR-01,Bhubaneswar Zone 01,20.2961,85.8245,2025-07-12,29.5,33.8,26.8,82,14.6,19.38,11.4
BBSR-01,Bhubaneswar Zone 01,20.2961,85.8245,2025-07-13,28.4,32.3,26.2,86,12.6,13.14,21.7
BBSR-01,Bhubaneswar Zone 01,20.2961,85.8245,2025-07-14,27.4,30.3,26.1,92,14.8,9.91,21.3
BBSR-01,Bhubaneswar Zone 01,20.2961,85.8245,2025-07-15,29.0,33.3,25.2,84,15.5,20.03,9.5
BBSR-01,Bhubaneswar Zone 01,20.2961,85.8245,2025-07-16,28.7,30.8,27.2,90,13.5,14.49,16.4
BBSR-01,Bhubaneswar Zone 01,20.2961,85.8245,2025-07-17,29.1,32.2,26.7,85,17.6,21.29,5.8
BBSR-01,Bhubaneswar Zone 01,20.2961,85.8245,2025-07-18,29.3,32.3,26.4,84,10.6,20.21,3.1
BBSR-01,Bhubaneswar Zone 01,20.2961,85.8245,2025-07-19,29.3,33.1,26.9,86,11.2,22.82,10.6
BBSR-01,Bhubaneswar Zone 01,20.2961,85.8245,2025-07-20,28.8,33.1,26.5,86,9.9,22.02,3.0
BBSR-01,Bhubaneswar Zone 01,20.2961,85.8245,2025-07-21,28.7,32.3,25.9,85,12.4,20.95,5.2
BBSR-01,Bhubaneswar Zone 01,20.2961,85.8245,2025-07-22,28.9,32.5,25.9,85,13.1,20.91,1.8
BBSR-01,Bhubaneswar Zone 01,20.2961,85.8245,2025-07-23,28.6,32.9,26.1,87,11.2,20.62,10.4
BBSR-01,Bhubaneswar Zone 01,20.2961,85.8245,2025-07-24,27.9,32.1,26.0,87,20.9,12.83,16.1
BBSR-01,Bhubaneswar Zone 01,20.2961,85.8245,2025-07-25,26.6,27.6,25.2,95,16.0,3.68,26.3
BBSR-01,Bhubaneswar Zone 01,20.2961,85.8245,2025-07-26,28.6,32.2,26.0,83,23.9,19.61,3.7
BBSR-01,Bhubaneswar Zone 01,20.2961,85.8245,2025-07-27,29.3,33.3,26.5,81,17.2,22.25,0.8
BBSR-01,Bhubaneswar Zone 01,20.2961,85.8245,2025-07-28,29.1,31.9,26.7,80,17.5,16.59,0.1
BBSR-01,Bhubaneswar Zone 01,20.2961,85.8245,2025-07-29,27.3,29.2,26.1,89,19.0,9.51,16.3
BBSR-01,Bhubaneswar Zone 01,20.2961,85.8245,2025-07-30,27.8,31.6,25.3,87,16.5,14.5,10.3
BBSR-01,Bhubaneswar Zone 01,20.2961,85.8245,2025-07-31,28.7,32.8,26.2,84,13.9,16.55,1.4
BBSR-01,Bhubaneswar Zone 01,20.2961,85.8245,2025-08-01,29.7,33.4,26.4,78,17.6,22.22,1.0
BBSR-01,Bhubaneswar Zone 01,20.2961,85.8245,2025-08-02,29.8,34.1,25.8,79,14.5,23.52,6.1
BBSR-01,Bhubaneswar Zone 01,20.2961,85.8245,2025-08-03,28.6,31.1,25.9,87,16.6,15.81,15.3
BBSR-01,Bhubaneswar Zone 01,20.2961,85.8245,2025-08-04,29.6,32.7,26.8,83,15.3,18.49,1.1
BBSR-01,Bhubaneswar Zone 01,20.2961,85.8245,2025-08-05,29.6,33.1,27.3,83,13.7,21.53,4.2
BBSR-01,Bhubaneswar Zone 01,20.2961,85.8245,2025-08-06,28.8,33.7,26.4,86,15.4,15.97,6.8
BBSR-01,Bhubaneswar Zone 01,20.2961,85.8245,2025-08-07,28.4,31.9,26.4,87,12.4,15.54,19.3
BBSR-01,Bhubaneswar Zone 01,20.2961,85.8245,2025-08-08,27.0,30.0,24.9,88,19.2,10.1,10.5
BBSR-01,Bhubaneswar Zone 01,20.2961,85.8245,2025-08-09,27.9,32.0,24.4,87,13.5,18.83,4.9
BBSR-01,Bhubaneswar Zone 01,20.2961,85.8245,2025-08-10,28.8,32.5,25.6,83,16.1,23.38,5.7
BBSR-01,Bhubaneswar Zone 01,20.2961,85.8245,2025-08-11,28.8,33.0,25.9,86,9.9,21.77,5.8
BBSR-01,Bhubaneswar Zone 01,20.2961,85.8245,2025-08-12,29.1,33.1,25.8,83,11.5,21.71,9.2
BBSR-01,Bhubaneswar Zone 01,20.2961,85.8245,2025-08-13,28.4,32.1,26.1,83,15.5,20.05,11.0
BBSR-01,Bhubaneswar Zone 01,20.2961,85.8245,2025-08-14,27.7,30.7,25.0,85,13.1,15.81,4.6
BBSR-01,Bhubaneswar Zone 01,20.2961,85.8245,2025-08-15,27.9,32.0,25.4,86,13.6,17.96,4.7
BBSR-01,Bhubaneswar Zone 01,20.2961,85.8245,2025-08-16,28.0,31.8,25.2,84,18.6,20.72,6.4
BBSR-01,Bhubaneswar Zone 01,20.2961,85.8245,2025-08-17,27.5,30.7,25.4,86,22.2,17.73,24.2
BBSR-01,Bhubaneswar Zone 01,20.2961,85.8245,2025-08-18,27.0,30.2,24.9,87,25.1,16.36,7.8
BBSR-01,Bhubaneswar Zone 01,20.2961,85.8245,2025-08-19,27.5,29.8,25.4,87,17.3,14.49,6.6
BBSR-01,Bhubaneswar Zone 01,20.2961,85.8245,2025-08-20,28.4,31.6,25.3,84,16.7,17.4,1.1
BBSR-01,Bhubaneswar Zone 01,20.2961,85.8245,2025-08-21,27.6,29.4,26.0,89,16.7,10.43,6.1
BBSR-01,Bhubaneswar Zone 01,20.2961,85.8245,2025-08-22,26.4,28.0,25.2,94,16.7,6.0,38.0
BBSR-01,Bhubaneswar Zone 01,20.2961,85.8245,2025-08-23,27.5,30.4,25.3,87,20.0,12.91,15.8
BBSR-01,Bhubaneswar Zone 01,20.2961,85.8245,2025-08-24,27.4,29.2,25.9,84,17.2,12.5,0.9
BBSR-01,Bhubaneswar Zone 01,20.2961,85.8245,2025-08-25,26.4,29.2,25.3,92,9.6,9.23,22.4
BBSR-01,Bhubaneswar Zone 01,20.2961,85.8245,2025-08-26,27.4,31.7,24.6,86,15.3,21.77,20.7
BBSR-01,Bhubaneswar Zone 01,20.2961,85.8245,2025-08-27,26.8,29.9,24.8,89,15.4,12.96,24.7
BBSR-01,Bhubaneswar Zone 01,20.2961,85.8245,2025-08-28,27.6,30.7,24.6,85,20.3,19.62,11.9
BBSR-01,Bhubaneswar Zone 01,20.2961,85.8245,2025-08-29,28.3,30.8,25.8,82,20.6,16.62,3.6
BBSR-01,Bhubaneswar Zone 01,20.2961,85.8245,2025-08-30,27.7,29.6,25.9,87,15.2,13.62,12.6
BBSR-01,Bhubaneswar Zone 01,20.2961,85.8245,2025-08-31,27.1,31.7,25.2,91,9.0,17.82,9.9
BBSR-01,Bhubaneswar Zone 01,20.2961,85.8245,2025-09-01,27.9,31.9,25.0,88,12.9,19.32,1.3
BBSR-01,Bhubaneswar Zone 01,20.2961,85.8245,2025-09-02,26.4,29.8,24.4,92,10.0,10.24,30.7
BBSR-01,Bhubaneswar Zone 01,20.2961,85.8245,2025-09-03,25.5,26.4,24.8,96,17.5,4.0,80.7
BBSR-01,Bhubaneswar Zone 01,20.2961,85.8245,2025-09-04,27.4,30.9,25.2,91,8.4,15.49,8.9
BBSR-01,Bhubaneswar Zone 01,20.2961,85.8245,2025-09-05,27.6,30.1,25.2,90,11.0,12.97,12.4
BBSR-01,Bhubaneswar Zone 01,20.2961,85.8245,2025-09-06,27.1,30.4,25.1,92,8.3,13.13,9.8
BBSR-01,Bhubaneswar Zone 01,20.2961,85.8245,2025-09-07,27.5,31.8,24.8,88,14.6,20.9,5.5
BBSR-01,Bhubaneswar Zone 01,20.2961,85.8245,2025-09-08,28.0,31.9,24.8,87,13.2,20.85,3.8
BBSR-01,Bhubaneswar Zone 01,20.2961,85.8245,2025-09-09,28.5,32.1,24.8,86,12.0,21.36,1.3
BBSR-01,Bhubaneswar Zone 01,20.2961,85.8245,2025-09-10,28.7,33.2,25.6,86,14.1,20.72,6.7
BBSR-01,Bhubaneswar Zone 01,20.2961,85.8245,2025-09-11,28.2,30.9,25.7,89,14.8,18.23,5.6
BBSR-01,Bhubaneswar Zone 01,20.2961,85.8245,2025-09-12,27.5,31.5,25.3,88,16.3,18.41,4.9
BBSR-01,Bhubaneswar Zone 01,20.2961,85.8245,2025-09-13,27.6,30.6,25.5,88,13.1,15.16,13.5
BBSR-01,Bhubaneswar Zone 01,20.2961,85.8245,2025-09-14,27.7,30.7,25.7,87,12.9,14.36,10.0
BBSR-01,Bhubaneswar Zone 01,20.2961,85.8245,2025-09-15,27.7,31.1,25.4,87,13.5,14.76,7.5
BBSR-01,Bhubaneswar Zone 01,20.2961,85.8245,2025-09-16,26.9,29.9,25.3,91,14.7,11.83,17.3
BBSR-01,Bhubaneswar Zone 01,20.2961,85.8245,2025-09-17,28.3,32.4,25.9,83,14.8,19.51,5.6
BBSR-01,Bhubaneswar Zone 01,20.2961,85.8245,2025-09-18,29.0,33.2,25.7,80,11.8,21.88,0.3
BBSR-01,Bhubaneswar Zone 01,20.2961,85.8245,2025-09-19,29.3,33.4,26.2,83,10.2,20.26,0.5
BBSR-01,Bhubaneswar Zone 01,20.2961,85.8245,2025-09-20,28.6,33.3,25.8,86,10.7,16.44,8.1
BBSR-01,Bhubaneswar Zone 01,20.2961,85.8245,2025-09-21,27.9,33.3,25.7,88,13.5,17.95,9.7
BBSR-01,Bhubaneswar Zone 01,20.2961,85.8245,2025-09-22,27.6,32.7,25.1,89,15.4,16.64,7.4
BBSR-01,Bhubaneswar Zone 01,20.2961,85.8245,2025-09-23,26.6,30.0,25.3,92,15.4,12.53,22.6
BBSR-01,Bhubaneswar Zone 01,20.2961,85.8245,2025-09-24,26.9,30.4,24.7,89,7.6,14.16,5.8
BBSR-01,Bhubaneswar Zone 01,20.2961,85.8245,2025-09-25,27.3,32.0,25.0,90,15.9,18.77,12.4
BBSR-01,Bhubaneswar Zone 01,20.2961,85.8245,2025-09-26,26.1,27.5,25.0,94,17.5,6.84,21.5
BBSR-01,Bhubaneswar Zone 01,20.2961,85.8245,2025-09-27,26.8,29.5,25.0,90,18.1,12.58,8.4
BBSR-01,Bhubaneswar Zone 01,20.2961,85.8245,2025-09-28,27.1,30.2,24.8,89,17.2,14.49,8.9
BBSR-01,Bhubaneswar Zone 01,20.2961,85.8245,2025-09-29,27.1,31.9,24.9,89,14.4,16.94,8.1
BBSR-01,Bhubaneswar Zone 01,20.2961,85.8245,2025-09-30,28.3,32.4,24.9,85,8.6,20.65,0.7
BBSR-01,Bhubaneswar Zone 01,20.2961,85.8245,2025-10-01,28.2,33.4,25.4,84,19.9,19.62,2.9
BBSR-01,Bhubaneswar Zone 01,20.2961,85.8245,2025-10-02,26.5,29.9,24.6,90,26.8,9.81,41.1
BBSR-01,Bhubaneswar Zone 01,20.2961,85.8245,2025-10-03,28.5,31.2,26.0,83,25.2,17.24,2.7
BBSR-01,Bhubaneswar Zone 01,20.2961,85.8245,2025-10-04,28.1,31.8,25.0,87,18.6,17.28,4.2
BBSR-01,Bhubaneswar Zone 01,20.2961,85.8245,2025-10-05,26.8,29.1,25.0,92,14.5,13.89,8.9
BBSR-01,Bhubaneswar Zone 01,20.2961,85.8245,2025-10-06,26.4,31.0,24.3,89,10.8,14.82,17.6
BBSR-01,Bhubaneswar Zone 01,20.2961,85.8245,2025-10-07,26.9,31.1,25.1,91,10.0,14.54,4.1
BBSR-01,Bhubaneswar Zone 01,20.2961,85.8245,2025-10-08,26.4,30.0,24.6,91,7.4,13.67,5.1
BBSR-01,Bhubaneswar Zone 01,20.2961,85.8245,2025-10-09,26.9,31.4,24.9,89,10.2,17.22,11.4
BBSR-01,Bhubaneswar Zone 01,20.2961,85.8245,2025-10-10,26.9,31.6,24.9,87,10.8,18.41,3.5
BBSR-01,Bhubaneswar Zone 01,20.2961,85.8245,2025-10-11,27.1,30.7,24.8,85,13.2,18.29,1.4
BBSR-01,Bhubaneswar Zone 01,20.2961,85.8245,2025-10-12,27.2,31.0,24.3,81,17.4,18.66,0.8
BBSR-01,Bhubaneswar Zone 01,20.2961,85.8245,2025-10-13,26.2,30.9,24.1,86,15.7,15.39,7.1
BBSR-01,Bhubaneswar Zone 01,20.2961,85.8245,2025-10-14,27.4,31.7,24.2,77,12.4,19.81,0.2
BBSR-01,Bhubaneswar Zone 01,20.2961,85.8245,2025-10-15,27.4,31.8,24.1,75,13.2,20.94,0.0
BBSR-01,Bhubaneswar Zone 01,20.2961,85.8245,2025-10-16,27.3,31.8,24.0,77,8.9,20.28,0.0
BBSR-01,Bhubaneswar Zone 01,20.2961,85.8245,2025-10-17,27.0,31.5,22.9,74,11.5,20.69,0.0
BBSR-01,Bhubaneswar Zone 01,20.2961,85.8245,2025-10-18,26.8,31.5,23.9,80,12.6,18.93,1.5
BBSR-01,Bhubaneswar Zone 01,20.2961,85.8245,2025-10-19,26.4,29.9,24.0,87,16.8,15.83,6.7
BBSR-01,Bhubaneswar Zone 01,20.2961,85.8245,2025-10-20,26.7,31.2,24.9,88,12.1,15.17,6.3
BBSR-01,Bhubaneswar Zone 01,20.2961,85.8245,2025-10-21,27.7,32.0,24.4,80,19.4,18.4,1.1
BBSR-01,Bhubaneswar Zone 01,20.2961,85.8245,2025-10-22,27.8,31.9,24.5,78,17.1,17.99,0.5
BBSR-01,Bhubaneswar Zone 01,20.2961,85.8245,2025-10-23,27.7,32.2,24.5,80,12.7,18.13,0.8
BBSR-01,Bhubaneswar Zone 01,20.2961,85.8245,2025-10-24,27.3,32.5,24.4,81,12.7,18.43,0.1
BBSR-01,Bhubaneswar Zone 01,20.2961,85.8245,2025-10-25,26.8,31.9,23.9,85,14.8,16.96,2.6
BBSR-01,Bhubaneswar Zone 01,20.2961,85.8245,2025-10-26,27.8,32.1,24.7,79,12.5,17.86,0.1
BBSR-01,Bhubaneswar Zone 01,20.2961,85.8245,2025-10-27,27.2,31.0,24.7,82,16.2,16.64,8.7
BBSR-01,Bhubaneswar Zone 01,20.2961,85.8245,2025-10-28,25.7,29.7,23.6,90,21.5,11.47,20.7
BBSR-01,Bhubaneswar Zone 01,20.2961,85.8245,2025-10-29,26.0,28.7,24.4,91,19.6,12.37,19.1
BBSR-01,Bhubaneswar Zone 01,20.2961,85.8245,2025-10-30,26.4,29.7,24.3,88,17.5,14.77,6.5
BBSR-01,Bhubaneswar Zone 01,20.2961,85.8245,2025-10-31,27.8,31.5,24.9,82,14.8,17.34,0.3
BBSR-01,Bhubaneswar Zone 01,20.2961,85.8245,2025-11-01,27.7,31.9,25.5,85,13.2,16.02,10.0
BBSR-01,Bhubaneswar Zone 01,20.2961,85.8245,2025-11-02,27.5,31.1,24.4,84,11.3,16.37,0.5
BBSR-01,Bhubaneswar Zone 01,20.2961,85.8245,2025-11-03,26.6,30.7,23.4,78,9.0,17.04,0.2
BBSR-01,Bhubaneswar Zone 01,20.2961,85.8245,2025-11-04,25.7,30.9,21.4,65,12.8,17.11,0.0
BBSR-01,Bhubaneswar Zone 01,20.2961,85.8245,2025-11-05,24.8,30.7,20.0,64,10.1,19.16,0.0
BBSR-01,Bhubaneswar Zone 01,20.2961,85.8245,2025-11-06,25.8,31.7,21.3,67,8.2,18.69,0.0
BBSR-01,Bhubaneswar Zone 01,20.2961,85.8245,2025-11-07,26.0,31.2,21.7,70,13.3,18.48,0.0
BBSR-01,Bhubaneswar Zone 01,20.2961,85.8245,2025-11-08,25.2,30.3,21.3,66,13.5,18.66,0.0
BBSR-01,Bhubaneswar Zone 01,20.2961,85.8245,2025-11-09,23.8,29.4,19.5,65,8.8,18.75,0.0
BBSR-01,Bhubaneswar Zone 01,20.2961,85.8245,2025-11-10,23.7,29.3,18.8,61,11.1,18.78,0.0
BBSR-01,Bhubaneswar Zone 01,20.2961,85.8245,2025-11-11,23.8,29.7,18.7,60,9.0,18.61,0.0
BBSR-01,Bhubaneswar Zone 01,20.2961,85.8245,2025-11-12,23.1,28.6,18.2,59,10.5,18.6,0.0
BBSR-01,Bhubaneswar Zone 01,20.2961,85.8245,2025-11-13,22.9,28.5,17.6,59,11.3,18.58,0.0
BBSR-01,Bhubaneswar Zone 01,20.2961,85.8245,2025-11-14,22.9,28.5,17.9,60,11.0,18.43,0.0
BBSR-01,Bhubaneswar Zone 01,20.2961,85.8245,2025-11-15,22.4,28.1,18.1,59,14.8,18.4,0.0
BBSR-01,Bhubaneswar Zone 01,20.2961,85.8245,2025-11-16,22.1,28.1,17.6,56,14.7,18.42,0.0
BBSR-01,Bhubaneswar Zone 01,20.2961,85.8245,2025-11-17,22.0,27.6,17.5,58,13.1,18.22,0.0
BBSR-01,Bhubaneswar Zone 01,20.2961,85.8245,2025-11-18,22.6,28.2,17.6,61,10.1,17.96,0.0
BBSR-01,Bhubaneswar Zone 01,20.2961,85.8245,2025-11-19,23.6,29.7,18.0,63,9.7,17.43,0.0
BBSR-01,Bhubaneswar Zone 01,20.2961,85.8245,2025-11-20,25.5,30.3,22.0,60,13.7,16.58,0.0
BBSR-01,Bhubaneswar Zone 01,20.2961,85.8245,2025-11-21,25.3,30.8,20.7,67,13.0,17.01,0.0
BBSR-01,Bhubaneswar Zone 01,20.2961,85.8245,2025-11-22,25.2,30.9,20.3,73,9.6,16.24,0.0
BBSR-01,Bhubaneswar Zone 01,20.2961,85.8245,2025-11-23,25.2,30.7,20.9,74,8.3,15.29,0.0
BBSR-01,Bhubaneswar Zone 01,20.2961,85.8245,2025-11-24,24.1,29.0,20.5,71,11.4,16.24,0.0
BBSR-01,Bhubaneswar Zone 01,20.2961,85.8245,2025-11-25,22.9,28.0,19.3,67,13.5,16.73,0.0
BBSR-01,Bhubaneswar Zone 01,20.2961,85.8245,2025-11-26,21.8,27.2,18.0,63,15.8,16.89,0.0
BBSR-01,Bhubaneswar Zone 01,20.2961,85.8245,2025-11-27,21.3,26.7,16.6,59,13.9,17.13,0.0
BBSR-01,Bhubaneswar Zone 01,20.2961,85.8245,2025-11-28,22.2,28.2,17.1,67,11.2,16.09,0.0
BBSR-01,Bhubaneswar Zone 01,20.2961,85.8245,2025-11-29,23.3,29.0,18.7,68,10.0,15.49,0.0
BBSR-01,Bhubaneswar Zone 01,20.2961,85.8245,2025-11-30,23.2,28.3,19.2,65,10.5,15.62,0.0
BBSR-01,Bhubaneswar Zone 01,20.2961,85.8245,2025-12-01,22.1,25.7,18.4,66,11.1,7.17,0.1
BBSR-01,Bhubaneswar Zone 01,20.2961,85.8245,2025-12-02,23.7,28.4,20.3,69,10.9,12.89,0.0
BBSR-01,Bhubaneswar Zone 01,20.2961,85.8245,2025-12-03,23.3,28.3,18.9,69,10.3,14.82,0.0
BBSR-01,Bhubaneswar Zone 01,20.2961,85.8245,2025-12-04,22.5,27.7,18.4,64,14.3,16.16,0.0
BBSR-01,Bhubaneswar Zone 01,20.2961,85.8245,2025-12-05,21.7,27.2,17.3,58,15.7,16.41,0.0
BBSR-01,Bhubaneswar Zone 01,20.2961,85.8245,2025-12-06,20.8,26.7,16.3,58,11.7,16.33,0.0
BBSR-01,Bhubaneswar Zone 01,20.2961,85.8245,2025-12-07,20.7,26.6,15.9,57,10.1,16.13,0.0
BBSR-01,Bhubaneswar Zone 01,20.2961,85.8245,2025-12-08,21.0,27.0,15.5,60,8.7,15.94,0.0
BBSR-01,Bhubaneswar Zone 01,20.2961,85.8245,2025-12-09,21.2,27.1,16.1,62,11.5,15.81,0.0
BBSR-01,Bhubaneswar Zone 01,20.2961,85.8245,2025-12-10,21.0,26.9,16.2,64,11.7,15.99,0.0
BBSR-01,Bhubaneswar Zone 01,20.2961,85.8245,2025-12-11,20.7,27.0,15.2,57,8.6,16.4,0.0
BBSR-01,Bhubaneswar Zone 01,20.2961,85.8245,2025-12-12,20.6,27.0,15.2,62,6.6,16.21,0.0
BBSR-01,Bhubaneswar Zone 01,20.2961,85.8245,2025-12-13,21.0,26.9,15.7,65,10.2,15.97,0.0
BBSR-01,Bhubaneswar Zone 01,20.2961,85.8245,2025-12-14,20.9,26.8,16.2,65,10.5,15.88,0.0
BBSR-01,Bhubaneswar Zone 01,20.2961,85.8245,2025-12-15,21.2,27.4,16.1,68,7.9,15.85,0.0
BBSR-01,Bhubaneswar Zone 01,20.2961,85.8245,2025-12-16,21.3,27.5,16.1,72,7.2,15.67,0.0
BBSR-01,Bhubaneswar Zone 01,20.2961,85.8245,2025-12-17,21.1,27.2,16.3,72,8.4,15.84,0.0
BBSR-01,Bhubaneswar Zone 01,20.2961,85.8245,2025-12-18,21.0,26.7,16.0,65,8.8,15.68,0.0
BBSR-01,Bhubaneswar Zone 01,20.2961,85.8245,2025-12-19,20.9,26.8,15.8,64,7.1,15.76,0.0
BBSR-01,Bhubaneswar Zone 01,20.2961,85.8245,2025-12-20,20.9,26.3,16.3,67,8.3,15.43,0.0
BBSR-01,Bhubaneswar Zone 01,20.2961,85.8245,2025-12-21,20.4,26.4,15.6,67,9.9,15.36,0.0
BBSR-01,Bhubaneswar Zone 01,20.2961,85.8245,2025-12-22,20.1,25.9,15.4,69,11.5,15.7,0.0
BBSR-01,Bhubaneswar Zone 01,20.2961,85.8245,2025-12-23,20.4,26.5,15.3,73,8.2,15.67,0.0
BBSR-01,Bhubaneswar Zone 01,20.2961,85.8245,2025-12-24,20.7,27.4,14.7,76,6.9,14.71,0.0
BBSR-01,Bhubaneswar Zone 01,20.2961,85.8245,2025-12-25,20.0,25.9,16.1,76,11.8,15.43,0.0
BBSR-01,Bhubaneswar Zone 01,20.2961,85.8245,2025-12-26,19.3,25.0,15.2,76,10.7,15.79,0.0
BBSR-01,Bhubaneswar Zone 01,20.2961,85.8245,2025-12-27,19.4,25.5,14.6,74,9.6,15.83,0.0
BBSR-01,Bhubaneswar Zone 01,20.2961,85.8245,2025-12-28,19.5,25.6,14.4,72,8.6,16.03,0.0
BBSR-01,Bhubaneswar Zone 01,20.2961,85.8245,2025-12-29,19.3,25.4,14.8,75,9.7,16.06,0.0
BBSR-01,Bhubaneswar Zone 01,20.2961,85.8245,2025-12-30,18.8,25.3,14.0,79,10.4,16.02,0.0
BBSR-01,Bhubaneswar Zone 01,20.2961,85.8245,2025-12-31,18.7,24.9,14.6,84,10.2,14.24,0.0
BBSR-02,Bhubaneswar Zone 02,20.355,85.818,2024-01-01,20.5,26.1,15.5,77,9.2,15.85,0.0
BBSR-02,Bhubaneswar Zone 02,20.355,85.818,2024-01-02,20.3,26.4,15.2,80,11.3,15.49,0.0
BBSR-02,Bhubaneswar Zone 02,20.355,85.818,2024-01-03,20.1,26.2,15.6,73,11.0,16.07,0.0
BBSR-02,Bhubaneswar Zone 02,20.355,85.818,2024-01-04,20.0,27.0,14.4,74,10.5,16.12,0.0
BBSR-02,Bhubaneswar Zone 02,20.355,85.818,2024-01-05,20.5,27.5,15.0,73,10.9,16.22,0.0
BBSR-02,Bhubaneswar Zone 02,20.355,85.818,2024-01-06,20.8,27.8,14.6,72,9.4,16.43,0.0
BBSR-02,Bhubaneswar Zone 02,20.355,85.818,2024-01-07,20.8,27.7,14.4,70,13.8,16.09,0.0
BBSR-02,Bhubaneswar Zone 02,20.355,85.818,2024-01-08,21.3,28.0,16.2,73,14.0,16.03,0.0
BBSR-02,Bhubaneswar Zone 02,20.355,85.818,2024-01-09,21.0,27.3,15.7,76,12.5,16.04,0.0
BBSR-02,Bhubaneswar Zone 02,20.355,85.818,2024-01-10,22.3,29.1,16.2,78,15.7,15.34,0.0
BBSR-02,Bhubaneswar Zone 02,20.355,85.818,2024-01-11,23.6,29.1,20.0,78,12.1,15.56,0.0
BBSR-02,Bhubaneswar Zone 02,20.355,85.818,2024-01-12,21.2,26.4,17.6,72,13.2,16.43,0.0
BBSR-02,Bhubaneswar Zone 02,20.355,85.818,2024-01-13,20.0,26.2,14.4,69,16.8,16.81,0.0
BBSR-02,Bhubaneswar Zone 02,20.355,85.818,2024-01-14,20.9,27.6,14.8,76,8.6,16.29,0.0
BBSR-02,Bhubaneswar Zone 02,20.355,85.818,2024-01-15,21.3,28.1,15.9,77,11.2,15.32,0.0
BBSR-02,Bhubaneswar Zone 02,20.355,85.818,2024-01-16,22.0,27.2,18.1,80,13.4,13.83,0.5
BBSR-02,Bhubaneswar Zone 02,20.355,85.818,2024-01-17,21.7,26.3,18.5,87,11.9,10.76,3.9
BBSR-02,Bhubaneswar Zone 02,20.355,85.818,2024-01-18,22.7,27.8,18.7,83,21.2,13.06,0.5
BBSR-02,Bhubaneswar Zone 02,20.355,85.818,2024-01-19,21.9,26.7,18.6,78,14.5,13.86,0.1
BBSR-02,Bhubaneswar Zone 02,20.355,85.818,2024-01-20,21.2,26.4,17.6,80,12.6,13.92,0.0
BBSR-02,Bhubaneswar Zone 02,20.355,85.818,2024-01-21,21.1,26.2,17.9,88,7.9,9.88,7.2
BBSR-02,Bhubaneswar Zone 02,20.355,85.818,2024-01-22,20.4,24.7,16.1,72,15.6,11.42,0.6
BBSR-02,Bhubaneswar Zone 02,20.355,85.818,2024-01-23,20.9,27.5,15.2,67,14.5,13.97,1.6
BBSR-02,Bhubaneswar Zone 02,20.355,85.818,2024-01-24,19.9,23.2,17.4,88,15.5,6.46,19.0
BBSR-02,Bhubaneswar Zone 02,20.355,85.818,2024-01-25,19.4,23.9,16.0,83,14.3,11.7,0.7
BBSR-02,Bhubaneswar Zone 02,20.355,85.818,2024-01-26,19.4,25.4,15.4,75,11.2,17.38,0.0
BBSR-02,Bhubaneswar Zone 02,20.355,85.818,2024-01-27,19.2,25.3,13.7,75,8.9,17.73,0.0
BBSR-02,Bhubaneswar Zone 02,20.355,85.818,2024-01-28,19.7,26.3,14.3,77,12.2,17.99,0.0
BBSR-02,Bhubaneswar Zone 02,20.355,85.818,2024-01-29,20.7,27.4,14.4,77,10.5,17.42,0.0
BBSR-02,Bhubaneswar Zone 02,20.355,85.818,2024-01-30,22.5,28.6,16.8,78,14.6,16.23,0.0
BBSR-02,Bhubaneswar Zone 02,20.355,85.818,2024-01-31,23.3,29.3,19.5,75,14.9,16.1,0.0
BBSR-02,Bhubaneswar Zone 02,20.355,85.818,2024-02-01,23.9,30.0,19.6,78,19.5,17.19,0.0
BBSR-02,Bhubaneswar Zone 02,20.355,85.818,2024-02-02,23.1,29.0,18.7,85,15.7,13.93,0.7
BBSR-02,Bhubaneswar Zone 02,20.355,85.818,2024-02-03,23.4,29.5,19.1,81,12.0,17.12,0.0
BBSR-02,Bhubaneswar Zone 02,20.355,85.818,2024-02-04,24.0,30.0,19.1,78,11.6,16.9,0.4
BBSR-02,Bhubaneswar Zone 02,20.355,85.818,2024-02-05,24.3,30.7,18.1,78,14.3,18.66,0.0
BBSR-02,Bhubaneswar Zone 02,20.355,85.818,2024-02-06,26.1,32.5,22.0,79,18.3,17.88,0.0
BBSR-02,Bhubaneswar Zone 02,20.355,85.818,2024-02-07,25.0,29.9,21.2,80,17.9,15.54,0.0
BBSR-02,Bhubaneswar Zone 02,20.355,85.818,2024-02-08,23.9,28.9,20.1,75,18.1,14.14,0.1
BBSR-02,Bhubaneswar Zone 02,20.355,85.818,2024-02-09,21.6,26.9,17.6,64,15.6,18.99,0.0
BBSR-02,Bhubaneswar Zone 02,20.355,85.818,2024-02-10,21.0,27.3,15.2,64,10.8,19.6,0.0
BBSR-02,Bhubaneswar Zone 02,20.355,85.818,2024-02-11,22.9,29.2,17.8,66,14.5,19.31,0.0
BBSR-02,Bhubaneswar Zone 02,20.355,85.818,2024-02-12,23.6,30.8,17.9,67,15.6,18.92,0.0
BBSR-02,Bhubaneswar Zone 02,20.355,85.818,2024-02-13,23.6,31.5,17.9,73,14.7,18.85,0.0
BBSR-02,Bhubaneswar Zone 02,20.355,85.818,2024-02-14,23.6,31.4,17.5,76,15.3,18.7,0.0
BBSR-02,Bhubaneswar Zone 02,20.355,85.818,2024-02-15,24.2,31.4,18.4,78,18.3,17.52,2.5
BBSR-02,Bhubaneswar Zone 02,20.355,85.818,2024-02-16,24.6,31.5,18.4,66,11.9,19.72,0.0
BBSR-02,Bhubaneswar Zone 02,20.355,85.818,2024-02-17,25.1,32.2,19.9,72,14.4,19.11,0.0
BBSR-02,Bhubaneswar Zone 02,20.355,85.818,2024-02-18,26.0,32.7,20.7,74,15.7,18.13,0.3
BBSR-02,Bhubaneswar Zone 02,20.355,85.818,2024-02-19,26.2,33.1,20.6,74,16.2,18.6,0.0
BBSR-02,Bhubaneswar Zone 02,20.355,85.818,2024-02-20,27.3,35.1,21.5,66,15.9,18.15,0.0
BBSR-02,Bhubaneswar Zone 02,20.355,85.818,2024-02-21,27.7,35.5,21.5,55,20.5,18.47,0.0
BBSR-02,Bhubaneswar Zone 02,20.355,85.818,2024-02-22,27.5,32.9,23.4,65,24.4,17.66,0.5
BBSR-02,Bhubaneswar Zone 02,20.355,85.818,2024-02-23,26.3,31.1,22.6,71,18.7,19.0,0.1
BBSR-02,Bhubaneswar Zone 02,20.355,85.818,2024-02-24,24.1,28.2,21.3,83,13.4,13.19,5.6
BBSR-02,Bhubaneswar Zone 02,20.355,85.818,2024-02-25,24.1,30.1,21.2,84,17.6,15.55,5.3
BBSR-02,Bhubaneswar Zone 02,20.355,85.818,2024-02-26,25.0,31.3,20.0,71,13.7,19.81,0.0
BBSR-02,Bhubaneswar Zone 02,20.355,85.818,2024-02-27,25.3,31.6,20.0,66,17.1,20.6,2.5
BBSR-02,Bhubaneswar Zone 02,20.355,85.818,2024-02-28,26.6,33.0,21.2,67,11.2,20.18,0.1
BBSR-02,Bhubaneswar Zone 02,20.355,85.818,2024-02-29,26.7,33.1,21.0,71,12.5,20.14,0.0
BBSR-02,Bhubaneswar Zone 02,20.355,85.818,2024-03-01,27.3,33.9,23.4,74,14.1,20.03,0.0
BBSR-02,Bhubaneswar Zone 02,20.355,85.818,2024-03-02,27.3,34.4,21.6,71,16.2,20.98,0.0
BBSR-02,Bhubaneswar Zone 02,20.355,85.818,2024-03-03,27.6,33.8,22.7,71,17.1,20.88,0.0
BBSR-02,Bhubaneswar Zone 02,20.355,85.818,2024-03-04,27.6,34.1,22.9,75,18.2,19.11,1.2
BBSR-02,Bhubaneswar Zone 02,20.355,85.818,2024-03-05,27.8,34.4,22.2,72,18.1,20.17,0.2
BBSR-02,Bhubaneswar Zone 02,20.355,85.818,2024-03-06,26.8,34.3,23.2,81,14.8,18.89,5.0
BBSR-02,Bhubaneswar Zone 02,20.355,85.818,2024-03-07,26.8,34.0,23.5,81,14.2,16.8,6.0
BBSR-02,Bhubaneswar Zone 02,20.355,85.818,2024-03-08,25.9,32.0,22.6,80,12.0,18.38,0.7
BBSR-02,Bhubaneswar Zone 02,20.355,85.818,2024-03-09,26.3,32.7,20.7,65,16.7,21.3,0.0
BBSR-02,Bhubaneswar Zone 02,20.355,85.818,2024-03-10,26.8,33.6,21.1,68,16.6,20.55,0.0
BBSR-02,Bhubaneswar Zone 02,20.355,85.818,2024-03-11,27.4,33.5,22.1,74,17.3,20.78,0.3
BBSR-02,Bhubaneswar Zone 02,20.355,85.818,2024-03-12,29.2,35.7,23.6,72,18.0,20.26,0.5
BBSR-02,Bhubaneswar Zone 02,20.355,85.818,2024-03-13,29.5,36.1,25.0,74,20.9,19.2,0.0
BBSR-02,Bhubaneswar Zone 02,20.355,85.818,2024-03-14,29.6,36.6,25.9,71,20.4,19.35,0.1
BBSR-02,Bhubaneswar Zone 02,20.355,85.818,2024-03-15,28.7,36.6,24.5,76,18.1,19.85,4.0
BBSR-02,Bhubaneswar Zone 02,20.355,85.818,2024-03-16,28.4,34.2,24.4,76,15.9,20.45,0.4
BBSR-02,Bhubaneswar Zone 02,20.355,85.818,2024-03-17,28.1,33.5,23.1,75,10.5,19.41,1.0
BBSR-02,Bhubaneswar Zone 02,20.355,85.818,2024-03-18,28.3,33.4,23.1,75,15.8,17.73,11.0
BBSR-02,Bhubaneswar Zone 02,20.355,85.818,2024-03-19,24.6,28.3,22.0,84,19.9,9.35,13.3
BBSR-02,Bhubaneswar Zone 02,20.355,85.818,2024-03-20,21.5,25.0,19.4,80,17.7,7.12,22.6
BBSR-02,Bhubaneswar Zone 02,20.355,85.818,2024-03-21,23.5,29.7,16.8,76,15.5,21.68,0.9
BBSR-02,Bhubaneswar Zone 02,20.355,85.818,2024-03-22,26.7,32.5,21.3,78,16.6,21.49,0.3
BBSR-02,Bhubaneswar Zone 02,20.355,85.818,2024-03-23,28.0,35.1,21.3,73,19.1,23.17,0.0
BBSR-02,Bhubaneswar Zone 02,20.355,85.818,2024-03-24,28.5,34.9,23.8,75,20.9,22.31,1.0
BBSR-02,Bhubaneswar Zone 02,20.355,85.818,2024-03-25,29.1,36.0,24.0,67,16.7,21.02,0.1
BBSR-02,Bhubaneswar Zone 02,20.355,85.818,2024-03-26,28.9,35.4,23.8,59,19.5,22.18,0.0
BBSR-02,Bhubaneswar Zone 02,20.355,85.818,2024-03-27,29.6,36.3,24.0,63,18.7,23.04,0.0
BBSR-02,Bhubaneswar Zone 02,20.355,85.818,2024-03-28,29.7,37.4,23.6,70,18.6,22.67,0.0
BBSR-02,Bhubaneswar Zone 02,20.355,85.818,2024-03-29,30.2,37.7,23.7,68,21.3,22.69,0.0
BBSR-02,Bhubaneswar Zone 02,20.355,85.818,2024-03-30,30.4,37.8,24.7,66,19.8,21.3,0.0
BBSR-02,Bhubaneswar Zone 02,20.355,85.818,2024-03-31,30.1,36.4,24.7,66,19.1,20.65,0.0
BBSR-02,Bhubaneswar Zone 02,20.355,85.818,2024-04-01,31.0,38.1,25.4,61,20.5,22.76,0.3
BBSR-02,Bhubaneswar Zone 02,20.355,85.818,2024-04-02,31.0,37.9,25.9,69,19.5,23.26,0.0
BBSR-02,Bhubaneswar Zone 02,20.355,85.818,2024-04-03,30.8,37.3,24.5,73,17.7,23.16,0.0
BBSR-02,Bhubaneswar Zone 02,20.355,85.818,2024-04-04,31.0,37.4,25.4,75,17.6,22.06,0.0
BBSR-02,Bhubaneswar Zone 02,20.355,85.818,2024-04-05,32.3,41.0,26.0,64,20.9,23.18,0.0
BBSR-02,Bhubaneswar Zone 02,20.355,85.818,2024-04-06,31.7,39.4,25.6,69,18.7,23.15,0.0
BBSR-02,Bhubaneswar Zone 02,20.355,85.818,2024-04-07,29.9,38.2,24.8,74,16.7,21.09,18.2
BBSR-02,Bhubaneswar Zone 02,20.355,85.818,2024-04-08,27.5,33.0,24.4,65,24.0,23.23,0.0
BBSR-02,Bhubaneswar Zone 02,20.355,85.818,2024-04-09,28.9,35.9,23.9,55,24.3,22.29,0.0
BBSR-02,Bhubaneswar Zone 02,20.355,85.818,2024-04-10,29.2,36.0,23.3,59,9.5,21.53,0.0
BBSR-02,Bhubaneswar Zone 02,20.355,85.818,2024-04-11,26.0,28.7,23.2,73,24.8,11.58,0.2
BBSR-02,Bhubaneswar Zone 02,20.355,85.818,2024-04-12,27.2,33.0,22.1,67,13.5,17.23,0.0
BBSR-02,Bhubaneswar Zone 02,20.355,85.818,2024-04-13,29.3,36.1,22.5,57,11.8,23.63,0.0
BBSR-02,Bhubaneswar Zone 02,20.355,85.818,2024-04-14,30.5,37.0,24.1,58,12.7,23.77,0.0
BBSR-02,Bhubaneswar Zone 02,20.355,85.818,2024-04-15,31.6,38.7,25.0,55,17.7,24.15,0.0
BBSR-02,Bhubaneswar Zone 02,20.355,85.818,2024-04-16,32.8,39.5,26.5,57,15.5,24.06,0.0
BBSR-02,Bhubaneswar Zone 02,20.355,85.818,2024-04-17,33.6,40.9,27.4,53,18.2,23.84,0.0
BBSR-02,Bhubaneswar Zone 02,20.355,85.818,2024-04-18,33.2,41.3,26.9,51,18.7,25.56,0.0
BBSR-02,Bhubaneswar Zone 02,20.355,85.818,2024-04-19,32.2,41.3,24.9,58,22.5,25.81,0.0
BBSR-02,Bhubaneswar Zone 02,20.355,85.818,2024-04-20,32.5,40.0,26.5,67,20.2,23.72,0.0
BBSR-02,Bhubaneswar Zone 02,20.355,85.818,2024-04-21,33.4,40.6,26.6,61,22.7,23.43,0.3
BBSR-02,Bhubaneswar Zone 02,20.355,85.818,2024-04-22,33.7,39.7,27.9,49,25.3,22.32,0.0
BBSR-02,Bhubaneswar Zone 02,20.355,85.818,2024-04-23,32.7,39.1,27.2,43,15.8,24.51,0.0
BBSR-02,Bhubaneswar Zone 02,20.355,85.818,2024-04-24,32.5,39.7,27.1,53,29.8,23.22,0.4
BBSR-02,Bhubaneswar Zone 02,20.355,85.818,2024-04-25,33.2,41.1,26.4,54,18.3,23.75,0.0
BBSR-02,Bhubaneswar Zone 02,20.355,85.818,2024-04-26,32.8,40.7,27.2,66,19.6,24.34,1.2
BBSR-02,Bhubaneswar Zone 02,20.355,85.818,2024-04-27,32.8,40.4,27.4,65,17.8,24.74,0.4
BBSR-02,Bhubaneswar Zone 02,20.355,85.818,2024-04-28,33.4,40.8,27.3,58,14.8,24.47,0.0
BBSR-02,Bhubaneswar Zone 02,20.355,85.818,2024-04-29,33.7,41.1,27.5,59,19.3,24.09,0.0
BBSR-02,Bhubaneswar Zone 02,20.355,85.818,2024-04-30,34.0,41.6,28.4,51,23.5,24.2,0.0
BBSR-02,Bhubaneswar Zone 02,20.355,85.818,2024-05-01,33.5,40.0,29.3,61,22.9,22.57,1.4
BBSR-02,Bhubaneswar Zone 02,20.355,85.818,2024-05-02,32.6,39.2,28.1,70,19.6,23.46,0.0
BBSR-02,Bhubaneswar Zone 02,20.355,85.818,2024-05-03,32.4,39.3,26.5,70,19.8,24.97,0.0
BBSR-02,Bhubaneswar Zone 02,20.355,85.818,2024-05-04,32.2,38.1,27.6,72,21.2,22.99,0.0
BBSR-02,Bhubaneswar Zone 02,20.355,85.818,2024-05-05,31.9,38.4,27.3,73,28.2,24.85,0.0
BBSR-02,Bhubaneswar Zone 02,20.355,85.818,2024-05-06,31.7,37.7,28.3,76,27.8,20.33,0.1
BBSR-02,Bhubaneswar Zone 02,20.355,85.818,2024-05-07,29.8,35.5,27.6,74,32.1,18.21,3.8
BBSR-02,Bhubaneswar Zone 02,20.355,85.818,2024-05-08,29.6,35.2,26.4,75,18.7,20.89,14.3
BBSR-02,Bhubaneswar Zone 02,20.355,85.818,2024-05-09,30.4,35.0,27.0,73,23.0,20.65,0.5
BBSR-02,Bhubaneswar Zone 02,20.355,85.818,2024-05-10,30.5,35.4,26.9,73,22.1,23.27,1.2
BBSR-02,Bhubaneswar Zone 02,20.355,85.818,2024-05-11,31.3,36.1,27.7,74,19.9,23.9,2.4
BBSR-02,Bhubaneswar Zone 02,20.355,85.818,2024-05-12,30.0,35.6,27.1,78,20.1,22.55,14.4
BBSR-02,Bhubaneswar Zone 02,20.355,85.818,2024-05-13,30.4,37.4,27.2,74,13.8,23.45,1.2
BBSR-02,Bhubaneswar Zone 02,20.355,85.818,2024-05-14,30.0,34.6,26.1,76,16.6,23.2,1.1
BBSR-02,Bhubaneswar Zone 02,20.355,85.818,2024-05-15,30.9,36.6,25.6,69,18.6,24.51,0.0
BBSR-02,Bhubaneswar Zone 02,20.355,85.818,2024-05-16,30.9,35.4,27.7,71,17.3,17.58,1.1
BBSR-02,Bhubaneswar Zone 02,20.355,85.818,2024-05-17,32.0,37.7,27.9,68,17.3,22.45,0.2
BBSR-02,Bhubaneswar Zone 02,20.355,85.818,2024-05-18,31.6,36.6,28.1,73,16.6,19.43,1.6
BBSR-02,Bhubaneswar Zone 02,20.355,85.818,2024-05-19,31.3,35.1,28.3,71,15.2,21.81,0.4
BBSR-02,Bhubaneswar Zone 02,20.355,85.818,2024-05-20,31.8,36.0,28.9,71,19.0,22.76,0.3
BBSR-02,Bhubaneswar Zone 02,20.355,85.818,2024-05-21,31.4,36.9,28.1,73,18.1,21.94,0.5
BBSR-02,Bhubaneswar Zone 02,20.355,85.818,2024-05-22,31.4,36.3,28.0,73,20.1,22.86,0.2
BBSR-02,Bhubaneswar Zone 02,20.355,85.818,2024-05-23,31.3,36.3,27.0,70,15.9,23.77,0.6
BBSR-02,Bhubaneswar Zone 02,20.355,85.818,2024-05-24,30.8,34.8,27.4,72,19.3,18.59,0.6
BBSR-02,Bhubaneswar Zone 02,20.355,85.818,2024-05-25,31.2,34.8,28.1,73,21.4,20.39,8.4
BBSR-02,Bhubaneswar Zone 02,20.355,85.818,2024-05-26,30.1,34.5,28.1,78,18.2,7.44,18.9
BBSR-02,Bhubaneswar Zone 02,20.355,85.818,2024-05-27,31.7,36.5,28.0,75,21.9,15.97,0.3
BBSR-02,Bhubaneswar Zone 02,20.355,85.818,2024-05-28,33.0,38.3,29.9,76,25.5,23.97,0.0
BBSR-02,Bhubaneswar Zone 02,20.355,85.818,2024-05-29,33.0,37.4,29.9,75,26.3,24.67,0.0
BBSR-02,Bhubaneswar Zone 02,20.355,85.818,2024-05-30,32.6,37.2,29.8,76,27.2,23.88,0.1
BBSR-02,Bhubaneswar Zone 02,20.355,85.818,2024-05-31,32.4,37.1,29.9,77,25.3,22.04,0.1
BBSR-02,Bhubaneswar Zone 02,20.355,85.818,2024-06-01,32.0,35.6,29.3,76,23.8,18.57,0.0
BBSR-02,Bhubaneswar Zone 02,20.355,85.818,2024-06-02,31.3,36.7,28.2,77,24.2,19.32,25.0
BBSR-02,Bhubaneswar Zone 02,20.355,85.818,2024-06-03,30.7,35.5,27.6,74,21.7,20.97,0.0
BBSR-02,Bhubaneswar Zone 02,20.355,85.818,2024-06-04,31.0,38.0,28.3,79,17.1,20.5,13.0
BBSR-02,Bhubaneswar Zone 02,20.355,85.818,2024-06-05,32.0,36.6,28.2,70,15.1,24.3,0.3
BBSR-02,Bhubaneswar Zone 02,20.355,85.818,2024-06-06,32.4,38.9,27.5,69,25.8,24.72,6.8
BBSR-02,Bhubaneswar Zone 02,20.355,85.818,2024-06-07,31.8,37.6,28.1,71,20.7,24.28,0.0
BBSR-02,Bhubaneswar Zone 02,20.355,85.818,2024-06-08,31.7,37.8,27.4,70,23.6,24.89,0.0
BBSR-02,Bhubaneswar Zone 02,20.355,85.818,2024-06-09,32.3,38.7,27.8,68,23.2,24.76,0.0
BBSR-02,Bhubaneswar Zone 02,20.355,85.818,2024-06-10,31.9,38.2,27.4,67,23.7,25.42,0.0
BBSR-02,Bhubaneswar Zone 02,20.355,85.818,2024-06-11,31.5,37.7,27.5,71,23.8,24.8,0.0
BBSR-02,Bhubaneswar Zone 02,20.355,85.818,2024-06-12,31.7,39.5,28.0,73,21.4,23.0,10.7
BBSR-02,Bhubaneswar Zone 02,20.355,85.818,2024-06-13,32.3,38.5,28.6,71,23.8,22.1,0.0
BBSR-02,Bhubaneswar Zone 02,20.355,85.818,2024-06-14,32.6,38.0,28.5,65,22.1,20.46,0.0
BBSR-02,Bhubaneswar Zone 02,20.355,85.818,2024-06-15,33.3,39.9,28.9,66,21.5,24.34,0.0
BBSR-02,Bhubaneswar Zone 02,20.355,85.818,2024-06-16,31.7,37.0,27.9,72,18.0,21.7,5.6
BBSR-02,Bhubaneswar Zone 02,20.355,85.818,2024-06-17,31.0,37.2,29.1,77,24.6,15.69,17.1
BBSR-02,Bhubaneswar Zone 02,20.355,85.818,2024-06-18,30.8,35.7,28.9,79,24.0,13.28,13.0
BBSR-02,Bhubaneswar Zone 02,20.355,85.818,2024-06-19,31.8,37.0,28.4,73,24.6,21.72,3.7
BBSR-02,Bhubaneswar Zone 02,20.355,85.818,2024-06-20,31.2,35.4,28.6,74,15.0,19.93,2.0
BBSR-02,Bhubaneswar Zone 02,20.355,85.818,2024-06-21,29.1,34.0,27.1,81,11.9,19.77,5.9
BBSR-02,Bhubaneswar Zone 02,20.355,85.818,2024-06-22,29.1,33.3,26.4,81,14.1,19.9,2.9
BBSR-02,Bhubaneswar Zone 02,20.355,85.818,2024-06-23,30.0,33.6,27.0,78,19.9,21.05,0.4
BBSR-02,Bhubaneswar Zone 02,20.355,85.818,2024-06-24,30.4,34.2,27.9,76,18.0,22.42,0.3
BBSR-02,Bhubaneswar Zone 02,20.355,85.818,2024-06-25,30.2,35.1,27.9,78,16.6,22.64,6.4
BBSR-02,Bhubaneswar Zone 02,20.355,85.818,2024-06-26,29.3,33.9,27.1,83,14.9,20.16,10.5
BBSR-02,Bhubaneswar Zone 02,20.355,85.818,2024-06-27,28.4,32.0,26.4,86,20.7,18.02,14.2
BBSR-02,Bhubaneswar Zone 02,20.355,85.818,2024-06-28,29.0,33.4,26.9,85,15.5,18.24,2.3
BBSR-02,Bhubaneswar Zone 02,20.355,85.818,2024-06-29,28.6,33.1,26.3,86,17.7,16.22,27.2
BBSR-02,Bhubaneswar Zone 02,20.355,85.818,2024-06-30,28.1,31.6,26.2,88,16.4,13.18,24.3
BBSR-02,Bhubaneswar Zone 02,20.355,85.818,2024-07-01,28.5,31.7,26.6,83,18.9,14.32,3.6
BBSR-02,Bhubaneswar Zone 02,20.355,85.818,2024-07-02,28.9,31.8,26.7,84,16.3,12.11,1.6
BBSR-02,Bhubaneswar Zone 02,20.355,85.818,2024-07-03,28.0,30.3,26.8,89,14.9,7.35,16.9
BBSR-02,Bhubaneswar Zone 02,20.355,85.818,2024-07-04,28.6,32.7,26.8,87,20.3,18.09,17.2
BBSR-02,Bhubaneswar Zone 02,20.355,85.818,2024-07-05,28.9,32.2,26.9,85,20.0,16.4,1.9
BBSR-02,Bhubaneswar Zone 02,20.355,85.818,2024-07-06,28.5,31.6,26.1,86,18.1,17.69,12.7
BBSR-02,Bhubaneswar Zone 02,20.355,85.818,2024-07-07,28.3,32.1,25.9,88,11.0,20.7,17.4
BBSR-02,Bhubaneswar Zone 02,20.355,85.818,2024-07-08,28.1,31.0,25.5,84,15.3,17.19,3.8
BBSR-02,Bhubaneswar Zone 02,20.355,85.818,2024-07-09,28.4,31.9,25.6,82,19.9,20.4,4.6
BBSR-02,Bhubaneswar Zone 02,20.355,85.818,2024-07-10,29.2,32.4,26.9,79,19.0,22.38,0.5
BBSR-02,Bhubaneswar Zone 02,20.355,85.818,2024-07-11,29.0,32.1,27.1,83,20.0,16.04,9.1
BBSR-02,Bhubaneswar Zone 02,20.355,85.818,2024-07-12,28.4,32.8,26.6,86,17.2,13.13,19.4
BBSR-02,Bhubaneswar Zone 02,20.355,85.818,2024-07-13,28.7,32.7,26.2,85,11.2,18.75,4.9
BBSR-02,Bhubaneswar Zone 02,20.355,85.818,2024-07-14,28.5,32.7,26.2,85,16.3,23.27,11.9
BBSR-02,Bhubaneswar Zone 02,20.355,85.818,2024-07-15,28.0,31.2,25.8,87,17.1,19.7,8.8
BBSR-02,Bhubaneswar Zone 02,20.355,85.818,2024-07-16,28.3,32.1,25.6,85,14.8,19.57,8.7
BBSR-02,Bhubaneswar Zone 02,20.355,85.818,2024-07-17,28.6,32.1,25.9,86,13.9,20.64,6.5
BBSR-02,Bhubaneswar Zone 02,20.355,85.818,2024-07-18,28.7,31.9,26.4,84,22.4,19.46,8.2
BBSR-02,Bhubaneswar Zone 02,20.355,85.818,2024-07-19,28.5,31.1,26.3,84,25.9,18.55,5.0
BBSR-02,Bhubaneswar Zone 02,20.355,85.818,2024-07-20,28.3,31.7,26.6,86,18.1,13.71,10.3
BBSR-02,Bhubaneswar Zone 02,20.355,85.818,2024-07-21,28.9,32.3,26.5,83,20.8,19.03,1.7
BBSR-02,Bhubaneswar Zone 02,20.355,85.818,2024-07-22,28.3,31.7,26.5,83,20.9,17.53,3.3
BBSR-02,Bhubaneswar Zone 02,20.355,85.818,2024-07-23,27.6,30.3,26.5,88,19.7,10.39,20.2
BBSR-02,Bhubaneswar Zone 02,20.355,85.818,2024-07-24,27.8,31.0,25.6,85,22.8,17.21,6.6
BBSR-02,Bhubaneswar Zone 02,20.355,85.818,2024-07-25,27.7,31.3,25.3,86,18.6,13.86,7.6
BBSR-02,Bhubaneswar Zone 02,20.355,85.818,2024-07-26,28.6,31.9,25.8,82,19.8,18.05,8.0
BBSR-02,Bhubaneswar Zone 02,20.355,85.818,2024-07-27,28.9,32.5,25.9,83,15.8,18.77,1.9
BBSR-02,Bhubaneswar Zone 02,20.355,85.818,2024-07-28,29.0,32.8,25.9,83,10.0,19.66,26.6
BBSR-02,Bhubaneswar Zone 02,20.355,85.818,2024-07-29,28.4,31.7,25.8,89,13.9,13.83,12.0
BBSR-02,Bhubaneswar Zone 02,20.355,85.818,2024-07-30,28.2,32.0,26.2,89,14.6,17.51,26.6
BBSR-02,Bhubaneswar Zone 02,20.355,85.818,2024-07-31,28.1,31.9,26.2,90,14.5,14.62,28.6
BBSR-02,Bhubaneswar Zone 02,20.355,85.818,2024-08-01,27.3,29.6,26.1,92,18.7,6.59,23.3
BBSR-02,Bhubaneswar Zone 02,20.355,85.818,2024-08-02,28.1,30.7,26.8,84,21.9,13.13,3.1
BBSR-02,Bhubaneswar Zone 02,20.355,85.818,2024-08-03,28.5,31.6,26.5,83,21.6,15.87,2.6
BBSR-02,Bhubaneswar Zone 02,20.355,85.818,2024-08-04,28.9,31.9,26.6,84,21.4,12.1,0.6
BBSR-02,Bhubaneswar Zone 02,20.355,85.818,2024-08-05,28.0,31.8,26.1,87,15.5,15.53,26.2
BBSR-02,Bhubaneswar Zone 02,20.355,85.818,2024-08-06,27.1,30.1,26.1,91,15.5,13.29,30.6
BBSR-02,Bhubaneswar Zone 02,20.355,85.818,2024-08-07,27.0,30.6,25.2,89,13.6,13.75,14.1
BBSR-02,Bhubaneswar Zone 02,20.355,85.818,2024-08-08,27.6,31.2,24.6,87,14.8,17.09,25.3
BBSR-02,Bhubaneswar Zone 02,20.355,85.818,2024-08-09,27.8,31.1,25.2,87,15.0,14.85,26.4
BBSR-02,Bhubaneswar Zone 02,20.355,85.818,2024-08-10,28.1,31.8,25.3,86,12.9,18.77,25.0
BBSR-02,Bhubaneswar Zone 02,20.355,85.818,2024-08-11,28.1,32.0,24.9,87,16.6,19.75,21.2
BBSR-02,Bhubaneswar Zone 02,20.355,85.818,2024-08-12,28.6,32.7,25.3,85,14.3,21.03,19.5
BBSR-02,Bhubaneswar Zone 02,20.355,85.818,2024-08-13,28.7,32.5,26.0,88,11.3,17.17,29.3
BBSR-02,Bhubaneswar Zone 02,20.355,85.818,2024-08-14,28.1,30.9,26.7,89,13.2,13.01,18.7
BBSR-02,Bhubaneswar Zone 02,20.355,85.818,2024-08-15,27.9,31.3,25.7,88,16.0,14.5,31.0
BBSR-02,Bhubaneswar Zone 02,20.355,85.818,2024-08-16,27.2,30.0,25.5,89,11.8,9.43,16.0
BBSR-02,Bhubaneswar Zone 02,20.355,85.818,2024-08-17,27.2,31.2,25.2,90,13.8,12.66,16.6
BBSR-02,Bhubaneswar Zone 02,20.355,85.818,2024-08-18,27.7,31.8,24.9,86,15.2,17.62,11.1
BBSR-02,Bhubaneswar Zone 02,20.355,85.818,2024-08-19,27.8,31.9,24.9,86,16.6,18.43,3.6
BBSR-02,Bhubaneswar Zone 02,20.355,85.818,2024-08-20,28.1,32.0,25.6,87,15.2,17.02,20.3
BBSR-02,Bhubaneswar Zone 02,20.355,85.818,2024-08-21,27.8,30.8,25.9,89,16.2,13.5,14.3
BBSR-02,Bhubaneswar Zone 02,20.355,85.818,2024-08-22,27.8,30.0,26.3,87,17.9,13.14,2.8
BBSR-02,Bhubaneswar Zone 02,20.355,85.818,2024-08-23,26.5,27.5,25.8,92,13.5,6.15,28.9
BBSR-02,Bhubaneswar Zone 02,20.355,85.818,2024-08-24,26.5,29.2,24.9,92,17.9,7.87,17.2
BBSR-02,Bhubaneswar Zone 02,20.355,85.818,2024-08-25,27.2,31.1,25.4,90,16.3,13.59,20.1
BBSR-02,Bhubaneswar Zone 02,20.355,85.818,2024-08-26,27.2,30.5,24.8,86,10.8,12.49,10.3
BBSR-02,Bhubaneswar Zone 02,20.355,85.818,2024-08-27,27.7,31.4,25.5,87,11.2,16.1,22.5
BBSR-02,Bhubaneswar Zone 02,20.355,85.818,2024-08-28,26.9,30.5,25.3,90,9.1,13.0,23.0
BBSR-02,Bhubaneswar Zone 02,20.355,85.818,2024-08-29,27.4,31.1,25.0,86,14.8,18.63,2.6
BBSR-02,Bhubaneswar Zone 02,20.355,85.818,2024-08-30,28.0,31.2,25.2,84,21.7,19.76,1.8
BBSR-02,Bhubaneswar Zone 02,20.355,85.818,2024-08-31,27.8,30.6,25.4,85,24.0,17.62,7.0
BBSR-02,Bhubaneswar Zone 02,20.355,85.818,2024-09-01,27.7,31.0,25.6,85,19.9,15.67,4.5
BBSR-02,Bhubaneswar Zone 02,20.355,85.818,2024-09-02,27.2,29.7,25.2,88,16.6,15.35,8.3
BBSR-02,Bhubaneswar Zone 02,20.355,85.818,2024-09-03,27.8,30.5,24.9,84,17.3,17.24,0.9
BBSR-02,Bhubaneswar Zone 02,20.355,85.818,2024-09-04,27.9,30.9,24.7,84,15.9,19.06,0.7
BBSR-02,Bhubaneswar Zone 02,20.355,85.818,2024-09-05,27.8,30.8,24.9,87,10.7,17.5,7.9
BBSR-02,Bhubaneswar Zone 02,20.355,85.818,2024-09-06,28.3,31.8,25.6,86,12.6,18.92,7.8
BBSR-02,Bhubaneswar Zone 02,20.355,85.818,2024-09-07,27.3,30.9,25.3,88,23.0,16.75,16.1
BBSR-02,Bhubaneswar Zone 02,20.355,85.818,2024-09-08,27.5,30.5,25.4,87,23.1,14.95,12.4
BBSR-02,Bhubaneswar Zone 02,20.355,85.818,2024-09-09,27.9,30.7,25.6,87,22.4,14.91,6.0
BBSR-02,Bhubaneswar Zone 02,20.355,85.818,2024-09-10,29.1,32.7,26.0,83,19.8,18.98,0.9
BBSR-02,Bhubaneswar Zone 02,20.355,85.818,2024-09-11,29.3,32.0,26.7,84,16.6,17.94,2.0
BBSR-02,Bhubaneswar Zone 02,20.355,85.818,2024-09-12,29.2,32.0,27.0,82,12.4,12.62,0.1
BBSR-02,Bhubaneswar Zone 02,20.355,85.818,2024-09-13,28.8,31.8,26.8,82,16.8,13.63,16.3
BBSR-02,Bhubaneswar Zone 02,20.355,85.818,2024-09-14,27.6,29.6,26.3,86,26.9,8.31,13.4
BBSR-02,Bhubaneswar Zone 02,20.355,85.818,2024-09-15,26.9,29.2,25.6,84,27.8,8.43,7.3
BBSR-02,Bhubaneswar Zone 02,20.355,85.818,2024-09-16,27.3,31.1,25.1,83,21.3,13.98,8.0
BBSR-02,Bhubaneswar Zone 02,20.355,85.818,2024-09-17,27.5,31.7,25.0,87,16.0,18.93,17.3
BBSR-02,Bhubaneswar Zone 02,20.355,85.818,2024-09-18,27.4,30.8,24.7,89,6.0,15.14,3.8
BBSR-02,Bhubaneswar Zone 02,20.355,85.818,2024-09-19,28.7,32.8,24.7,80,12.2,21.98,0.2
BBSR-02,Bhubaneswar Zone 02,20.355,85.818,2024-09-20,28.4,32.9,25.3,86,12.9,20.37,0.5
BBSR-02,Bhubaneswar Zone 02,20.355,85.818,2024-09-21,28.7,33.4,25.8,83,14.1,21.68,4.1
BBSR-02,Bhubaneswar Zone 02,20.355,85.818,2024-09-22,27.9,31.8,25.8,88,10.8,15.51,16.4
BBSR-02,Bhubaneswar Zone 02,20.355,85.818,2024-09-23,27.4,31.7,25.4,91,18.1,14.64,26.3
BBSR-02,Bhubaneswar Zone 02,20.355,85.818,2024-09-24,26.9,29.1,24.9,91,14.7,9.79,33.0
BBSR-02,Bhubaneswar Zone 02,20.355,85.818,2024-09-25,26.8,28.7,25.1,92,14.8,9.0,28.0
BBSR-02,Bhubaneswar Zone 02,20.355,85.818,2024-09-26,26.4,27.9,24.8,91,23.6,8.6,14.2
BBSR-02,Bhubaneswar Zone 02,20.355,85.818,2024-09-27,27.1,29.5,25.0,88,22.9,14.15,10.5
BBSR-02,Bhubaneswar Zone 02,20.355,85.818,2024-09-28,28.6,31.9,25.8,84,20.2,20.14,0.6
BBSR-02,Bhubaneswar Zone 02,20.355,85.818,2024-09-29,28.7,32.5,26.1,85,13.3,19.46,5.3
BBSR-02,Bhubaneswar Zone 02,20.355,85.818,2024-09-30,28.9,33.7,26.3,85,17.3,19.93,3.7
BBSR-02,Bhubaneswar Zone 02,20.355,85.818,2024-10-01,29.9,34.4,26.0,80,14.4,20.8,0.1
BBSR-02,Bhubaneswar Zone 02,20.355,85.818,2024-10-02,28.5,31.7,25.9,85,14.1,12.43,8.1
BBSR-02,Bhubaneswar Zone 02,20.355,85.818,2024-10-03,28.9,32.9,26.5,81,20.9,18.44,0.0
BBSR-02,Bhubaneswar Zone 02,20.355,85.818,2024-10-04,29.3,33.8,25.3,76,13.0,20.68,0.0
BBSR-02,Bhubaneswar Zone 02,20.355,85.818,2024-10-05,27.6,32.1,25.0,85,17.8,14.45,2.3
BBSR-02,Bhubaneswar Zone 02,20.355,85.818,2024-10-06,27.0,31.9,24.7,89,11.0,18.98,10.7
BBSR-02,Bhubaneswar Zone 02,20.355,85.818,2024-10-07,26.6,30.4,24.8,92,16.8,13.64,12.3
BBSR-02,Bhubaneswar Zone 02,20.355,85.818,2024-10-08,27.0,30.4,25.0,91,16.7,14.41,2.9
BBSR-02,Bhubaneswar Zone 02,20.355,85.818,2024-10-09,27.6,31.9,24.3,84,12.6,19.29,0.6
BBSR-02,Bhubaneswar Zone 02,20.355,85.818,2024-10-10,27.7,31.7,23.8,82,12.7,19.83,0.3
BBSR-02,Bhubaneswar Zone 02,20.355,85.818,2024-10-11,28.2,32.2,24.3,80,12.5,19.88,0.2
BBSR-02,Bhubaneswar Zone 02,20.355,85.818,2024-10-12,28.3,32.3,24.9,80,11.5,19.29,0.1
BBSR-02,Bhubaneswar Zone 02,20.355,85.818,2024-10-13,28.1,32.2,24.9,83,9.4,19.14,0.4
BBSR-02,Bhubaneswar Zone 02,20.355,85.818,2024-10-14,28.1,32.5,24.3,81,9.4,19.84,0.2
BBSR-02,Bhubaneswar Zone 02,20.355,85.818,2024-10-15,27.9,32.0,24.4,83,12.0,18.83,0.6
BBSR-02,Bhubaneswar Zone 02,20.355,85.818,2024-10-16,27.7,32.0,24.2,84,9.8,18.18,1.9
BBSR-02,Bhubaneswar Zone 02,20.355,85.818,2024-10-17,27.8,32.3,24.9,85,13.0,16.77,1.1
BBSR-02,Bhubaneswar Zone 02,20.355,85.818,2024-10-18,28.1,32.0,24.7,84,10.6,17.01,3.3
BBSR-02,Bhubaneswar Zone 02,20.355,85.818,2024-10-19,27.3,31.8,24.5,86,10.5,17.59,38.9
BBSR-02,Bhubaneswar Zone 02,20.355,85.818,2024-10-20,26.6,30.6,24.6,89,10.9,13.37,1.8
BBSR-02,Bhubaneswar Zone 02,20.355,85.818,2024-10-21,27.5,31.7,24.6,79,12.8,18.14,0.1
BBSR-02,Bhubaneswar Zone 02,20.355,85.818,2024-10-22,27.2,31.6,23.3,75,13.4,20.21,0.0
BBSR-02,Bhubaneswar Zone 02,20.355,85.818,2024-10-23,27.1,31.6,23.4,75,20.7,16.89,10.2
BBSR-02,Bhubaneswar Zone 02,20.355,85.818,2024-10-24,25.1,26.5,24.3,87,34.4,3.73,46.3
BBSR-02,Bhubaneswar Zone 02,20.355,85.818,2024-10-25,25.3,27.3,24.0,86,31.0,5.1,9.6
BBSR-02,Bhubaneswar Zone 02,20.355,85.818,2024-10-26,24.7,26.0,23.1,91,15.4,5.86,26.7
BBSR-02,Bhubaneswar Zone 02,20.355,85.818,2024-10-27,25.6,29.5,22.5,91,10.0,15.02,4.3
BBSR-02,Bhubaneswar Zone 02,20.355,85.818,2024-10-28,25.8,28.7,24.1,92,14.4,11.91,4.0
BBSR-02,Bhubaneswar Zone 02,20.355,85.818,2024-10-29,26.2,29.5,23.4,90,9.9,13.76,3.6
BBSR-02,Bhubaneswar Zone 02,20.355,85.818,2024-10-30,27.0,30.2,24.2,86,8.5,15.29,0.7
BBSR-02,Bhubaneswar Zone 02,20.355,85.818,2024-10-31,27.2,31.9,22.9,82,10.7,18.71,0.0
BBSR-02,Bhubaneswar Zone 02,20.355,85.818,2024-11-01,26.0,28.8,24.0,89,17.3,9.07,32.4
BBSR-02,Bhubaneswar Zone 02,20.355,85.818,2024-11-02,26.2,31.3,22.5,82,8.4,18.58,0.0
BBSR-02,Bhubaneswar Zone 02,20.355,85.818,2024-11-03,25.8,31.1,21.5,76,9.0,18.86,0.0
BBSR-02,Bhubaneswar Zone 02,20.355,85.818,2024-11-04,25.6,30.5,21.6,77,8.8,18.46,0.0
BBSR-02,Bhubaneswar Zone 02,20.355,85.818,2024-11-05,24.8,29.3,20.9,85,13.4,15.47,3.5
BBSR-02,Bhubaneswar Zone 02,20.355,85.818,2024-11-06,25.5,28.9,22.8,83,17.1,16.17,3.0
BBSR-02,Bhubaneswar Zone 02,20.355,85.818,2024-11-07,25.7,30.3,22.1,82,10.0,17.47,0.1
BBSR-02,Bhubaneswar Zone 02,20.355,85.818,2024-11-08,25.5,30.2,21.9,81,11.6,17.49,0.0
BBSR-02,Bhubaneswar Zone 02,20.355,85.818,2024-11-09,25.4,30.0,22.1,78,10.4,17.89,0.0
BBSR-02,Bhubaneswar Zone 02,20.355,85.818,2024-11-10,24.7,29.8,21.3,78,15.6,18.33,0.0
BBSR-02,Bhubaneswar Zone 02,20.355,85.818,2024-11-11,24.8,28.8,21.7,76,15.7,9.45,0.0
BBSR-02,Bhubaneswar Zone 02,20.355,85.818,2024-11-12,25.1,29.5,22.7,84,15.2,14.8,0.8
BBSR-02,Bhubaneswar Zone 02,20.355,85.818,2024-11-13,25.8,30.8,22.1,75,13.8,16.88,0.0
BBSR-02,Bhubaneswar Zone 02,20.355,85.818,2024-11-14,25.5,30.6,21.8,70,12.7,17.53,0.0
BBSR-02,Bhubaneswar Zone 02,20.355,85.818,2024-11-15,24.9,30.0,20.4,68,7.0,17.71,0.0
BBSR-02,Bhubaneswar Zone 02,20.355,85.818,2024-11-16,23.8,29.2,18.5,63,11.5,18.06,0.0
BBSR-02,Bhubaneswar Zone 02,20.355,85.818,2024-11-17,23.4,29.3,18.4,63,9.5,17.89,0.0
BBSR-02,Bhubaneswar Zone 02,20.355,85.818,2024-11-18,23.5,29.4,18.3,58,10.3,17.8,0.0
BBSR-02,Bhubaneswar Zone 02,20.355,85.818,2024-11-19,23.2,29.1,17.2,58,10.5,17.68,0.0
BBSR-02,Bhubaneswar Zone 02,20.355,85.818,2024-11-20,23.1,28.9,17.6,61,8.5,16.6,0.0
BBSR-02,Bhubaneswar Zone 02,20.355,85.818,2024-11-21,23.2,29.0,17.4,63,7.8,17.31,0.0
BBSR-02,Bhubaneswar Zone 02,20.355,85.818,2024-11-22,23.0,28.7,18.1,67,7.0,17.3,0.0
BBSR-02,Bhubaneswar Zone 02,20.355,85.818,2024-11-23,23.1,28.7,18.0,68,9.1,17.1,0.0
BBSR-02,Bhubaneswar Zone 02,20.355,85.818,2024-11-24,22.7,28.5,18.1,69,6.1,16.69,0.0
BBSR-02,Bhubaneswar Zone 02,20.355,85.818,2024-11-25,22.0,28.0,17.4,69,11.1,15.85,0.0
BBSR-02,Bhubaneswar Zone 02,20.355,85.818,2024-11-26,22.0,27.9,16.8,68,9.3,16.7,0.0
BBSR-02,Bhubaneswar Zone 02,20.355,85.818,2024-11-27,21.8,27.7,17.4,66,14.2,15.75,0.0
BBSR-02,Bhubaneswar Zone 02,20.355,85.818,2024-11-28,22.9,28.0,17.5,64,18.4,14.59,0.0
BBSR-02,Bhubaneswar Zone 02,20.355,85.818,2024-11-29,23.0,26.5,20.8,73,21.3,7.37,7.3
BBSR-02,Bhubaneswar Zone 02,20.355,85.818,2024-11-30,23.4,27.8,20.7,78,17.4,10.61,3.1
BBSR-02,Bhubaneswar Zone 02,20.355,85.818,2024-12-01,23.9,29.1,20.5,74,15.2,14.09,0.5
BBSR-02,Bhubaneswar Zone 02,20.355,85.818,2024-12-02,24.1,28.3,21.1,75,14.1,11.94,1.7
BBSR-02,Bhubaneswar Zone 02,20.355,85.818,2024-12-03,24.0,28.6,20.9,73,10.9,13.1,0.0
BBSR-02,Bhubaneswar Zone 02,20.355,85.818,2024-12-04,24.6,29.8,20.7,74,9.9,15.38,0.0
BBSR-02,Bhubaneswar Zone 02,20.355,85.818,2024-12-05,24.4,29.9,20.0,74,10.2,15.55,0.0
BBSR-02,Bhubaneswar Zone 02,20.355,85.818,2024-12-06,24.8,29.9,20.8,78,10.4,14.97,0.1
BBSR-02,Bhubaneswar Zone 02,20.355,85.818,2024-12-07,24.0,28.8,20.2,82,9.3,13.77,0.4
BBSR-02,Bhubaneswar Zone 02,20.355,85.818,2024-12-08,22.9,26.3,20.7,88,8.7,8.21,2.9
BBSR-02,Bhubaneswar Zone 02,20.355,85.818,2024-12-09,23.7,28.6,20.5,84,12.6,11.77,2.1
BBSR-02,Bhubaneswar Zone 02,20.355,85.818,2024-12-10,23.6,28.3,20.3,82,9.2,12.72,1.0
BBSR-02,Bhubaneswar Zone 02,20.355,85.818,2024-12-11,21.7,26.8,17.7,68,14.0,15.38,0.0
BBSR-02,Bhubaneswar Zone 02,20.355,85.818,2024-12-12,20.4,25.6,15.7,67,10.6,16.17,0.0
BBSR-02,Bhubaneswar Zone 02,20.355,85.818,2024-12-13,20.0,25.8,15.1,66,11.3,16.04,0.0
BBSR-02,Bhubaneswar Zone 02,20.355,85.818,2024-12-14,19.6,25.9,14.8,62,12.9,16.19,0.0
BBSR-02,Bhubaneswar Zone 02,20.355,85.818,2024-12-15,18.7,25.0,14.1,58,12.0,16.41,0.0
BBSR-02,Bhubaneswar Zone 02,20.355,85.818,2024-12-16,18.7,25.5,12.8,61,13.0,16.44,0.0
BBSR-02,Bhubaneswar Zone 02,20.355,85.818,2024-12-17,20.5,27.4,14.0,66,10.4,14.34,0.0
BBSR-02,Bhubaneswar Zone 02,20.355,85.818,2024-12-18,22.4,28.4,16.6,68,11.6,13.07,0.0
BBSR-02,Bhubaneswar Zone 02,20.355,85.818,2024-12-19,23.1,27.3,19.6,62,15.5,8.81,0.0
BBSR-02,Bhubaneswar Zone 02,20.355,85.818,2024-12-20,21.2,24.8,18.0,76,13.4,6.56,7.7
BBSR-02,Bhubaneswar Zone 02,20.355,85.818,2024-12-21,19.3,21.3,18.0,94,15.0,3.62,66.4
BBSR-02,Bhubaneswar Zone 02,20.355,85.818,2024-12-22,21.1,26.1,16.7,79,11.6,13.31,0.0
BBSR-02,Bhubaneswar Zone 02,20.355,85.818,2024-12-23,22.0,25.6,18.3,69,14.8,7.95,0.0
BBSR-02,Bhubaneswar Zone 02,20.355,85.818,2024-12-24,21.5,24.5,19.3,74,11.1,4.98,0.8
BBSR-02,Bhubaneswar Zone 02,20.355,85.818,2024-12-25,20.6,24.8,18.4,87,10.4,6.87,11.1
BBSR-02,Bhubaneswar Zone 02,20.355,85.818,2024-12-26,22.1,27.0,18.2,77,10.3,12.65,0.5
BBSR-02,Bhubaneswar Zone 02,20.355,85.818,2024-12-27,22.4,28.5,18.7,65,13.4,15.47,0.0
BBSR-02,Bhubaneswar Zone 02,20.355,85.818,2024-12-28,22.0,28.2,16.3,66,7.4,15.61,0.0
BBSR-02,Bhubaneswar Zone 02,20.355,85.818,2024-12-29,22.8,28.7,17.6,74,7.4,15.29,0.0
BBSR-02,Bhubaneswar Zone 02,20.355,85.818,2024-12-30,22.9,28.5,18.7,77,9.3,14.94,0.0
BBSR-02,Bhubaneswar Zone 02,20.355,85.818,2024-12-31,21.4,26.5,17.8,77,12.5,15.03,0.0
BBSR-02,Bhubaneswar Zone 02,20.355,85.818,2025-01-01,19.7,24.7,16.2,77,9.8,16.01,0.0
BBSR-02,Bhubaneswar Zone 02,20.355,85.818,2025-01-02,19.0,24.5,14.7,71,12.1,16.19,0.0
BBSR-02,Bhubaneswar Zone 02,20.355,85.818,2025-01-03,18.7,24.6,14.4,73,9.8,16.25,0.0
BBSR-02,Bhubaneswar Zone 02,20.355,85.818,2025-01-04,18.9,24.7,14.2,73,9.2,16.34,0.0
BBSR-02,Bhubaneswar Zone 02,20.355,85.818,2025-01-05,19.8,25.7,14.9,76,8.0,16.03,0.0
BBSR-02,Bhubaneswar Zone 02,20.355,85.818,2025-01-06,20.5,26.5,15.5,73,9.7,15.52,0.0
BBSR-02,Bhubaneswar Zone 02,20.355,85.818,2025-01-07,21.2,27.3,16.0,71,9.7,16.39,0.0
BBSR-02,Bhubaneswar Zone 02,20.355,85.818,2025-01-08,20.4,26.2,15.7,68,10.1,16.62,0.0
BBSR-02,Bhubaneswar Zone 02,20.355,85.818,2025-01-09,19.2,25.3,15.1,74,10.5,16.54,0.0
BBSR-02,Bhubaneswar Zone 02,20.355,85.818,2025-01-10,18.5,24.7,13.3,78,11.2,16.57,0.0
BBSR-02,Bhubaneswar Zone 02,20.355,85.818,2025-01-11,18.8,25.6,13.5,75,10.9,16.67,0.0
BBSR-02,Bhubaneswar Zone 02,20.355,85.818,2025-01-12,19.4,25.8,14.2,74,10.0,16.63,0.0
BBSR-02,Bhubaneswar Zone 02,20.355,85.818,2025-01-13,20.5,27.3,14.4,75,7.6,16.41,0.0
BBSR-02,Bhubaneswar Zone 02,20.355,85.818,2025-01-14,21.4,27.9,16.8,77,11.6,15.99,0.0
BBSR-02,Bhubaneswar Zone 02,20.355,85.818,2025-01-15,21.1,26.6,16.2,71,12.9,15.96,0.0
BBSR-02,Bhubaneswar Zone 02,20.355,85.818,2025-01-16,20.0,25.4,16.0,67,13.1,17.06,0.0
BBSR-02,Bhubaneswar Zone 02,20.355,85.818,2025-01-17,19.6,25.6,14.4,64,12.9,17.42,0.0
BBSR-02,Bhubaneswar Zone 02,20.355,85.818,2025-01-18,20.2,26.2,14.8,67,11.7,17.17,0.0
BBSR-02,Bhubaneswar Zone 02,20.355,85.818,2025-01-19,20.7,27.5,15.0,69,8.9,17.47,0.0
BBSR-02,Bhubaneswar Zone 02,20.355,85.818,2025-01-20,20.8,27.6,15.2,71,9.5,17.59,0.0
BBSR-02,Bhubaneswar Zone 02,20.355,85.818,2025-01-21,21.3,28.7,14.8,67,8.2,17.77,0.0
BBSR-02,Bhubaneswar Zone 02,20.355,85.818,2025-01-22,22.1,29.3,15.7,72,8.8,17.72,0.0
BBSR-02,Bhubaneswar Zone 02,20.355,85.818,2025-01-23,23.3,30.2,18.6,80,10.5,17.06,0.0
BBSR-02,Bhubaneswar Zone 02,20.355,85.818,2025-01-24,23.2,29.6,19.0,82,13.5,16.58,0.0
BBSR-02,Bhubaneswar Zone 02,20.355,85.818,2025-01-25,23.4,29.4,19.0,80,9.7,16.5,0.0
BBSR-02,Bhubaneswar Zone 02,20.355,85.818,2025-01-26,23.0,28.4,19.5,81,13.0,14.32,0.2
BBSR-02,Bhubaneswar Zone 02,20.355,85.818,2025-01-27,22.5,28.1,18.8,79,10.6,16.03,0.0
BBSR-02,Bhubaneswar Zone 02,20.355,85.818,2025-01-28,23.5,29.7,19.1,80,15.6,16.27,0.0
BBSR-02,Bhubaneswar Zone 02,20.355,85.818,2025-01-29,24.2,30.2,19.7,78,14.8,15.56,0.1
BBSR-02,Bhubaneswar Zone 02,20.355,85.818,2025-01-30,24.3,31.0,19.8,78,18.5,16.26,0.0
BBSR-02,Bhubaneswar Zone 02,20.355,85.818,2025-01-31,25.6,32.6,21.2,78,14.8,17.09,0.0
BBSR-02,Bhubaneswar Zone 02,20.355,85.818,2025-02-01,26.1,33.2,21.9,77,14.0,17.65,0.0
BBSR-02,Bhubaneswar Zone 02,20.355,85.818,2025-02-02,26.7,33.4,22.4,71,13.2,17.98,0.0
BBSR-02,Bhubaneswar Zone 02,20.355,85.818,2025-02-03,25.7,32.4,20.6,76,12.3,17.96,0.0
BBSR-02,Bhubaneswar Zone 02,20.355,85.818,2025-02-04,26.3,32.2,22.5,80,13.7,17.51,0.0
BBSR-02,Bhubaneswar Zone 02,20.355,85.818,2025-02-05,27.3,33.3,23.8,75,13.8,17.52,0.0
BBSR-02,Bhubaneswar Zone 02,20.355,85.818,2025-02-06,26.5,32.3,21.6,70,12.0,17.69,0.0
BBSR-02,Bhubaneswar Zone 02,20.355,85.818,2025-02-07,25.0,30.8,20.7,68,15.1,17.91,0.0
BBSR-02,Bhubaneswar Zone 02,20.355,85.818,2025-02-08,24.3,30.3,19.6,73,14.1,18.69,0.0
BBSR-02,Bhubaneswar Zone 02,20.355,85.818,2025-02-09,24.2,30.7,18.9,71,10.3,18.84,0.0
BBSR-02,Bhubaneswar Zone 02,20.355,85.818,2025-02-10,25.3,32.3,19.6,73,15.4,19.46,0.0
BBSR-02,Bhubaneswar Zone 02,20.355,85.818,2025-02-11,26.3,33.5,21.4,71,15.5,19.02,0.0
BBSR-02,Bhubaneswar Zone 02,20.355,85.818,2025-02-12,27.4,34.3,22.4,68,15.8,18.82,0.0
BBSR-02,Bhubaneswar Zone 02,20.355,85.818,2025-02-13,27.0,33.5,21.6,59,13.5,20.06,0.0
BBSR-02,Bhubaneswar Zone 02,20.355,85.818,2025-02-14,25.2,31.8,20.1,58,13.7,20.41,0.0
BBSR-02,Bhubaneswar Zone 02,20.355,85.818,2025-02-15,24.7,32.0,19.1,61,12.0,20.46,0.0
BBSR-02,Bhubaneswar Zone 02,20.355,85.818,2025-02-16,26.0,33.9,19.6,64,18.4,20.58,0.0
BBSR-02,Bhubaneswar Zone 02,20.355,85.818,2025-02-17,26.8,34.1,22.2,69,16.8,19.82,0.0
BBSR-02,Bhubaneswar Zone 02,20.355,85.818,2025-02-18,26.8,33.8,22.1,73,16.9,18.91,0.0
BBSR-02,Bhubaneswar Zone 02,20.355,85.818,2025-02-19,27.1,34.1,23.1,74,16.0,18.97,0.1
BBSR-02,Bhubaneswar Zone 02,20.355,85.818,2025-02-20,26.9,33.0,22.7,70,18.5,18.44,0.1
BBSR-02,Bhubaneswar Zone 02,20.355,85.818,2025-02-21,26.3,33.7,21.2,72,17.4,19.15,0.1
BBSR-02,Bhubaneswar Zone 02,20.355,85.818,2025-02-22,26.6,33.3,22.3,75,15.9,18.12,0.5
BBSR-02,Bhubaneswar Zone 02,20.355,85.818,2025-02-23,25.7,32.1,20.4,74,15.1,18.99,0.5
BBSR-02,Bhubaneswar Zone 02,20.355,85.818,2025-02-24,25.9,31.6,22.1,76,14.5,18.64,0.3
BBSR-02,Bhubaneswar Zone 02,20.355,85.818,2025-02-25,25.8,31.9,20.2,74,10.8,19.06,0.6
BBSR-02,Bhubaneswar Zone 02,20.355,85.818,2025-02-26,25.7,31.2,21.0,74,13.1,18.84,0.2
BBSR-02,Bhubaneswar Zone 02,20.355,85.818,2025-02-27,26.2,32.8,21.0,70,14.5,19.95,0.0
BBSR-02,Bhubaneswar Zone 02,20.355,85.818,2025-02-28,26.7,33.6,20.9,70,15.0,21.03,0.0
BBSR-02,Bhubaneswar Zone 02,20.355,85.818,2025-03-01,27.4,35.2,22.7,65,15.6,21.46,0.0
BBSR-02,Bhubaneswar Zone 02,20.355,85.818,2025-03-02,28.1,36.5,22.2,65,15.1,21.16,0.0
BBSR-02,Bhubaneswar Zone 02,20.355,85.818,2025-03-03,28.4,35.9,22.1,66,14.6,20.61,0.0
BBSR-02,Bhubaneswar Zone 02,20.355,85.818,2025-03-04,28.4,35.6,24.2,65,13.3,21.14,0.0
BBSR-02,Bhubaneswar Zone 02,20.355,85.818,2025-03-05,28.5,34.4,23.4,58,16.5,21.27,0.0
BBSR-02,Bhubaneswar Zone 02,20.355,85.818,2025-03-06,25.7,32.2,20.7,35,13.5,23.04,0.0
BBSR-02,Bhubaneswar Zone 02,20.355,85.818,2025-03-07,25.6,33.2,18.8,55,12.2,22.92,0.0
BBSR-02,Bhubaneswar Zone 02,20.355,85.818,2025-03-08,27.3,35.0,21.3,66,16.9,22.55,0.0
BBSR-02,Bhubaneswar Zone 02,20.355,85.818,2025-03-09,27.4,35.0,22.2,71,20.2,20.93,0.0
BBSR-02,Bhubaneswar Zone 02,20.355,85.818,2025-03-10,26.9,34.6,21.2,66,15.3,21.23,0.0
BBSR-02,Bhubaneswar Zone 02,20.355,85.818,2025-03-11,27.8,35.9,21.6,58,17.3,22.6,0.0
BBSR-02,Bhubaneswar Zone 02,20.355,85.818,2025-03-12,28.7,37.4,21.4,56,17.7,22.63,0.0
BBSR-02,Bhubaneswar Zone 02,20.355,85.818,2025-03-13,30.4,39.3,23.6,57,19.2,22.39,0.0
BBSR-02,Bhubaneswar Zone 02,20.355,85.818,2025-03-14,30.7,39.6,25.3,66,20.6,21.54,0.0
BBSR-02,Bhubaneswar Zone 02,20.355,85.818,2025-03-15,30.8,40.2,25.0,64,18.8,21.84,0.0
BBSR-02,Bhubaneswar Zone 02,20.355,85.818,2025-03-16,30.7,39.7,24.8,59,21.5,21.91,0.0
BBSR-02,Bhubaneswar Zone 02,20.355,85.818,2025-03-17,30.8,39.0,25.0,54,19.8,21.64,0.0
BBSR-02,Bhubaneswar Zone 02,20.355,85.818,2025-03-18,29.7,35.9,24.3,63,17.3,22.12,0.1
BBSR-02,Bhubaneswar Zone 02,20.355,85.818,2025-03-19,29.3,35.8,24.9,73,15.7,21.07,0.0
BBSR-02,Bhubaneswar Zone 02,20.355,85.818,2025-03-20,29.4,37.0,24.4,66,18.8,22.8,0.0
BBSR-02,Bhubaneswar Zone 02,20.355,85.818,2025-03-21,28.4,35.0,24.0,69,22.8,22.19,0.2
BBSR-02,Bhubaneswar Zone 02,20.355,85.818,2025-03-22,23.8,26.7,21.6,84,14.3,9.69,9.4
BBSR-02,Bhubaneswar Zone 02,20.355,85.818,2025-03-23,25.1,32.1,20.8,77,17.4,19.08,62.8
BBSR-02,Bhubaneswar Zone 02,20.355,85.818,2025-03-24,25.9,33.6,20.4,75,15.0,21.35,3.8
BBSR-02,Bhubaneswar Zone 02,20.355,85.818,2025-03-25,27.6,34.4,21.9,69,15.7,22.96,0.0
BBSR-02,Bhubaneswar Zone 02,20.355,85.818,2025-03-26,28.7,36.3,23.0,69,18.6,23.39,0.0
BBSR-02,Bhubaneswar Zone 02,20.355,85.818,2025-03-27,29.6,37.8,24.0,66,17.0,24.21,0.0
BBSR-02,Bhubaneswar Zone 02,20.355,85.818,2025-03-28,30.4,39.1,23.3,61,16.9,24.33,0.0
BBSR-02,Bhubaneswar Zone 02,20.355,85.818,2025-03-29,30.2,38.3,23.7,72,16.9,22.9,0.0
BBSR-02,Bhubaneswar Zone 02,20.355,85.818,2025-03-30,29.8,36.8,25.9,79,18.6,22.33,0.0
BBSR-02,Bhubaneswar Zone 02,20.355,85.818,2025-03-31,29.6,36.1,25.6,75,18.9,23.64,0.0
BBSR-02,Bhubaneswar Zone 02,20.355,85.818,2025-04-01,29.3,35.5,25.4,71,17.5,23.88,0.0
BBSR-02,Bhubaneswar Zone 02,20.355,85.818,2025-04-02,28.9,35.0,25.0,71,16.0,23.76,0.1
BBSR-02,Bhubaneswar Zone 02,20.355,85.818,2025-04-03,28.8,36.0,23.8,70,16.4,24.31,0.0
BBSR-02,Bhubaneswar Zone 02,20.355,85.818,2025-04-04,29.2,35.6,23.8,70,11.9,20.26,0.2
BBSR-02,Bhubaneswar Zone 02,20.355,85.818,2025-04-05,30.7,38.4,24.1,59,20.7,23.14,0.0
BBSR-02,Bhubaneswar Zone 02,20.355,85.818,2025-04-06,30.9,39.2,25.2,66,19.7,23.5,0.0
BBSR-02,Bhubaneswar Zone 02,20.355,85.818,2025-04-07,30.0,37.0,25.6,71,19.7,22.11,0.0
BBSR-02,Bhubaneswar Zone 02,20.355,85.818,2025-04-08,29.4,35.4,25.3,70,17.4,21.75,0.0
BBSR-02,Bhubaneswar Zone 02,20.355,85.818,2025-04-09,28.6,34.2,24.2,70,18.7,21.78,0.7
BBSR-02,Bhubaneswar Zone 02,20.355,85.818,2025-04-10,28.9,34.3,24.2,69,15.5,21.81,3.1
BBSR-02,Bhubaneswar Zone 02,20.355,85.818,2025-04-11,29.3,36.0,23.5,69,19.1,23.56,0.0
BBSR-02,Bhubaneswar Zone 02,20.355,85.818,2025-04-12,29.3,37.9,25.5,75,18.2,21.42,6.2
BBSR-02,Bhubaneswar Zone 02,20.355,85.818,2025-04-13,30.4,39.0,25.5,68,17.3,22.8,0.1
BBSR-02,Bhubaneswar Zone 02,20.355,85.818,2025-04-14,29.7,35.4,25.8,71,15.2,21.46,0.4
BBSR-02,Bhubaneswar Zone 02,20.355,85.818,2025-04-15,28.1,33.8,23.8,77,13.4,20.63,7.8
BBSR-02,Bhubaneswar Zone 02,20.355,85.818,2025-04-16,28.4,35.1,23.2,74,19.9,22.37,0.0
BBSR-02,Bhubaneswar Zone 02,20.355,85.818,2025-04-17,30.1,35.4,25.9,70,19.2,22.17,0.9
BBSR-02,Bhubaneswar Zone 02,20.355,85.818,2025-04-18,30.4,36.2,27.3,72,22.4,21.8,0.5
BBSR-02,Bhubaneswar Zone 02,20.355,85.818,2025-04-19,31.0,37.6,27.1,71,18.8,24.26,1.4
BBSR-02,Bhubaneswar Zone 02,20.355,85.818,2025-04-20,32.2,39.7,27.8,72,18.9,24.0,0.2
BBSR-02,Bhubaneswar Zone 02,20.355,85.818,2025-04-21,31.9,37.9,27.7,74,19.4,24.2,0.0
BBSR-02,Bhubaneswar Zone 02,20.355,85.818,2025-04-22,31.9,39.0,27.0,73,21.1,24.83,0.0
BBSR-02,Bhubaneswar Zone 02,20.355,85.818,2025-04-23,32.5,41.0,27.1,69,21.8,24.12,0.0
BBSR-02,Bhubaneswar Zone 02,20.355,85.818,2025-04-24,32.3,39.1,27.9,70,22.9,24.34,0.0
BBSR-02,Bhubaneswar Zone 02,20.355,85.818,2025-04-25,31.8,37.7,28.1,71,21.6,24.85,0.0
BBSR-02,Bhubaneswar Zone 02,20.355,85.818,2025-04-26,31.1,36.7,27.7,72,23.2,23.37,0.4
BBSR-02,Bhubaneswar Zone 02,20.355,85.818,2025-04-27,30.7,36.3,27.3,66,22.0,19.66,0.0
BBSR-02,Bhubaneswar Zone 02,20.355,85.818,2025-04-28,29.2,35.7,23.8,74,16.0,22.02,17.5
BBSR-02,Bhubaneswar Zone 02,20.355,85.818,2025-04-29,28.2,33.7,23.5,77,16.5,21.68,0.8
BBSR-02,Bhubaneswar Zone 02,20.355,85.818,2025-04-30,28.3,33.3,22.7,74,13.4,23.23,0.3
BBSR-02,Bhubaneswar Zone 02,20.355,85.818,2025-05-01,28.1,34.1,21.6,73,16.3,23.44,7.9
BBSR-02,Bhubaneswar Zone 02,20.355,85.818,2025-05-02,27.3,33.2,21.6,74,16.1,24.75,0.4
BBSR-02,Bhubaneswar Zone 02,20.355,85.818,2025-05-03,28.6,34.3,24.4,75,14.2,23.21,12.8
BBSR-02,Bhubaneswar Zone 02,20.355,85.818,2025-05-04,28.2,34.2,23.5,74,15.1,25.08,0.0
BBSR-02,Bhubaneswar Zone 02,20.355,85.818,2025-05-05,29.7,35.5,25.4,74,17.2,23.75,0.5
BBSR-02,Bhubaneswar Zone 02,20.355,85.818,2025-05-06,30.3,36.3,26.4,75,14.7,23.04,0.5
BBSR-02,Bhubaneswar Zone 02,20.355,85.818,2025-05-07,30.7,37.1,26.6,75,15.7,23.76,0.1
BBSR-02,Bhubaneswar Zone 02,20.355,85.818,2025-05-08,30.9,36.9,26.6,73,15.5,23.62,0.0
BBSR-02,Bhubaneswar Zone 02,20.355,85.818,2025-05-09,31.2,37.4,26.3,71,15.0,24.28,0.0
BBSR-02,Bhubaneswar Zone 02,20.355,85.818,2025-05-10,31.5,38.3,26.3,66,15.9,25.25,0.0
BBSR-02,Bhubaneswar Zone 02,20.355,85.818,2025-05-11,31.8,39.0,26.2,65,18.3,25.26,0.0
BBSR-02,Bhubaneswar Zone 02,20.355,85.818,2025-05-12,32.2,39.1,27.3,70,15.6,23.98,0.0
BBSR-02,Bhubaneswar Zone 02,20.355,85.818,2025-05-13,31.5,37.4,28.1,76,14.7,22.98,0.0
BBSR-02,Bhubaneswar Zone 02,20.355,85.818,2025-05-14,31.8,36.8,28.3,76,18.7,22.52,0.1
BBSR-02,Bhubaneswar Zone 02,20.355,85.818,2025-05-15,31.7,37.0,28.1,75,15.6,22.92,0.4
BBSR-02,Bhubaneswar Zone 02,20.355,85.818,2025-05-16,31.4,37.1,28.4,76,14.0,22.36,3.9
BBSR-02,Bhubaneswar Zone 02,20.355,85.818,2025-05-17,30.7,35.9,27.8,77,20.1,22.51,0.9
BBSR-02,Bhubaneswar Zone 02,20.355,85.818,2025-05-18,30.1,34.1,26.7,77,17.0,19.64,1.1
BBSR-02,Bhubaneswar Zone 02,20.355,85.818,2025-05-19,30.4,34.7,27.0,75,14.2,22.11,2.1
BBSR-02,Bhubaneswar Zone 02,20.355,85.818,2025-05-20,30.2,33.9,27.2,77,22.5,22.71,0.6
BBSR-02,Bhubaneswar Zone 02,20.355,85.818,2025-05-21,29.9,33.5,26.7,78,17.2,15.16,0.4
BBSR-02,Bhubaneswar Zone 02,20.355,85.818,2025-05-22,28.8,33.2,25.7,83,10.2,15.63,6.1
BBSR-02,Bhubaneswar Zone 02,20.355,85.818,2025-05-23,28.9,33.3,26.3,82,10.6,19.92,4.1
BBSR-02,Bhubaneswar Zone 02,20.355,85.818,2025-05-24,27.6,31.7,25.5,88,11.9,15.2,23.5
BBSR-02,Bhubaneswar Zone 02,20.355,85.818,2025-05-25,27.5,31.7,25.8,90,6.6,11.36,28.5
BBSR-02,Bhubaneswar Zone 02,20.355,85.818,2025-05-26,28.5,32.9,25.3,85,12.3,20.26,15.4
BBSR-02,Bhubaneswar Zone 02,20.355,85.818,2025-05-27,28.0,31.6,26.2,86,18.1,10.95,9.4
BBSR-02,Bhubaneswar Zone 02,20.355,85.818,2025-05-28,27.5,32.1,25.4,90,21.2,11.56,45.5
BBSR-02,Bhubaneswar Zone 02,20.355,85.818,2025-05-29,28.9,32.5,26.1,83,20.0,10.97,16.0
BBSR-02,Bhubaneswar Zone 02,20.355,85.818,2025-05-30,30.5,35.8,26.0,79,14.7,19.78,0.6
BBSR-02,Bhubaneswar Zone 02,20.355,85.818,2025-05-31,30.2,34.0,27.8,80,13.9,19.2,0.2
BBSR-02,Bhubaneswar Zone 02,20.355,85.818,2025-06-01,31.9,37.1,27.7,71,14.3,22.06,0.0
BBSR-02,Bhubaneswar Zone 02,20.355,85.818,2025-06-02,32.2,37.7,27.9,59,18.5,24.59,0.0
BBSR-02,Bhubaneswar Zone 02,20.355,85.818,2025-06-03,31.2,35.8,25.9,69,16.0,21.82,2.9
BBSR-02,Bhubaneswar Zone 02,20.355,85.818,2025-06-04,31.5,36.4,27.6,72,12.2,24.28,0.1
BBSR-02,Bhubaneswar Zone 02,20.355,85.818,2025-06-05,29.9,35.1,25.1,76,12.1,23.09,6.2
BBSR-02,Bhubaneswar Zone 02,20.355,85.818,2025-06-06,30.3,35.6,27.5,79,12.8,22.91,0.9
BBSR-02,Bhubaneswar Zone 02,20.355,85.818,2025-06-07,30.6,36.2,26.2,74,11.4,24.03,0.0
BBSR-02,Bhubaneswar Zone 02,20.355,85.818,2025-06-08,30.6,35.5,27.1,76,9.9,16.88,0.1
BBSR-02,Bhubaneswar Zone 02,20.355,85.818,2025-06-09,29.9,36.4,26.3,85,9.7,19.94,12.0
BBSR-02,Bhubaneswar Zone 02,20.355,85.818,2025-06-10,29.0,33.3,25.7,82,14.2,22.27,6.3
BBSR-02,Bhubaneswar Zone 02,20.355,85.818,2025-06-11,29.0,32.3,26.5,80,17.0,20.8,4.8
BBSR-02,Bhubaneswar Zone 02,20.355,85.818,2025-06-12,28.4,31.2,26.4,85,15.7,15.36,15.7
BBSR-02,Bhubaneswar Zone 02,20.355,85.818,2025-06-13,29.4,32.7,26.9,82,11.1,19.36,3.0
BBSR-02,Bhubaneswar Zone 02,20.355,85.818,2025-06-14,30.2,34.1,27.1,79,18.3,22.46,1.4
BBSR-02,Bhubaneswar Zone 02,20.355,85.818,2025-06-15,28.7,32.1,26.2,86,13.6,15.46,8.5
BBSR-02,Bhubaneswar Zone 02,20.355,85.818,2025-06-16,27.2,28.8,26.1,93,10.0,6.74,20.1
BBSR-02,Bhubaneswar Zone 02,20.355,85.818,2025-06-17,28.1,31.0,26.7,88,15.8,11.17,9.0
BBSR-02,Bhubaneswar Zone 02,20.355,85.818,2025-06-18,27.4,29.7,25.2,89,19.5,7.99,17.5
BBSR-02,Bhubaneswar Zone 02,20.355,85.818,2025-06-19,28.1,30.8,26.0,83,21.2,10.21,3.1
BBSR-02,Bhubaneswar Zone 02,20.355,85.818,2025-06-20,29.6,33.0,26.3,80,16.2,15.46,1.9
BBSR-02,Bhubaneswar Zone 02,20.355,85.818,2025-06-21,30.7,35.1,27.7,75,13.6,21.79,1.0
BBSR-02,Bhubaneswar Zone 02,20.355,85.818,2025-06-22,29.7,33.9,26.8,80,12.0,16.99,2.1
BBSR-02,Bhubaneswar Zone 02,20.355,85.818,2025-06-23,27.7,30.3,25.5,87,11.6,9.95,23.2
BBSR-02,Bhubaneswar Zone 02,20.355,85.818,2025-06-24,28.2,31.9,26.4,86,14.5,18.2,20.0
BBSR-02,Bhubaneswar Zone 02,20.355,85.818,2025-06-25,27.2,29.5,25.6,92,13.7,9.73,35.4
BBSR-02,Bhubaneswar Zone 02,20.355,85.818,2025-06-26,27.5,32.0,25.3,89,15.2,14.94,14.4
BBSR-02,Bhubaneswar Zone 02,20.355,85.818,2025-06-27,27.7,31.0,25.2,89,17.3,9.22,16.2
BBSR-02,Bhubaneswar Zone 02,20.355,85.818,2025-06-28,28.0,30.0,26.6,84,18.2,10.62,8.3
BBSR-02,Bhubaneswar Zone 02,20.355,85.818,2025-06-29,27.5,30.4,25.1,80,20.2,9.95,7.0
BBSR-02,Bhubaneswar Zone 02,20.355,85.818,2025-06-30,26.9,29.9,25.6,85,18.3,12.46,14.8
BBSR-02,Bhubaneswar Zone 02,20.355,85.818,2025-07-01,26.8,30.5,24.7,90,18.0,13.08,34.4
BBSR-02,Bhubaneswar Zone 02,20.355,85.818,2025-07-02,27.3,31.2,25.4,90,14.4,16.03,9.8
BBSR-02,Bhubaneswar Zone 02,20.355,85.818,2025-07-03,27.5,32.0,24.6,88,15.1,16.91,20.1
BBSR-02,Bhubaneswar Zone 02,20.355,85.818,2025-07-04,27.3,29.8,25.7,90,16.1,13.08,10.5
BBSR-02,Bhubaneswar Zone 02,20.355,85.818,2025-07-05,27.0,29.4,25.5,91,16.6,9.66,19.7
BBSR-02,Bhubaneswar Zone 02,20.355,85.818,2025-07-06,27.1,32.3,25.2,89,17.7,16.99,15.7
BBSR-02,Bhubaneswar Zone 02,20.355,85.818,2025-07-07,27.2,31.2,25.3,87,17.5,11.74,10.0
BBSR-02,Bhubaneswar Zone 02,20.355,85.818,2025-07-08,27.7,31.5,25.6,79,16.4,13.91,3.5
BBSR-02,Bhubaneswar Zone 02,20.355,85.818,2025-07-09,28.1,31.2,25.6,77,20.8,16.12,0.5
BBSR-02,Bhubaneswar Zone 02,20.355,85.818,2025-07-10,28.5,32.2,25.9,80,14.6,20.22,2.8
BBSR-02,Bhubaneswar Zone 02,20.355,85.818,2025-07-11,28.5,32.1,25.9,86,13.8,19.37,9.1
BBSR-02,Bhubaneswar Zone 02,20.355,85.818,2025-07-12,29.4,33.5,26.7,83,11.9,19.09,13.5
BBSR-02,Bhubaneswar Zone 02,20.355,85.818,2025-07-13,28.3,32.3,26.3,86,11.5,13.26,17.4
BBSR-02,Bhubaneswar Zone 02,20.355,85.818,2025-07-14,27.4,29.7,26.2,92,13.4,9.59,29.4
BBSR-02,Bhubaneswar Zone 02,20.355,85.818,2025-07-15,29.0,33.3,25.2,85,14.9,20.64,16.5
BBSR-02,Bhubaneswar Zone 02,20.355,85.818,2025-07-16,28.6,30.7,27.1,90,13.7,14.38,18.7
BBSR-02,Bhubaneswar Zone 02,20.355,85.818,2025-07-17,29.2,32.1,26.7,85,17.8,20.94,5.2
BBSR-02,Bhubaneswar Zone 02,20.355,85.818,2025-07-18,29.1,32.5,26.4,85,9.4,20.95,3.8
BBSR-02,Bhubaneswar Zone 02,20.355,85.818,2025-07-19,29.2,33.0,26.8,87,13.4,22.59,10.0
BBSR-02,Bhubaneswar Zone 02,20.355,85.818,2025-07-20,28.8,33.0,26.5,86,14.3,21.74,4.3
BBSR-02,Bhubaneswar Zone 02,20.355,85.818,2025-07-21,28.7,32.4,26.1,85,17.1,20.96,5.9
BBSR-02,Bhubaneswar Zone 02,20.355,85.818,2025-07-22,28.9,32.5,26.0,85,11.3,21.27,1.7
BBSR-02,Bhubaneswar Zone 02,20.355,85.818,2025-07-23,28.7,33.0,26.5,86,11.7,20.54,10.4
BBSR-02,Bhubaneswar Zone 02,20.355,85.818,2025-07-24,27.9,32.1,26.2,87,21.7,12.6,14.1
BBSR-02,Bhubaneswar Zone 02,20.355,85.818,2025-07-25,26.6,27.6,25.5,95,16.5,3.56,29.6
BBSR-02,Bhubaneswar Zone 02,20.355,85.818,2025-07-26,28.5,31.9,25.9,84,22.8,19.53,6.6
BBSR-02,Bhubaneswar Zone 02,20.355,85.818,2025-07-27,29.2,33.1,26.5,81,15.9,22.42,0.6
BBSR-02,Bhubaneswar Zone 02,20.355,85.818,2025-07-28,29.1,31.9,26.8,80,18.6,17.63,0.1
BBSR-02,Bhubaneswar Zone 02,20.355,85.818,2025-07-29,27.5,29.6,26.1,88,18.1,10.41,19.2
BBSR-02,Bhubaneswar Zone 02,20.355,85.818,2025-07-30,27.8,31.1,25.3,87,15.7,13.18,9.2
BBSR-02,Bhubaneswar Zone 02,20.355,85.818,2025-07-31,28.6,32.6,26.2,84,14.6,16.79,3.4
BBSR-02,Bhubaneswar Zone 02,20.355,85.818,2025-08-01,29.7,33.4,26.4,79,15.3,22.08,0.2
BBSR-02,Bhubaneswar Zone 02,20.355,85.818,2025-08-02,29.9,34.2,26.4,78,14.1,23.65,1.3
BBSR-02,Bhubaneswar Zone 02,20.355,85.818,2025-08-03,28.5,30.7,26.0,88,13.8,15.41,21.0
BBSR-02,Bhubaneswar Zone 02,20.355,85.818,2025-08-04,29.5,32.7,26.7,83,14.4,18.03,0.8
BBSR-02,Bhubaneswar Zone 02,20.355,85.818,2025-08-05,29.6,32.9,27.2,84,15.2,21.08,4.9
BBSR-02,Bhubaneswar Zone 02,20.355,85.818,2025-08-06,28.8,33.3,26.5,87,11.5,15.88,8.4
BBSR-02,Bhubaneswar Zone 02,20.355,85.818,2025-08-07,28.4,31.7,26.8,85,13.6,15.36,11.4
BBSR-02,Bhubaneswar Zone 02,20.355,85.818,2025-08-08,27.1,30.0,24.8,88,17.9,10.86,11.0
BBSR-02,Bhubaneswar Zone 02,20.355,85.818,2025-08-09,27.8,32.3,24.1,87,15.6,18.7,5.9
BBSR-02,Bhubaneswar Zone 02,20.355,85.818,2025-08-10,28.6,32.7,25.5,84,15.9,23.59,5.6
BBSR-02,Bhubaneswar Zone 02,20.355,85.818,2025-08-11,28.8,32.6,25.9,86,9.4,21.66,5.3
BBSR-02,Bhubaneswar Zone 02,20.355,85.818,2025-08-12,29.3,33.2,26.2,83,9.3,21.91,2.6
BBSR-02,Bhubaneswar Zone 02,20.355,85.818,2025-08-13,28.3,32.0,26.3,84,16.8,19.85,10.1
BBSR-02,Bhubaneswar Zone 02,20.355,85.818,2025-08-14,27.7,30.7,25.0,86,13.4,15.65,4.8
BBSR-02,Bhubaneswar Zone 02,20.355,85.818,2025-08-15,27.8,31.8,25.6,88,12.5,17.2,5.7
BBSR-02,Bhubaneswar Zone 02,20.355,85.818,2025-08-16,27.9,31.8,25.0,84,17.2,20.68,6.6
BBSR-02,Bhubaneswar Zone 02,20.355,85.818,2025-08-17,27.5,31.3,25.5,86,22.8,17.08,20.4
BBSR-02,Bhubaneswar Zone 02,20.355,85.818,2025-08-18,27.0,30.2,24.9,88,26.6,16.31,9.4
BBSR-02,Bhubaneswar Zone 02,20.355,85.818,2025-08-19,27.4,29.8,25.4,87,16.0,14.19,7.6
BBSR-02,Bhubaneswar Zone 02,20.355,85.818,2025-08-20,28.3,31.5,25.2,86,16.5,17.8,1.9
BBSR-02,Bhubaneswar Zone 02,20.355,85.818,2025-08-21,27.5,29.5,26.1,90,16.0,10.49,8.5
BBSR-02,Bhubaneswar Zone 02,20.355,85.818,2025-08-22,26.3,27.7,25.2,94,17.2,6.08,40.4
BBSR-02,Bhubaneswar Zone 02,20.355,85.818,2025-08-23,27.4,30.2,25.2,87,20.1,12.67,16.2
BBSR-02,Bhubaneswar Zone 02,20.355,85.818,2025-08-24,27.3,29.1,25.9,85,16.6,12.66,0.7
BBSR-02,Bhubaneswar Zone 02,20.355,85.818,2025-08-25,26.5,29.1,25.2,92,10.3,9.48,18.0
BBSR-02,Bhubaneswar Zone 02,20.355,85.818,2025-08-26,27.5,31.6,24.5,85,15.4,21.63,19.4
BBSR-02,Bhubaneswar Zone 02,20.355,85.818,2025-08-27,26.7,29.3,24.9,90,13.3,12.62,16.9
BBSR-02,Bhubaneswar Zone 02,20.355,85.818,2025-08-28,27.6,30.8,24.6,85,19.6,19.31,11.7
BBSR-02,Bhubaneswar Zone 02,20.355,85.818,2025-08-29,28.3,30.9,25.8,82,20.6,16.35,1.3
BBSR-02,Bhubaneswar Zone 02,20.355,85.818,2025-08-30,27.7,29.9,26.0,88,14.6,13.51,17.6
BBSR-02,Bhubaneswar Zone 02,20.355,85.818,2025-08-31,27.2,31.7,25.5,91,7.9,17.77,5.8
BBSR-02,Bhubaneswar Zone 02,20.355,85.818,2025-09-01,28.0,32.0,24.9,87,13.3,19.58,1.0
BBSR-02,Bhubaneswar Zone 02,20.355,85.818,2025-09-02,26.5,29.7,24.9,91,9.3,10.53,20.6
BBSR-02,Bhubaneswar Zone 02,20.355,85.818,2025-09-03,25.5,26.4,24.8,96,17.5,3.99,51.4
BBSR-02,Bhubaneswar Zone 02,20.355,85.818,2025-09-04,27.4,30.9,25.1,91,9.4,15.11,10.4
BBSR-02,Bhubaneswar Zone 02,20.355,85.818,2025-09-05,27.3,30.3,25.2,92,8.3,12.3,11.5
BBSR-02,Bhubaneswar Zone 02,20.355,85.818,2025-09-06,27.0,30.4,25.1,92,7.8,13.52,14.1
BBSR-02,Bhubaneswar Zone 02,20.355,85.818,2025-09-07,27.5,31.7,24.8,88,14.5,20.68,5.5
BBSR-02,Bhubaneswar Zone 02,20.355,85.818,2025-09-08,27.9,31.9,24.8,88,11.9,20.7,3.7
BBSR-02,Bhubaneswar Zone 02,20.355,85.818,2025-09-09,28.5,32.0,25.1,86,11.2,21.21,2.3
BBSR-02,Bhubaneswar Zone 02,20.355,85.818,2025-09-10,28.7,33.4,25.8,85,15.6,21.14,6.8
BBSR-02,Bhubaneswar Zone 02,20.355,85.818,2025-09-11,28.2,30.7,25.5,89,12.4,18.96,12.1
BBSR-02,Bhubaneswar Zone 02,20.355,85.818,2025-09-12,27.3,31.2,25.3,90,15.8,18.2,10.4
BBSR-02,Bhubaneswar Zone 02,20.355,85.818,2025-09-13,27.4,30.3,25.5,89,14.0,14.59,19.7
BBSR-02,Bhubaneswar Zone 02,20.355,85.818,2025-09-14,27.5,30.9,25.6,88,11.2,14.29,12.5
BBSR-02,Bhubaneswar Zone 02,20.355,85.818,2025-09-15,27.7,31.1,25.6,87,14.3,14.72,6.1
BBSR-02,Bhubaneswar Zone 02,20.355,85.818,2025-09-16,26.8,29.9,25.3,91,15.6,11.8,20.5
BBSR-02,Bhubaneswar Zone 02,20.355,85.818,2025-09-17,28.2,32.3,25.9,84,14.4,19.53,7.9
BBSR-02,Bhubaneswar Zone 02,20.355,85.818,2025-09-18,28.8,33.0,25.7,82,11.8,21.72,0.9
BBSR-02,Bhubaneswar Zone 02,20.355,85.818,2025-09-19,29.2,33.2,26.2,83,10.2,19.99,0.2
BBSR-02,Bhubaneswar Zone 02,20.355,85.818,2025-09-20,28.5,33.0,26.3,86,13.2,16.48,6.9
BBSR-02,Bhubaneswar Zone 02,20.355,85.818,2025-09-21,27.8,32.8,25.7,89,12.4,18.13,9.4
BBSR-02,Bhubaneswar Zone 02,20.355,85.818,2025-09-22,27.5,32.5,25.2,89,14.5,16.37,13.6
BBSR-02,Bhubaneswar Zone 02,20.355,85.818,2025-09-23,26.6,29.8,25.2,91,13.7,12.27,18.1
BBSR-02,Bhubaneswar Zone 02,20.355,85.818,2025-09-24,26.6,30.0,24.7,89,8.7,13.33,4.9
BBSR-02,Bhubaneswar Zone 02,20.355,85.818,2025-09-25,27.3,31.8,25.1,90,12.2,19.03,4.7
BBSR-02,Bhubaneswar Zone 02,20.355,85.818,2025-09-26,26.0,27.4,25.1,94,17.3,6.93,25.2
BBSR-02,Bhubaneswar Zone 02,20.355,85.818,2025-09-27,26.7,29.5,24.9,91,17.4,12.23,11.2
BBSR-02,Bhubaneswar Zone 02,20.355,85.818,2025-09-28,27.0,30.2,24.7,90,17.7,14.97,7.6
BBSR-02,Bhubaneswar Zone 02,20.355,85.818,2025-09-29,27.1,31.6,24.9,89,13.6,17.08,3.9
BBSR-02,Bhubaneswar Zone 02,20.355,85.818,2025-09-30,28.3,32.3,24.9,85,8.8,20.66,0.8
BBSR-02,Bhubaneswar Zone 02,20.355,85.818,2025-10-01,28.3,33.4,25.5,83,19.8,19.93,3.5
BBSR-02,Bhubaneswar Zone 02,20.355,85.818,2025-10-02,26.4,29.6,24.6,91,25.3,9.85,33.2
BBSR-02,Bhubaneswar Zone 02,20.355,85.818,2025-10-03,28.4,31.4,26.0,84,25.8,17.4,3.1
BBSR-02,Bhubaneswar Zone 02,20.355,85.818,2025-10-04,27.9,32.0,25.0,88,19.3,16.92,6.4
BBSR-02,Bhubaneswar Zone 02,20.355,85.818,2025-10-05,26.7,29.2,25.1,92,15.0,13.85,18.0
BBSR-02,Bhubaneswar Zone 02,20.355,85.818,2025-10-06,26.5,30.5,24.3,90,10.5,15.06,17.5
BBSR-02,Bhubaneswar Zone 02,20.355,85.818,2025-10-07,27.0,30.8,25.2,89,8.2,14.79,12.3
BBSR-02,Bhubaneswar Zone 02,20.355,85.818,2025-10-08,26.5,29.9,24.7,90,6.3,14.03,2.9
BBSR-02,Bhubaneswar Zone 02,20.355,85.818,2025-10-09,26.8,31.6,25.0,88,16.4,17.1,10.8
BBSR-02,Bhubaneswar Zone 02,20.355,85.818,2025-10-10,26.8,31.4,24.7,87,9.9,18.15,2.3
BBSR-02,Bhubaneswar Zone 02,20.355,85.818,2025-10-11,27.2,30.7,24.6,84,14.9,18.28,1.7
BBSR-02,Bhubaneswar Zone 02,20.355,85.818,2025-10-12,27.2,31.0,24.6,81,16.9,18.68,0.9
BBSR-02,Bhubaneswar Zone 02,20.355,85.818,2025-10-13,26.4,30.6,24.2,85,16.2,17.12,3.2
BBSR-02,Bhubaneswar Zone 02,20.355,85.818,2025-10-14,27.4,31.5,24.0,77,12.3,20.01,0.2
BBSR-02,Bhubaneswar Zone 02,20.355,85.818,2025-10-15,27.4,31.7,24.0,76,13.2,20.88,0.0
BBSR-02,Bhubaneswar Zone 02,20.355,85.818,2025-10-16,27.3,31.6,24.0,77,8.8,20.35,0.0
BBSR-02,Bhubaneswar Zone 02,20.355,85.818,2025-10-17,26.9,31.3,23.0,74,11.2,20.65,0.0
BBSR-02,Bhubaneswar Zone 02,20.355,85.818,2025-10-18,26.7,31.3,23.7,81,13.8,19.17,0.7
BBSR-02,Bhubaneswar Zone 02,20.355,85.818,2025-10-19,26.5,30.0,23.9,87,17.1,16.29,6.1
BBSR-02,Bhubaneswar Zone 02,20.355,85.818,2025-10-20,26.6,30.9,24.9,88,13.4,15.47,10.9
BBSR-02,Bhubaneswar Zone 02,20.355,85.818,2025-10-21,27.5,31.7,24.3,80,19.7,18.51,0.3
BBSR-02,Bhubaneswar Zone 02,20.355,85.818,2025-10-22,27.6,31.7,24.1,79,16.6,18.18,0.4
BBSR-02,Bhubaneswar Zone 02,20.355,85.818,2025-10-23,27.5,31.6,24.1,80,12.4,18.25,0.3
BBSR-02,Bhubaneswar Zone 02,20.355,85.818,2025-10-24,27.2,31.8,24.3,81,12.2,18.51,0.1
BBSR-02,Bhubaneswar Zone 02,20.355,85.818,2025-10-25,26.8,31.7,24.0,85,13.2,16.96,1.4
BBSR-02,Bhubaneswar Zone 02,20.355,85.818,2025-10-26,27.5,31.7,24.5,81,12.5,17.72,0.6
BBSR-02,Bhubaneswar Zone 02,20.355,85.818,2025-10-27,26.9,30.4,24.7,83,17.0,16.44,6.5
BBSR-02,Bhubaneswar Zone 02,20.355,85.818,2025-10-28,25.7,29.4,23.7,91,21.7,11.27,20.8
BBSR-02,Bhubaneswar Zone 02,20.355,85.818,2025-10-29,25.9,28.6,24.2,91,21.6,12.71,15.6
BBSR-02,Bhubaneswar Zone 02,20.355,85.818,2025-10-30,26.4,29.4,24.3,89,15.3,14.71,6.5
BBSR-02,Bhubaneswar Zone 02,20.355,85.818,2025-10-31,27.8,31.5,24.8,82,14.7,17.37,0.4
BBSR-02,Bhubaneswar Zone 02,20.355,85.818,2025-11-01,27.7,31.7,25.5,85,13.3,16.18,7.6
BBSR-02,Bhubaneswar Zone 02,20.355,85.818,2025-11-02,27.4,30.7,24.5,84,11.0,16.36,0.5
BBSR-02,Bhubaneswar Zone 02,20.355,85.818,2025-11-03,26.7,30.7,23.9,76,8.7,17.19,0.3
BBSR-02,Bhubaneswar Zone 02,20.355,85.818,2025-11-04,25.8,30.7,21.9,64,14.0,17.17,0.0
BBSR-02,Bhubaneswar Zone 02,20.355,85.818,2025-11-05,24.7,30.5,19.7,65,9.6,19.17,0.0
BBSR-02,Bhubaneswar Zone 02,20.355,85.818,2025-11-06,25.7,31.4,21.2,68,8.2,18.69,0.0
BBSR-02,Bhubaneswar Zone 02,20.355,85.818,2025-11-07,25.8,30.8,21.7,71,13.0,18.52,0.0
BBSR-02,Bhubaneswar Zone 02,20.355,85.818,2025-11-08,24.8,30.0,20.5,68,13.0,18.66,0.0
BBSR-02,Bhubaneswar Zone 02,20.355,85.818,2025-11-09,23.4,29.1,19.3,67,8.2,18.76,0.0
BBSR-02,Bhubaneswar Zone 02,20.355,85.818,2025-11-10,23.3,28.9,18.4,64,9.8,18.81,0.0
BBSR-02,Bhubaneswar Zone 02,20.355,85.818,2025-11-11,23.1,29.2,18.4,64,7.8,18.62,0.0
BBSR-02,Bhubaneswar Zone 02,20.355,85.818,2025-11-12,22.6,28.1,17.5,63,10.0,18.61,0.0
BBSR-02,Bhubaneswar Zone 02,20.355,85.818,2025-11-13,22.3,28.1,16.5,63,10.4,18.57,0.0
BBSR-02,Bhubaneswar Zone 02,20.355,85.818,2025-11-14,22.4,28.1,17.4,63,10.8,18.44,0.0
BBSR-02,Bhubaneswar Zone 02,20.355,85.818,2025-11-15,21.9,27.7,17.2,62,14.7,18.39,0.0
BBSR-02,Bhubaneswar Zone 02,20.355,85.818,2025-11-16,21.6,27.8,16.7,59,14.4,18.4,0.0
BBSR-02,Bhubaneswar Zone 02,20.355,85.818,2025-11-17,21.5,27.4,16.3,60,12.8,18.21,0.0
BBSR-02,Bhubaneswar Zone 02,20.355,85.818,2025-11-18,22.0,27.9,16.6,64,9.9,17.94,0.0
BBSR-02,Bhubaneswar Zone 02,20.355,85.818,2025-11-19,23.0,29.4,17.2,66,8.3,17.44,0.0
BBSR-02,Bhubaneswar Zone 02,20.355,85.818,2025-11-20,25.1,29.9,21.2,63,12.7,16.47,0.0
BBSR-02,Bhubaneswar Zone 02,20.355,85.818,2025-11-21,24.8,30.2,20.0,69,10.5,17.0,0.0
BBSR-02,Bhubaneswar Zone 02,20.355,85.818,2025-11-22,24.7,30.2,19.9,75,9.6,16.25,0.0
BBSR-02,Bhubaneswar Zone 02,20.355,85.818,2025-11-23,25.0,30.2,20.7,74,9.9,15.31,0.0
BBSR-02,Bhubaneswar Zone 02,20.355,85.818,2025-11-24,23.8,28.6,20.1,70,11.5,16.17,0.0
BBSR-02,Bhubaneswar Zone 02,20.355,85.818,2025-11-25,22.8,27.9,18.8,67,12.7,16.71,0.0
BBSR-02,Bhubaneswar Zone 02,20.355,85.818,2025-11-26,21.8,27.1,17.7,63,15.1,16.89,0.0
BBSR-02,Bhubaneswar Zone 02,20.355,85.818,2025-11-27,21.0,26.6,16.5,59,14.1,17.11,0.0
BBSR-02,Bhubaneswar Zone 02,20.355,85.818,2025-11-28,22.0,27.9,16.6,67,9.8,16.13,0.0
BBSR-02,Bhubaneswar Zone 02,20.355,85.818,2025-11-29,23.0,28.7,18.1,69,9.3,15.65,0.0
BBSR-02,Bhubaneswar Zone 02,20.355,85.818,2025-11-30,22.7,27.9,18.8,67,9.4,15.65,0.0
BBSR-02,Bhubaneswar Zone 02,20.355,85.818,2025-12-01,21.5,25.3,17.8,71,11.6,6.31,0.0
BBSR-02,Bhubaneswar Zone 02,20.355,85.818,2025-12-02,23.2,27.7,20.0,72,9.7,12.53,0.0
BBSR-02,Bhubaneswar Zone 02,20.355,85.818,2025-12-03,22.6,27.9,18.5,72,9.7,14.79,0.0
BBSR-02,Bhubaneswar Zone 02,20.355,85.818,2025-12-04,21.9,27.5,17.9,67,13.7,16.16,0.0
BBSR-02,Bhubaneswar Zone 02,20.355,85.818,2025-12-05,21.0,26.9,16.4,63,14.9,16.39,0.0
BBSR-02,Bhubaneswar Zone 02,20.355,85.818,2025-12-06,20.3,26.4,15.7,61,10.4,16.43,0.0
BBSR-02,Bhubaneswar Zone 02,20.355,85.818,2025-12-07,20.1,26.1,14.9,61,9.3,16.25,0.0
BBSR-02,Bhubaneswar Zone 02,20.355,85.818,2025-12-08,20.5,26.6,14.7,64,7.2,15.99,0.0
BBSR-02,Bhubaneswar Zone 02,20.355,85.818,2025-12-09,20.6,26.6,15.4,66,10.2,15.79,0.0
BBSR-02,Bhubaneswar Zone 02,20.355,85.818,2025-12-10,20.3,26.5,15.0,68,11.5,16.03,0.0
BBSR-02,Bhubaneswar Zone 02,20.355,85.818,2025-12-11,20.0,26.6,14.2,62,7.3,16.41,0.0
BBSR-02,Bhubaneswar Zone 02,20.355,85.818,2025-12-12,20.2,26.5,14.8,64,5.8,16.22,0.0
BBSR-02,Bhubaneswar Zone 02,20.355,85.818,2025-12-13,20.5,26.5,15.5,67,6.8,15.98,0.0
BBSR-02,Bhubaneswar Zone 02,20.355,85.818,2025-12-14,20.4,26.5,15.3,67,9.7,15.89,0.0
BBSR-02,Bhubaneswar Zone 02,20.355,85.818,2025-12-15,20.7,26.9,15.3,70,6.7,15.85,0.0
BBSR-02,Bhubaneswar Zone 02,20.355,85.818,2025-12-16,20.8,26.7,15.9,73,5.8,15.69,0.0
BBSR-02,Bhubaneswar Zone 02,20.355,85.818,2025-12-17,20.7,26.6,15.5,74,7.3,15.84,0.0
BBSR-02,Bhubaneswar Zone 02,20.355,85.818,2025-12-18,20.5,26.4,15.6,68,9.4,15.68,0.0
BBSR-02,Bhubaneswar Zone 02,20.355,85.818,2025-12-19,20.4,26.2,15.7,68,6.0,15.76,0.0
BBSR-02,Bhubaneswar Zone 02,20.355,85.818,2025-12-20,20.3,25.7,15.9,69,8.0,15.39,0.0
BBSR-02,Bhubaneswar Zone 02,20.355,85.818,2025-12-21,19.5,25.5,14.8,70,9.0,15.43,0.0
BBSR-02,Bhubaneswar Zone 02,20.355,85.818,2025-12-22,19.6,25.3,14.8,70,11.2,15.7,0.0
BBSR-02,Bhubaneswar Zone 02,20.355,85.818,2025-12-23,19.9,25.6,15.0,75,5.6,15.69,0.0
BBSR-02,Bhubaneswar Zone 02,20.355,85.818,2025-12-24,20.2,26.5,15.1,79,6.5,14.9,0.0
BBSR-02,Bhubaneswar Zone 02,20.355,85.818,2025-12-25,19.5,25.0,16.1,77,11.8,15.49,0.0
BBSR-02,Bhubaneswar Zone 02,20.355,85.818,2025-12-26,18.8,24.2,15.0,78,9.8,15.81,0.0
BBSR-02,Bhubaneswar Zone 02,20.355,85.818,2025-12-27,18.9,24.8,14.2,77,7.4,15.86,0.0
BBSR-02,Bhubaneswar Zone 02,20.355,85.818,2025-12-28,18.9,24.8,14.0,75,7.8,16.02,0.0
BBSR-02,Bhubaneswar Zone 02,20.355,85.818,2025-12-29,18.6,24.5,14.5,77,9.8,16.06,0.0
BBSR-02,Bhubaneswar Zone 02,20.355,85.818,2025-12-30,18.3,24.7,13.7,81,10.0,16.07,0.0
BBSR-02,Bhubaneswar Zone 02,20.355,85.818,2025-12-31,18.3,24.1,14.4,85,9.2,14.23,0.0
BBSR-03,Bhubaneswar Zone 03,20.325,85.815,2024-01-01,20.5,26.1,15.5,77,9.2,15.85,0.0
BBSR-03,Bhubaneswar Zone 03,20.325,85.815,2024-01-02,20.3,26.4,15.2,80,11.3,15.49,0.0
BBSR-03,Bhubaneswar Zone 03,20.325,85.815,2024-01-03,20.1,26.2,15.6,73,11.0,16.07,0.0
BBSR-03,Bhubaneswar Zone 03,20.325,85.815,2024-01-04,20.0,27.0,14.4,74,10.5,16.12,0.0
BBSR-03,Bhubaneswar Zone 03,20.325,85.815,2024-01-05,20.5,27.5,15.0,73,10.9,16.22,0.0
BBSR-03,Bhubaneswar Zone 03,20.325,85.815,2024-01-06,20.8,27.8,14.6,72,9.4,16.43,0.0
BBSR-03,Bhubaneswar Zone 03,20.325,85.815,2024-01-07,20.8,27.7,14.4,70,13.8,16.09,0.0
BBSR-03,Bhubaneswar Zone 03,20.325,85.815,2024-01-08,21.3,28.0,16.2,73,14.0,16.03,0.0
BBSR-03,Bhubaneswar Zone 03,20.325,85.815,2024-01-09,21.0,27.3,15.7,76,12.5,16.04,0.0
BBSR-03,Bhubaneswar Zone 03,20.325,85.815,2024-01-10,22.3,29.1,16.2,78,15.7,15.34,0.0
BBSR-03,Bhubaneswar Zone 03,20.325,85.815,2024-01-11,23.6,29.1,20.0,78,12.1,15.56,0.0
BBSR-03,Bhubaneswar Zone 03,20.325,85.815,2024-01-12,21.2,26.4,17.6,72,13.2,16.43,0.0
BBSR-03,Bhubaneswar Zone 03,20.325,85.815,2024-01-13,20.0,26.2,14.4,69,16.8,16.81,0.0
BBSR-03,Bhubaneswar Zone 03,20.325,85.815,2024-01-14,20.9,27.6,14.8,76,8.6,16.29,0.0
BBSR-03,Bhubaneswar Zone 03,20.325,85.815,2024-01-15,21.3,28.1,15.9,77,11.2,15.32,0.0
BBSR-03,Bhubaneswar Zone 03,20.325,85.815,2024-01-16,22.0,27.2,18.1,80,13.4,13.83,0.5
BBSR-03,Bhubaneswar Zone 03,20.325,85.815,2024-01-17,21.7,26.3,18.5,87,11.9,10.76,3.9
BBSR-03,Bhubaneswar Zone 03,20.325,85.815,2024-01-18,22.7,27.8,18.7,83,21.2,13.06,0.5
BBSR-03,Bhubaneswar Zone 03,20.325,85.815,2024-01-19,21.9,26.7,18.6,78,14.5,13.86,0.1
BBSR-03,Bhubaneswar Zone 03,20.325,85.815,2024-01-20,21.2,26.4,17.6,80,12.6,13.92,0.0
BBSR-03,Bhubaneswar Zone 03,20.325,85.815,2024-01-21,21.1,26.2,17.9,88,7.9,9.88,7.2
BBSR-03,Bhubaneswar Zone 03,20.325,85.815,2024-01-22,20.4,24.7,16.1,72,15.6,11.42,0.6
BBSR-03,Bhubaneswar Zone 03,20.325,85.815,2024-01-23,20.9,27.5,15.2,67,14.5,13.97,1.6
BBSR-03,Bhubaneswar Zone 03,20.325,85.815,2024-01-24,19.9,23.2,17.4,88,15.5,6.46,19.0
BBSR-03,Bhubaneswar Zone 03,20.325,85.815,2024-01-25,19.4,23.9,16.0,83,14.3,11.7,0.7
BBSR-03,Bhubaneswar Zone 03,20.325,85.815,2024-01-26,19.4,25.4,15.4,75,11.2,17.38,0.0
BBSR-03,Bhubaneswar Zone 03,20.325,85.815,2024-01-27,19.2,25.3,13.7,75,8.9,17.73,0.0
BBSR-03,Bhubaneswar Zone 03,20.325,85.815,2024-01-28,19.7,26.3,14.3,77,12.2,17.99,0.0
BBSR-03,Bhubaneswar Zone 03,20.325,85.815,2024-01-29,20.7,27.4,14.4,77,10.5,17.42,0.0
BBSR-03,Bhubaneswar Zone 03,20.325,85.815,2024-01-30,22.5,28.6,16.8,78,14.6,16.23,0.0
BBSR-03,Bhubaneswar Zone 03,20.325,85.815,2024-01-31,23.3,29.3,19.5,75,14.9,16.1,0.0
BBSR-03,Bhubaneswar Zone 03,20.325,85.815,2024-02-01,23.9,30.0,19.6,78,19.5,17.19,0.0
BBSR-03,Bhubaneswar Zone 03,20.325,85.815,2024-02-02,23.1,29.0,18.7,85,15.7,13.93,0.7
BBSR-03,Bhubaneswar Zone 03,20.325,85.815,2024-02-03,23.4,29.5,19.1,81,12.0,17.12,0.0
BBSR-03,Bhubaneswar Zone 03,20.325,85.815,2024-02-04,24.0,30.0,19.1,78,11.6,16.9,0.4
BBSR-03,Bhubaneswar Zone 03,20.325,85.815,2024-02-05,24.3,30.7,18.1,78,14.3,18.66,0.0
BBSR-03,Bhubaneswar Zone 03,20.325,85.815,2024-02-06,26.1,32.5,22.0,79,18.3,17.88,0.0
BBSR-03,Bhubaneswar Zone 03,20.325,85.815,2024-02-07,25.0,29.9,21.2,80,17.9,15.54,0.0
BBSR-03,Bhubaneswar Zone 03,20.325,85.815,2024-02-08,23.9,28.9,20.1,75,18.1,14.14,0.1
BBSR-03,Bhubaneswar Zone 03,20.325,85.815,2024-02-09,21.6,26.9,17.6,64,15.6,18.99,0.0
BBSR-03,Bhubaneswar Zone 03,20.325,85.815,2024-02-10,21.0,27.3,15.2,64,10.8,19.6,0.0
BBSR-03,Bhubaneswar Zone 03,20.325,85.815,2024-02-11,22.9,29.2,17.8,66,14.5,19.31,0.0
BBSR-03,Bhubaneswar Zone 03,20.325,85.815,2024-02-12,23.6,30.8,17.9,67,15.6,18.92,0.0
BBSR-03,Bhubaneswar Zone 03,20.325,85.815,2024-02-13,23.6,31.5,17.9,73,14.7,18.85,0.0
BBSR-03,Bhubaneswar Zone 03,20.325,85.815,2024-02-14,23.6,31.4,17.5,76,15.3,18.7,0.0
BBSR-03,Bhubaneswar Zone 03,20.325,85.815,2024-02-15,24.2,31.4,18.4,78,18.3,17.52,2.5
BBSR-03,Bhubaneswar Zone 03,20.325,85.815,2024-02-16,24.6,31.5,18.4,66,11.9,19.72,0.0
BBSR-03,Bhubaneswar Zone 03,20.325,85.815,2024-02-17,25.1,32.2,19.9,72,14.4,19.11,0.0
BBSR-03,Bhubaneswar Zone 03,20.325,85.815,2024-02-18,26.0,32.7,20.7,74,15.7,18.13,0.3
BBSR-03,Bhubaneswar Zone 03,20.325,85.815,2024-02-19,26.2,33.1,20.6,74,16.2,18.6,0.0
BBSR-03,Bhubaneswar Zone 03,20.325,85.815,2024-02-20,27.3,35.1,21.5,66,15.9,18.15,0.0
BBSR-03,Bhubaneswar Zone 03,20.325,85.815,2024-02-21,27.7,35.5,21.5,55,20.5,18.47,0.0
BBSR-03,Bhubaneswar Zone 03,20.325,85.815,2024-02-22,27.5,32.9,23.4,65,24.4,17.66,0.5
BBSR-03,Bhubaneswar Zone 03,20.325,85.815,2024-02-23,26.3,31.1,22.6,71,18.7,19.0,0.1
BBSR-03,Bhubaneswar Zone 03,20.325,85.815,2024-02-24,24.1,28.2,21.3,83,13.4,13.19,5.6
BBSR-03,Bhubaneswar Zone 03,20.325,85.815,2024-02-25,24.1,30.1,21.2,84,17.6,15.55,5.3
BBSR-03,Bhubaneswar Zone 03,20.325,85.815,2024-02-26,25.0,31.3,20.0,71,13.7,19.81,0.0
BBSR-03,Bhubaneswar Zone 03,20.325,85.815,2024-02-27,25.3,31.6,20.0,66,17.1,20.6,2.5
BBSR-03,Bhubaneswar Zone 03,20.325,85.815,2024-02-28,26.6,33.0,21.2,67,11.2,20.18,0.1
BBSR-03,Bhubaneswar Zone 03,20.325,85.815,2024-02-29,26.7,33.1,21.0,71,12.5,20.14,0.0
BBSR-03,Bhubaneswar Zone 03,20.325,85.815,2024-03-01,27.3,33.9,23.4,74,14.1,20.03,0.0
BBSR-03,Bhubaneswar Zone 03,20.325,85.815,2024-03-02,27.3,34.4,21.6,71,16.2,20.98,0.0
BBSR-03,Bhubaneswar Zone 03,20.325,85.815,2024-03-03,27.6,33.8,22.7,71,17.1,20.88,0.0
BBSR-03,Bhubaneswar Zone 03,20.325,85.815,2024-03-04,27.6,34.1,22.9,75,18.2,19.11,1.2
BBSR-03,Bhubaneswar Zone 03,20.325,85.815,2024-03-05,27.8,34.4,22.2,72,18.1,20.17,0.2
BBSR-03,Bhubaneswar Zone 03,20.325,85.815,2024-03-06,26.8,34.3,23.2,81,14.8,18.89,5.0
BBSR-03,Bhubaneswar Zone 03,20.325,85.815,2024-03-07,26.8,34.0,23.5,81,14.2,16.8,6.0
BBSR-03,Bhubaneswar Zone 03,20.325,85.815,2024-03-08,25.9,32.0,22.6,80,12.0,18.38,0.7
BBSR-03,Bhubaneswar Zone 03,20.325,85.815,2024-03-09,26.3,32.7,20.7,65,16.7,21.3,0.0
BBSR-03,Bhubaneswar Zone 03,20.325,85.815,2024-03-10,26.8,33.6,21.1,68,16.6,20.55,0.0
BBSR-03,Bhubaneswar Zone 03,20.325,85.815,2024-03-11,27.4,33.5,22.1,74,17.3,20.78,0.3
BBSR-03,Bhubaneswar Zone 03,20.325,85.815,2024-03-12,29.2,35.7,23.6,72,18.0,20.26,0.5
BBSR-03,Bhubaneswar Zone 03,20.325,85.815,2024-03-13,29.5,36.1,25.0,74,20.9,19.2,0.0
BBSR-03,Bhubaneswar Zone 03,20.325,85.815,2024-03-14,29.6,36.6,25.9,71,20.4,19.35,0.1
BBSR-03,Bhubaneswar Zone 03,20.325,85.815,2024-03-15,28.7,36.6,24.5,76,18.1,19.85,4.0
BBSR-03,Bhubaneswar Zone 03,20.325,85.815,2024-03-16,28.4,34.2,24.4,76,15.9,20.45,0.4
BBSR-03,Bhubaneswar Zone 03,20.325,85.815,2024-03-17,28.1,33.5,23.1,75,10.5,19.41,1.0
BBSR-03,Bhubaneswar Zone 03,20.325,85.815,2024-03-18,28.3,33.4,23.1,75,15.8,17.73,11.0
BBSR-03,Bhubaneswar Zone 03,20.325,85.815,2024-03-19,24.6,28.3,22.0,84,19.9,9.35,13.3
BBSR-03,Bhubaneswar Zone 03,20.325,85.815,2024-03-20,21.5,25.0,19.4,80,17.7,7.12,22.6
BBSR-03,Bhubaneswar Zone 03,20.325,85.815,2024-03-21,23.5,29.7,16.8,76,15.5,21.68,0.9
BBSR-03,Bhubaneswar Zone 03,20.325,85.815,2024-03-22,26.7,32.5,21.3,78,16.6,21.49,0.3
BBSR-03,Bhubaneswar Zone 03,20.325,85.815,2024-03-23,28.0,35.1,21.3,73,19.1,23.17,0.0
BBSR-03,Bhubaneswar Zone 03,20.325,85.815,2024-03-24,28.5,34.9,23.8,75,20.9,22.31,1.0
BBSR-03,Bhubaneswar Zone 03,20.325,85.815,2024-03-25,29.1,36.0,24.0,67,16.7,21.02,0.1
BBSR-03,Bhubaneswar Zone 03,20.325,85.815,2024-03-26,28.9,35.4,23.8,59,19.5,22.18,0.0
BBSR-03,Bhubaneswar Zone 03,20.325,85.815,2024-03-27,29.6,36.3,24.0,63,18.7,23.04,0.0
BBSR-03,Bhubaneswar Zone 03,20.325,85.815,2024-03-28,29.7,37.4,23.6,70,18.6,22.67,0.0
BBSR-03,Bhubaneswar Zone 03,20.325,85.815,2024-03-29,30.2,37.7,23.7,68,21.3,22.69,0.0
BBSR-03,Bhubaneswar Zone 03,20.325,85.815,2024-03-30,30.4,37.8,24.7,66,19.8,21.3,0.0
BBSR-03,Bhubaneswar Zone 03,20.325,85.815,2024-03-31,30.1,36.4,24.7,66,19.1,20.65,0.0
BBSR-03,Bhubaneswar Zone 03,20.325,85.815,2024-04-01,31.0,38.1,25.4,61,20.5,22.76,0.3
BBSR-03,Bhubaneswar Zone 03,20.325,85.815,2024-04-02,31.0,37.9,25.9,69,19.5,23.26,0.0
BBSR-03,Bhubaneswar Zone 03,20.325,85.815,2024-04-03,30.8,37.3,24.5,73,17.7,23.16,0.0
BBSR-03,Bhubaneswar Zone 03,20.325,85.815,2024-04-04,31.0,37.4,25.4,75,17.6,22.06,0.0
BBSR-03,Bhubaneswar Zone 03,20.325,85.815,2024-04-05,32.3,41.0,26.0,64,20.9,23.18,0.0
BBSR-03,Bhubaneswar Zone 03,20.325,85.815,2024-04-06,31.7,39.4,25.6,69,18.7,23.15,0.0
BBSR-03,Bhubaneswar Zone 03,20.325,85.815,2024-04-07,29.9,38.2,24.8,74,16.7,21.09,18.2
BBSR-03,Bhubaneswar Zone 03,20.325,85.815,2024-04-08,27.5,33.0,24.4,65,24.0,23.23,0.0
BBSR-03,Bhubaneswar Zone 03,20.325,85.815,2024-04-09,28.9,35.9,23.9,55,24.3,22.29,0.0
BBSR-03,Bhubaneswar Zone 03,20.325,85.815,2024-04-10,29.2,36.0,23.3,59,9.5,21.53,0.0
BBSR-03,Bhubaneswar Zone 03,20.325,85.815,2024-04-11,26.0,28.7,23.2,73,24.8,11.58,0.2
BBSR-03,Bhubaneswar Zone 03,20.325,85.815,2024-04-12,27.2,33.0,22.1,67,13.5,17.23,0.0
BBSR-03,Bhubaneswar Zone 03,20.325,85.815,2024-04-13,29.3,36.1,22.5,57,11.8,23.63,0.0
BBSR-03,Bhubaneswar Zone 03,20.325,85.815,2024-04-14,30.5,37.0,24.1,58,12.7,23.77,0.0
BBSR-03,Bhubaneswar Zone 03,20.325,85.815,2024-04-15,31.6,38.7,25.0,55,17.7,24.15,0.0
BBSR-03,Bhubaneswar Zone 03,20.325,85.815,2024-04-16,32.8,39.5,26.5,57,15.5,24.06,0.0
BBSR-03,Bhubaneswar Zone 03,20.325,85.815,2024-04-17,33.6,40.9,27.4,53,18.2,23.84,0.0
BBSR-03,Bhubaneswar Zone 03,20.325,85.815,2024-04-18,33.2,41.3,26.9,51,18.7,25.56,0.0
BBSR-03,Bhubaneswar Zone 03,20.325,85.815,2024-04-19,32.2,41.3,24.9,58,22.5,25.81,0.0
BBSR-03,Bhubaneswar Zone 03,20.325,85.815,2024-04-20,32.5,40.0,26.5,67,20.2,23.72,0.0
BBSR-03,Bhubaneswar Zone 03,20.325,85.815,2024-04-21,33.4,40.6,26.6,61,22.7,23.43,0.3
BBSR-03,Bhubaneswar Zone 03,20.325,85.815,2024-04-22,33.7,39.7,27.9,49,25.3,22.32,0.0
BBSR-03,Bhubaneswar Zone 03,20.325,85.815,2024-04-23,32.7,39.1,27.2,43,15.8,24.51,0.0
BBSR-03,Bhubaneswar Zone 03,20.325,85.815,2024-04-24,32.5,39.7,27.1,53,29.8,23.22,0.4
BBSR-03,Bhubaneswar Zone 03,20.325,85.815,2024-04-25,33.2,41.1,26.4,54,18.3,23.75,0.0
BBSR-03,Bhubaneswar Zone 03,20.325,85.815,2024-04-26,32.8,40.7,27.2,66,19.6,24.34,1.2
BBSR-03,Bhubaneswar Zone 03,20.325,85.815,2024-04-27,32.8,40.4,27.4,65,17.8,24.74,0.4
BBSR-03,Bhubaneswar Zone 03,20.325,85.815,2024-04-28,33.4,40.8,27.3,58,14.8,24.47,0.0
BBSR-03,Bhubaneswar Zone 03,20.325,85.815,2024-04-29,33.7,41.1,27.5,59,19.3,24.09,0.0
BBSR-03,Bhubaneswar Zone 03,20.325,85.815,2024-04-30,34.0,41.6,28.4,51,23.5,24.2,0.0
BBSR-03,Bhubaneswar Zone 03,20.325,85.815,2024-05-01,33.5,40.0,29.3,61,22.9,22.57,1.4
BBSR-03,Bhubaneswar Zone 03,20.325,85.815,2024-05-02,32.6,39.2,28.1,70,19.6,23.46,0.0
BBSR-03,Bhubaneswar Zone 03,20.325,85.815,2024-05-03,32.4,39.3,26.5,70,19.8,24.97,0.0
BBSR-03,Bhubaneswar Zone 03,20.325,85.815,2024-05-04,32.2,38.1,27.6,72,21.2,22.99,0.0
BBSR-03,Bhubaneswar Zone 03,20.325,85.815,2024-05-05,31.9,38.4,27.3,73,28.2,24.85,0.0
BBSR-03,Bhubaneswar Zone 03,20.325,85.815,2024-05-06,31.7,37.7,28.3,76,27.8,20.33,0.1
BBSR-03,Bhubaneswar Zone 03,20.325,85.815,2024-05-07,29.8,35.5,27.6,74,32.1,18.21,3.8
BBSR-03,Bhubaneswar Zone 03,20.325,85.815,2024-05-08,29.6,35.2,26.4,75,18.7,20.89,14.3
BBSR-03,Bhubaneswar Zone 03,20.325,85.815,2024-05-09,30.4,35.0,27.0,73,23.0,20.65,0.5
BBSR-03,Bhubaneswar Zone 03,20.325,85.815,2024-05-10,30.5,35.4,26.9,73,22.1,23.27,1.2
BBSR-03,Bhubaneswar Zone 03,20.325,85.815,2024-05-11,31.3,36.1,27.7,74,19.9,23.9,2.4
BBSR-03,Bhubaneswar Zone 03,20.325,85.815,2024-05-12,30.0,35.6,27.1,78,20.1,22.55,14.4
BBSR-03,Bhubaneswar Zone 03,20.325,85.815,2024-05-13,30.4,37.4,27.2,74,13.8,23.45,1.2
BBSR-03,Bhubaneswar Zone 03,20.325,85.815,2024-05-14,30.0,34.6,26.1,76,16.6,23.2,1.1
BBSR-03,Bhubaneswar Zone 03,20.325,85.815,2024-05-15,30.9,36.6,25.6,69,18.6,24.51,0.0
BBSR-03,Bhubaneswar Zone 03,20.325,85.815,2024-05-16,30.9,35.4,27.7,71,17.3,17.58,1.1
BBSR-03,Bhubaneswar Zone 03,20.325,85.815,2024-05-17,32.0,37.7,27.9,68,17.3,22.45,0.2
BBSR-03,Bhubaneswar Zone 03,20.325,85.815,2024-05-18,31.6,36.6,28.1,73,16.6,19.43,1.6
BBSR-03,Bhubaneswar Zone 03,20.325,85.815,2024-05-19,31.3,35.1,28.3,71,15.2,21.81,0.4
BBSR-03,Bhubaneswar Zone 03,20.325,85.815,2024-05-20,31.8,36.0,28.9,71,19.0,22.76,0.3
BBSR-03,Bhubaneswar Zone 03,20.325,85.815,2024-05-21,31.4,36.9,28.1,73,18.1,21.94,0.5
BBSR-03,Bhubaneswar Zone 03,20.325,85.815,2024-05-22,31.4,36.3,28.0,73,20.1,22.86,0.2
BBSR-03,Bhubaneswar Zone 03,20.325,85.815,2024-05-23,31.3,36.3,27.0,70,15.9,23.77,0.6
BBSR-03,Bhubaneswar Zone 03,20.325,85.815,2024-05-24,30.8,34.8,27.4,72,19.3,18.59,0.6
BBSR-03,Bhubaneswar Zone 03,20.325,85.815,2024-05-25,31.2,34.8,28.1,73,21.4,20.39,8.4
BBSR-03,Bhubaneswar Zone 03,20.325,85.815,2024-05-26,30.1,34.5,28.1,78,18.2,7.44,18.9
BBSR-03,Bhubaneswar Zone 03,20.325,85.815,2024-05-27,31.7,36.5,28.0,75,21.9,15.97,0.3
BBSR-03,Bhubaneswar Zone 03,20.325,85.815,2024-05-28,33.0,38.3,29.9,76,25.5,23.97,0.0
BBSR-03,Bhubaneswar Zone 03,20.325,85.815,2024-05-29,33.0,37.4,29.9,75,26.3,24.67,0.0
BBSR-03,Bhubaneswar Zone 03,20.325,85.815,2024-05-30,32.6,37.2,29.8,76,27.2,23.88,0.1
BBSR-03,Bhubaneswar Zone 03,20.325,85.815,2024-05-31,32.4,37.1,29.9,77,25.3,22.04,0.1
BBSR-03,Bhubaneswar Zone 03,20.325,85.815,2024-06-01,32.0,35.6,29.3,76,23.8,18.57,0.0
BBSR-03,Bhubaneswar Zone 03,20.325,85.815,2024-06-02,31.3,36.7,28.2,77,24.2,19.32,25.0
BBSR-03,Bhubaneswar Zone 03,20.325,85.815,2024-06-03,30.7,35.5,27.6,74,21.7,20.97,0.0
BBSR-03,Bhubaneswar Zone 03,20.325,85.815,2024-06-04,31.0,38.0,28.3,79,17.1,20.5,13.0
BBSR-03,Bhubaneswar Zone 03,20.325,85.815,2024-06-05,32.0,36.6,28.2,70,15.1,24.3,0.3
BBSR-03,Bhubaneswar Zone 03,20.325,85.815,2024-06-06,32.4,38.9,27.5,69,25.8,24.72,6.8
BBSR-03,Bhubaneswar Zone 03,20.325,85.815,2024-06-07,31.8,37.6,28.1,71,20.7,24.28,0.0
BBSR-03,Bhubaneswar Zone 03,20.325,85.815,2024-06-08,31.7,37.8,27.4,70,23.6,24.89,0.0
BBSR-03,Bhubaneswar Zone 03,20.325,85.815,2024-06-09,32.3,38.7,27.8,68,23.2,24.76,0.0
BBSR-03,Bhubaneswar Zone 03,20.325,85.815,2024-06-10,31.9,38.2,27.4,67,23.7,25.42,0.0
BBSR-03,Bhubaneswar Zone 03,20.325,85.815,2024-06-11,31.5,37.7,27.5,71,23.8,24.8,0.0
BBSR-03,Bhubaneswar Zone 03,20.325,85.815,2024-06-12,31.7,39.5,28.0,73,21.4,23.0,10.7
BBSR-03,Bhubaneswar Zone 03,20.325,85.815,2024-06-13,32.3,38.5,28.6,71,23.8,22.1,0.0
BBSR-03,Bhubaneswar Zone 03,20.325,85.815,2024-06-14,32.6,38.0,28.5,65,22.1,20.46,0.0
BBSR-03,Bhubaneswar Zone 03,20.325,85.815,2024-06-15,33.3,39.9,28.9,66,21.5,24.34,0.0
BBSR-03,Bhubaneswar Zone 03,20.325,85.815,2024-06-16,31.7,37.0,27.9,72,18.0,21.7,5.6
BBSR-03,Bhubaneswar Zone 03,20.325,85.815,2024-06-17,31.0,37.2,29.1,77,24.6,15.69,17.1
BBSR-03,Bhubaneswar Zone 03,20.325,85.815,2024-06-18,30.8,35.7,28.9,79,24.0,13.28,13.0
BBSR-03,Bhubaneswar Zone 03,20.325,85.815,2024-06-19,31.8,37.0,28.4,73,24.6,21.72,3.7
BBSR-03,Bhubaneswar Zone 03,20.325,85.815,2024-06-20,31.2,35.4,28.6,74,15.0,19.93,2.0
BBSR-03,Bhubaneswar Zone 03,20.325,85.815,2024-06-21,29.1,34.0,27.1,81,11.9,19.77,5.9
BBSR-03,Bhubaneswar Zone 03,20.325,85.815,2024-06-22,29.1,33.3,26.4,81,14.1,19.9,2.9
BBSR-03,Bhubaneswar Zone 03,20.325,85.815,2024-06-23,30.0,33.6,27.0,78,19.9,21.05,0.4
BBSR-03,Bhubaneswar Zone 03,20.325,85.815,2024-06-24,30.4,34.2,27.9,76,18.0,22.42,0.3
BBSR-03,Bhubaneswar Zone 03,20.325,85.815,2024-06-25,30.2,35.1,27.9,78,16.6,22.64,6.4
BBSR-03,Bhubaneswar Zone 03,20.325,85.815,2024-06-26,29.3,33.9,27.1,83,14.9,20.16,10.5
BBSR-03,Bhubaneswar Zone 03,20.325,85.815,2024-06-27,28.4,32.0,26.4,86,20.7,18.02,14.2
BBSR-03,Bhubaneswar Zone 03,20.325,85.815,2024-06-28,29.0,33.4,26.9,85,15.5,18.24,2.3
BBSR-03,Bhubaneswar Zone 03,20.325,85.815,2024-06-29,28.6,33.1,26.3,86,17.7,16.22,27.2
BBSR-03,Bhubaneswar Zone 03,20.325,85.815,2024-06-30,28.1,31.6,26.2,88,16.4,13.18,24.3
BBSR-03,Bhubaneswar Zone 03,20.325,85.815,2024-07-01,28.5,31.7,26.6,83,18.9,14.32,3.6
BBSR-03,Bhubaneswar Zone 03,20.325,85.815,2024-07-02,28.9,31.8,26.7,84,16.3,12.11,1.6
BBSR-03,Bhubaneswar Zone 03,20.325,85.815,2024-07-03,28.0,30.3,26.8,89,14.9,7.35,16.9
BBSR-03,Bhubaneswar Zone 03,20.325,85.815,2024-07-04,28.6,32.7,26.8,87,20.3,18.09,17.2
BBSR-03,Bhubaneswar Zone 03,20.325,85.815,2024-07-05,28.9,32.2,26.9,85,20.0,16.4,1.9
BBSR-03,Bhubaneswar Zone 03,20.325,85.815,2024-07-06,28.5,31.6,26.1,86,18.1,17.69,12.7
BBSR-03,Bhubaneswar Zone 03,20.325,85.815,2024-07-07,28.3,32.1,25.9,88,11.0,20.7,17.4
BBSR-03,Bhubaneswar Zone 03,20.325,85.815,2024-07-08,28.1,31.0,25.5,84,15.3,17.19,3.8
BBSR-03,Bhubaneswar Zone 03,20.325,85.815,2024-07-09,28.4,31.9,25.6,82,19.9,20.4,4.6
BBSR-03,Bhubaneswar Zone 03,20.325,85.815,2024-07-10,29.2,32.4,26.9,79,19.0,22.38,0.5
BBSR-03,Bhubaneswar Zone 03,20.325,85.815,2024-07-11,29.0,32.1,27.1,83,20.0,16.04,9.1
BBSR-03,Bhubaneswar Zone 03,20.325,85.815,2024-07-12,28.4,32.8,26.6,86,17.2,13.13,19.4
BBSR-03,Bhubaneswar Zone 03,20.325,85.815,2024-07-13,28.7,32.7,26.2,85,11.2,18.75,4.9
BBSR-03,Bhubaneswar Zone 03,20.325,85.815,2024-07-14,28.5,32.7,26.2,85,16.3,23.27,11.9
BBSR-03,Bhubaneswar Zone 03,20.325,85.815,2024-07-15,28.0,31.2,25.8,87,17.1,19.7,8.8
BBSR-03,Bhubaneswar Zone 03,20.325,85.815,2024-07-16,28.3,32.1,25.6,85,14.8,19.57,8.7
BBSR-03,Bhubaneswar Zone 03,20.325,85.815,2024-07-17,28.6,32.1,25.9,86,13.9,20.64,6.5
BBSR-03,Bhubaneswar Zone 03,20.325,85.815,2024-07-18,28.7,31.9,26.4,84,22.4,19.46,8.2
BBSR-03,Bhubaneswar Zone 03,20.325,85.815,2024-07-19,28.5,31.1,26.3,84,25.9,18.55,5.0
BBSR-03,Bhubaneswar Zone 03,20.325,85.815,2024-07-20,28.3,31.7,26.6,86,18.1,13.71,10.3
BBSR-03,Bhubaneswar Zone 03,20.325,85.815,2024-07-21,28.9,32.3,26.5,83,20.8,19.03,1.7
BBSR-03,Bhubaneswar Zone 03,20.325,85.815,2024-07-22,28.3,31.7,26.5,83,20.9,17.53,3.3
BBSR-03,Bhubaneswar Zone 03,20.325,85.815,2024-07-23,27.6,30.3,26.5,88,19.7,10.39,20.2
BBSR-03,Bhubaneswar Zone 03,20.325,85.815,2024-07-24,27.8,31.0,25.6,85,22.8,17.21,6.6
BBSR-03,Bhubaneswar Zone 03,20.325,85.815,2024-07-25,27.7,31.3,25.3,86,18.6,13.86,7.6
BBSR-03,Bhubaneswar Zone 03,20.325,85.815,2024-07-26,28.6,31.9,25.8,82,19.8,18.05,8.0
BBSR-03,Bhubaneswar Zone 03,20.325,85.815,2024-07-27,28.9,32.5,25.9,83,15.8,18.77,1.9
BBSR-03,Bhubaneswar Zone 03,20.325,85.815,2024-07-28,29.0,32.8,25.9,83,10.0,19.66,26.6
BBSR-03,Bhubaneswar Zone 03,20.325,85.815,2024-07-29,28.4,31.7,25.8,89,13.9,13.83,12.0
BBSR-03,Bhubaneswar Zone 03,20.325,85.815,2024-07-30,28.2,32.0,26.2,89,14.6,17.51,26.6
BBSR-03,Bhubaneswar Zone 03,20.325,85.815,2024-07-31,28.1,31.9,26.2,90,14.5,14.62,28.6
BBSR-03,Bhubaneswar Zone 03,20.325,85.815,2024-08-01,27.3,29.6,26.1,92,18.7,6.59,23.3
BBSR-03,Bhubaneswar Zone 03,20.325,85.815,2024-08-02,28.1,30.7,26.8,84,21.9,13.13,3.1
BBSR-03,Bhubaneswar Zone 03,20.325,85.815,2024-08-03,28.5,31.6,26.5,83,21.6,15.87,2.6
BBSR-03,Bhubaneswar Zone 03,20.325,85.815,2024-08-04,28.9,31.9,26.6,84,21.4,12.1,0.6
BBSR-03,Bhubaneswar Zone 03,20.325,85.815,2024-08-05,28.0,31.8,26.1,87,15.5,15.53,26.2
BBSR-03,Bhubaneswar Zone 03,20.325,85.815,2024-08-06,27.1,30.1,26.1,91,15.5,13.29,30.6
BBSR-03,Bhubaneswar Zone 03,20.325,85.815,2024-08-07,27.0,30.6,25.2,89,13.6,13.75,14.1
BBSR-03,Bhubaneswar Zone 03,20.325,85.815,2024-08-08,27.6,31.2,24.6,87,14.8,17.09,25.3
BBSR-03,Bhubaneswar Zone 03,20.325,85.815,2024-08-09,27.8,31.1,25.2,87,15.0,14.85,26.4
BBSR-03,Bhubaneswar Zone 03,20.325,85.815,2024-08-10,28.1,31.8,25.3,86,12.9,18.77,25.0
BBSR-03,Bhubaneswar Zone 03,20.325,85.815,2024-08-11,28.1,32.0,24.9,87,16.6,19.75,21.2
BBSR-03,Bhubaneswar Zone 03,20.325,85.815,2024-08-12,28.6,32.7,25.3,85,14.3,21.03,19.5
BBSR-03,Bhubaneswar Zone 03,20.325,85.815,2024-08-13,28.7,32.5,26.0,88,11.3,17.17,29.3
BBSR-03,Bhubaneswar Zone 03,20.325,85.815,2024-08-14,28.1,30.9,26.7,89,13.2,13.01,18.7
BBSR-03,Bhubaneswar Zone 03,20.325,85.815,2024-08-15,27.9,31.3,25.7,88,16.0,14.5,31.0
BBSR-03,Bhubaneswar Zone 03,20.325,85.815,2024-08-16,27.2,30.0,25.5,89,11.8,9.43,16.0
BBSR-03,Bhubaneswar Zone 03,20.325,85.815,2024-08-17,27.2,31.2,25.2,90,13.8,12.66,16.6
BBSR-03,Bhubaneswar Zone 03,20.325,85.815,2024-08-18,27.7,31.8,24.9,86,15.2,17.62,11.1
BBSR-03,Bhubaneswar Zone 03,20.325,85.815,2024-08-19,27.8,31.9,24.9,86,16.6,18.43,3.6
BBSR-03,Bhubaneswar Zone 03,20.325,85.815,2024-08-20,28.1,32.0,25.6,87,15.2,17.02,20.3
BBSR-03,Bhubaneswar Zone 03,20.325,85.815,2024-08-21,27.8,30.8,25.9,89,16.2,13.5,14.3
BBSR-03,Bhubaneswar Zone 03,20.325,85.815,2024-08-22,27.8,30.0,26.3,87,17.9,13.14,2.8
BBSR-03,Bhubaneswar Zone 03,20.325,85.815,2024-08-23,26.5,27.5,25.8,92,13.5,6.15,28.9
BBSR-03,Bhubaneswar Zone 03,20.325,85.815,2024-08-24,26.5,29.2,24.9,92,17.9,7.87,17.2
BBSR-03,Bhubaneswar Zone 03,20.325,85.815,2024-08-25,27.2,31.1,25.4,90,16.3,13.59,20.1
BBSR-03,Bhubaneswar Zone 03,20.325,85.815,2024-08-26,27.2,30.5,24.8,86,10.8,12.49,10.3
BBSR-03,Bhubaneswar Zone 03,20.325,85.815,2024-08-27,27.7,31.4,25.5,87,11.2,16.1,22.5
BBSR-03,Bhubaneswar Zone 03,20.325,85.815,2024-08-28,26.9,30.5,25.3,90,9.1,13.0,23.0
BBSR-03,Bhubaneswar Zone 03,20.325,85.815,2024-08-29,27.4,31.1,25.0,86,14.8,18.63,2.6
BBSR-03,Bhubaneswar Zone 03,20.325,85.815,2024-08-30,28.0,31.2,25.2,84,21.7,19.76,1.8
BBSR-03,Bhubaneswar Zone 03,20.325,85.815,2024-08-31,27.8,30.6,25.4,85,24.0,17.62,7.0
BBSR-03,Bhubaneswar Zone 03,20.325,85.815,2024-09-01,27.7,31.0,25.6,85,19.9,15.67,4.5
BBSR-03,Bhubaneswar Zone 03,20.325,85.815,2024-09-02,27.2,29.7,25.2,88,16.6,15.35,8.3
BBSR-03,Bhubaneswar Zone 03,20.325,85.815,2024-09-03,27.8,30.5,24.9,84,17.3,17.24,0.9
BBSR-03,Bhubaneswar Zone 03,20.325,85.815,2024-09-04,27.9,30.9,24.7,84,15.9,19.06,0.7
BBSR-03,Bhubaneswar Zone 03,20.325,85.815,2024-09-05,27.8,30.8,24.9,87,10.7,17.5,7.9
BBSR-03,Bhubaneswar Zone 03,20.325,85.815,2024-09-06,28.3,31.8,25.6,86,12.6,18.92,7.8
BBSR-03,Bhubaneswar Zone 03,20.325,85.815,2024-09-07,27.3,30.9,25.3,88,23.0,16.75,16.1
BBSR-03,Bhubaneswar Zone 03,20.325,85.815,2024-09-08,27.5,30.5,25.4,87,23.1,14.95,12.4
BBSR-03,Bhubaneswar Zone 03,20.325,85.815,2024-09-09,27.9,30.7,25.6,87,22.4,14.91,6.0
BBSR-03,Bhubaneswar Zone 03,20.325,85.815,2024-09-10,29.1,32.7,26.0,83,19.8,18.98,0.9
BBSR-03,Bhubaneswar Zone 03,20.325,85.815,2024-09-11,29.3,32.0,26.7,84,16.6,17.94,2.0
BBSR-03,Bhubaneswar Zone 03,20.325,85.815,2024-09-12,29.2,32.0,27.0,82,12.4,12.62,0.1
BBSR-03,Bhubaneswar Zone 03,20.325,85.815,2024-09-13,28.8,31.8,26.8,82,16.8,13.63,16.3
BBSR-03,Bhubaneswar Zone 03,20.325,85.815,2024-09-14,27.6,29.6,26.3,86,26.9,8.31,13.4
BBSR-03,Bhubaneswar Zone 03,20.325,85.815,2024-09-15,26.9,29.2,25.6,84,27.8,8.43,7.3
BBSR-03,Bhubaneswar Zone 03,20.325,85.815,2024-09-16,27.3,31.1,25.1,83,21.3,13.98,8.0
BBSR-03,Bhubaneswar Zone 03,20.325,85.815,2024-09-17,27.5,31.7,25.0,87,16.0,18.93,17.3
BBSR-03,Bhubaneswar Zone 03,20.325,85.815,2024-09-18,27.4,30.8,24.7,89,6.0,15.14,3.8
BBSR-03,Bhubaneswar Zone 03,20.325,85.815,2024-09-19,28.7,32.8,24.7,80,12.2,21.98,0.2
BBSR-03,Bhubaneswar Zone 03,20.325,85.815,2024-09-20,28.4,32.9,25.3,86,12.9,20.37,0.5
BBSR-03,Bhubaneswar Zone 03,20.325,85.815,2024-09-21,28.7,33.4,25.8,83,14.1,21.68,4.1
BBSR-03,Bhubaneswar Zone 03,20.325,85.815,2024-09-22,27.9,31.8,25.8,88,10.8,15.51,16.4
BBSR-03,Bhubaneswar Zone 03,20.325,85.815,2024-09-23,27.4,31.7,25.4,91,18.1,14.64,26.3
BBSR-03,Bhubaneswar Zone 03,20.325,85.815,2024-09-24,26.9,29.1,24.9,91,14.7,9.79,33.0
BBSR-03,Bhubaneswar Zone 03,20.325,85.815,2024-09-25,26.8,28.7,25.1,92,14.8,9.0,28.0
BBSR-03,Bhubaneswar Zone 03,20.325,85.815,2024-09-26,26.4,27.9,24.8,91,23.6,8.6,14.2
BBSR-03,Bhubaneswar Zone 03,20.325,85.815,2024-09-27,27.1,29.5,25.0,88,22.9,14.15,10.5
BBSR-03,Bhubaneswar Zone 03,20.325,85.815,2024-09-28,28.6,31.9,25.8,84,20.2,20.14,0.6
BBSR-03,Bhubaneswar Zone 03,20.325,85.815,2024-09-29,28.7,32.5,26.1,85,13.3,19.46,5.3
BBSR-03,Bhubaneswar Zone 03,20.325,85.815,2024-09-30,28.9,33.7,26.3,85,17.3,19.93,3.7
BBSR-03,Bhubaneswar Zone 03,20.325,85.815,2024-10-01,29.9,34.4,26.0,80,14.4,20.8,0.1
BBSR-03,Bhubaneswar Zone 03,20.325,85.815,2024-10-02,28.5,31.7,25.9,85,14.1,12.43,8.1
BBSR-03,Bhubaneswar Zone 03,20.325,85.815,2024-10-03,28.9,32.9,26.5,81,20.9,18.44,0.0
BBSR-03,Bhubaneswar Zone 03,20.325,85.815,2024-10-04,29.3,33.8,25.3,76,13.0,20.68,0.0
BBSR-03,Bhubaneswar Zone 03,20.325,85.815,2024-10-05,27.6,32.1,25.0,85,17.8,14.45,2.3
BBSR-03,Bhubaneswar Zone 03,20.325,85.815,2024-10-06,27.0,31.9,24.7,89,11.0,18.98,10.7
BBSR-03,Bhubaneswar Zone 03,20.325,85.815,2024-10-07,26.6,30.4,24.8,92,16.8,13.64,12.3
BBSR-03,Bhubaneswar Zone 03,20.325,85.815,2024-10-08,27.0,30.4,25.0,91,16.7,14.41,2.9
BBSR-03,Bhubaneswar Zone 03,20.325,85.815,2024-10-09,27.6,31.9,24.3,84,12.6,19.29,0.6
BBSR-03,Bhubaneswar Zone 03,20.325,85.815,2024-10-10,27.7,31.7,23.8,82,12.7,19.83,0.3
BBSR-03,Bhubaneswar Zone 03,20.325,85.815,2024-10-11,28.2,32.2,24.3,80,12.5,19.88,0.2
BBSR-03,Bhubaneswar Zone 03,20.325,85.815,2024-10-12,28.3,32.3,24.9,80,11.5,19.29,0.1
BBSR-03,Bhubaneswar Zone 03,20.325,85.815,2024-10-13,28.1,32.2,24.9,83,9.4,19.14,0.4
BBSR-03,Bhubaneswar Zone 03,20.325,85.815,2024-10-14,28.1,32.5,24.3,81,9.4,19.84,0.2
BBSR-03,Bhubaneswar Zone 03,20.325,85.815,2024-10-15,27.9,32.0,24.4,83,12.0,18.83,0.6
BBSR-03,Bhubaneswar Zone 03,20.325,85.815,2024-10-16,27.7,32.0,24.2,84,9.8,18.18,1.9
BBSR-03,Bhubaneswar Zone 03,20.325,85.815,2024-10-17,27.8,32.3,24.9,85,13.0,16.77,1.1
BBSR-03,Bhubaneswar Zone 03,20.325,85.815,2024-10-18,28.1,32.0,24.7,84,10.6,17.01,3.3
BBSR-03,Bhubaneswar Zone 03,20.325,85.815,2024-10-19,27.3,31.8,24.5,86,10.5,17.59,38.9
BBSR-03,Bhubaneswar Zone 03,20.325,85.815,2024-10-20,26.6,30.6,24.6,89,10.9,13.37,1.8
BBSR-03,Bhubaneswar Zone 03,20.325,85.815,2024-10-21,27.5,31.7,24.6,79,12.8,18.14,0.1
BBSR-03,Bhubaneswar Zone 03,20.325,85.815,2024-10-22,27.2,31.6,23.3,75,13.4,20.21,0.0
BBSR-03,Bhubaneswar Zone 03,20.325,85.815,2024-10-23,27.1,31.6,23.4,75,20.7,16.89,10.2
BBSR-03,Bhubaneswar Zone 03,20.325,85.815,2024-10-24,25.1,26.5,24.3,87,34.4,3.73,46.3
BBSR-03,Bhubaneswar Zone 03,20.325,85.815,2024-10-25,25.3,27.3,24.0,86,31.0,5.1,9.6
BBSR-03,Bhubaneswar Zone 03,20.325,85.815,2024-10-26,24.7,26.0,23.1,91,15.4,5.86,26.7
BBSR-03,Bhubaneswar Zone 03,20.325,85.815,2024-10-27,25.6,29.5,22.5,91,10.0,15.02,4.3
BBSR-03,Bhubaneswar Zone 03,20.325,85.815,2024-10-28,25.8,28.7,24.1,92,14.4,11.91,4.0
BBSR-03,Bhubaneswar Zone 03,20.325,85.815,2024-10-29,26.2,29.5,23.4,90,9.9,13.76,3.6
BBSR-03,Bhubaneswar Zone 03,20.325,85.815,2024-10-30,27.0,30.2,24.2,86,8.5,15.29,0.7
BBSR-03,Bhubaneswar Zone 03,20.325,85.815,2024-10-31,27.2,31.9,22.9,82,10.7,18.71,0.0
BBSR-03,Bhubaneswar Zone 03,20.325,85.815,2024-11-01,26.0,28.8,24.0,89,17.3,9.07,32.4
BBSR-03,Bhubaneswar Zone 03,20.325,85.815,2024-11-02,26.2,31.3,22.5,82,8.4,18.58,0.0
BBSR-03,Bhubaneswar Zone 03,20.325,85.815,2024-11-03,25.8,31.1,21.5,76,9.0,18.86,0.0
BBSR-03,Bhubaneswar Zone 03,20.325,85.815,2024-11-04,25.6,30.5,21.6,77,8.8,18.46,0.0
BBSR-03,Bhubaneswar Zone 03,20.325,85.815,2024-11-05,24.8,29.3,20.9,85,13.4,15.47,3.5
BBSR-03,Bhubaneswar Zone 03,20.325,85.815,2024-11-06,25.5,28.9,22.8,83,17.1,16.17,3.0
BBSR-03,Bhubaneswar Zone 03,20.325,85.815,2024-11-07,25.7,30.3,22.1,82,10.0,17.47,0.1
BBSR-03,Bhubaneswar Zone 03,20.325,85.815,2024-11-08,25.5,30.2,21.9,81,11.6,17.49,0.0
BBSR-03,Bhubaneswar Zone 03,20.325,85.815,2024-11-09,25.4,30.0,22.1,78,10.4,17.89,0.0
BBSR-03,Bhubaneswar Zone 03,20.325,85.815,2024-11-10,24.7,29.8,21.3,78,15.6,18.33,0.0
BBSR-03,Bhubaneswar Zone 03,20.325,85.815,2024-11-11,24.8,28.8,21.7,76,15.7,9.45,0.0
BBSR-03,Bhubaneswar Zone 03,20.325,85.815,2024-11-12,25.1,29.5,22.7,84,15.2,14.8,0.8
BBSR-03,Bhubaneswar Zone 03,20.325,85.815,2024-11-13,25.8,30.8,22.1,75,13.8,16.88,0.0
BBSR-03,Bhubaneswar Zone 03,20.325,85.815,2024-11-14,25.5,30.6,21.8,70,12.7,17.53,0.0
BBSR-03,Bhubaneswar Zone 03,20.325,85.815,2024-11-15,24.9,30.0,20.4,68,7.0,17.71,0.0
BBSR-03,Bhubaneswar Zone 03,20.325,85.815,2024-11-16,23.8,29.2,18.5,63,11.5,18.06,0.0
BBSR-03,Bhubaneswar Zone 03,20.325,85.815,2024-11-17,23.4,29.3,18.4,63,9.5,17.89,0.0
BBSR-03,Bhubaneswar Zone 03,20.325,85.815,2024-11-18,23.5,29.4,18.3,58,10.3,17.8,0.0
BBSR-03,Bhubaneswar Zone 03,20.325,85.815,2024-11-19,23.2,29.1,17.2,58,10.5,17.68,0.0
BBSR-03,Bhubaneswar Zone 03,20.325,85.815,2024-11-20,23.1,28.9,17.6,61,8.5,16.6,0.0
BBSR-03,Bhubaneswar Zone 03,20.325,85.815,2024-11-21,23.2,29.0,17.4,63,7.8,17.31,0.0
BBSR-03,Bhubaneswar Zone 03,20.325,85.815,2024-11-22,23.0,28.7,18.1,67,7.0,17.3,0.0
BBSR-03,Bhubaneswar Zone 03,20.325,85.815,2024-11-23,23.1,28.7,18.0,68,9.1,17.1,0.0
BBSR-03,Bhubaneswar Zone 03,20.325,85.815,2024-11-24,22.7,28.5,18.1,69,6.1,16.69,0.0
BBSR-03,Bhubaneswar Zone 03,20.325,85.815,2024-11-25,22.0,28.0,17.4,69,11.1,15.85,0.0
BBSR-03,Bhubaneswar Zone 03,20.325,85.815,2024-11-26,22.0,27.9,16.8,68,9.3,16.7,0.0
BBSR-03,Bhubaneswar Zone 03,20.325,85.815,2024-11-27,21.8,27.7,17.4,66,14.2,15.75,0.0
BBSR-03,Bhubaneswar Zone 03,20.325,85.815,2024-11-28,22.9,28.0,17.5,64,18.4,14.59,0.0
BBSR-03,Bhubaneswar Zone 03,20.325,85.815,2024-11-29,23.0,26.5,20.8,73,21.3,7.37,7.3
BBSR-03,Bhubaneswar Zone 03,20.325,85.815,2024-11-30,23.4,27.8,20.7,78,17.4,10.61,3.1
BBSR-03,Bhubaneswar Zone 03,20.325,85.815,2024-12-01,23.9,29.1,20.5,74,15.2,14.09,0.5
BBSR-03,Bhubaneswar Zone 03,20.325,85.815,2024-12-02,24.1,28.3,21.1,75,14.1,11.94,1.7
BBSR-03,Bhubaneswar Zone 03,20.325,85.815,2024-12-03,24.0,28.6,20.9,73,10.9,13.1,0.0
BBSR-03,Bhubaneswar Zone 03,20.325,85.815,2024-12-04,24.6,29.8,20.7,74,9.9,15.38,0.0
BBSR-03,Bhubaneswar Zone 03,20.325,85.815,2024-12-05,24.4,29.9,20.0,74,10.2,15.55,0.0
BBSR-03,Bhubaneswar Zone 03,20.325,85.815,2024-12-06,24.8,29.9,20.8,78,10.4,14.97,0.1
BBSR-03,Bhubaneswar Zone 03,20.325,85.815,2024-12-07,24.0,28.8,20.2,82,9.3,13.77,0.4
BBSR-03,Bhubaneswar Zone 03,20.325,85.815,2024-12-08,22.9,26.3,20.7,88,8.7,8.21,2.9
BBSR-03,Bhubaneswar Zone 03,20.325,85.815,2024-12-09,23.7,28.6,20.5,84,12.6,11.77,2.1
BBSR-03,Bhubaneswar Zone 03,20.325,85.815,2024-12-10,23.6,28.3,20.3,82,9.2,12.72,1.0
BBSR-03,Bhubaneswar Zone 03,20.325,85.815,2024-12-11,21.7,26.8,17.7,68,14.0,15.38,0.0
BBSR-03,Bhubaneswar Zone 03,20.325,85.815,2024-12-12,20.4,25.6,15.7,67,10.6,16.17,0.0
BBSR-03,Bhubaneswar Zone 03,20.325,85.815,2024-12-13,20.0,25.8,15.1,66,11.3,16.04,0.0
BBSR-03,Bhubaneswar Zone 03,20.325,85.815,2024-12-14,19.6,25.9,14.8,62,12.9,16.19,0.0
BBSR-03,Bhubaneswar Zone 03,20.325,85.815,2024-12-15,18.7,25.0,14.1,58,12.0,16.41,0.0
BBSR-03,Bhubaneswar Zone 03,20.325,85.815,2024-12-16,18.7,25.5,12.8,61,13.0,16.44,0.0
BBSR-03,Bhubaneswar Zone 03,20.325,85.815,2024-12-17,20.5,27.4,14.0,66,10.4,14.34,0.0
BBSR-03,Bhubaneswar Zone 03,20.325,85.815,2024-12-18,22.4,28.4,16.6,68,11.6,13.07,0.0
BBSR-03,Bhubaneswar Zone 03,20.325,85.815,2024-12-19,23.1,27.3,19.6,62,15.5,8.81,0.0
BBSR-03,Bhubaneswar Zone 03,20.325,85.815,2024-12-20,21.2,24.8,18.0,76,13.4,6.56,7.7
BBSR-03,Bhubaneswar Zone 03,20.325,85.815,2024-12-21,19.3,21.3,18.0,94,15.0,3.62,66.4
BBSR-03,Bhubaneswar Zone 03,20.325,85.815,2024-12-22,21.1,26.1,16.7,79,11.6,13.31,0.0
BBSR-03,Bhubaneswar Zone 03,20.325,85.815,2024-12-23,22.0,25.6,18.3,69,14.8,7.95,0.0
BBSR-03,Bhubaneswar Zone 03,20.325,85.815,2024-12-24,21.5,24.5,19.3,74,11.1,4.98,0.8
BBSR-03,Bhubaneswar Zone 03,20.325,85.815,2024-12-25,20.6,24.8,18.4,87,10.4,6.87,11.1
BBSR-03,Bhubaneswar Zone 03,20.325,85.815,2024-12-26,22.1,27.0,18.2,77,10.3,12.65,0.5
BBSR-03,Bhubaneswar Zone 03,20.325,85.815,2024-12-27,22.4,28.5,18.7,65,13.4,15.47,0.0
BBSR-03,Bhubaneswar Zone 03,20.325,85.815,2024-12-28,22.0,28.2,16.3,66,7.4,15.61,0.0
BBSR-03,Bhubaneswar Zone 03,20.325,85.815,2024-12-29,22.8,28.7,17.6,74,7.4,15.29,0.0
BBSR-03,Bhubaneswar Zone 03,20.325,85.815,2024-12-30,22.9,28.5,18.7,77,9.3,14.94,0.0
BBSR-03,Bhubaneswar Zone 03,20.325,85.815,2024-12-31,21.4,26.5,17.8,77,12.5,15.03,0.0
BBSR-03,Bhubaneswar Zone 03,20.325,85.815,2025-01-01,19.7,24.7,16.2,77,9.8,16.01,0.0
BBSR-03,Bhubaneswar Zone 03,20.325,85.815,2025-01-02,19.0,24.5,14.7,71,12.1,16.19,0.0
BBSR-03,Bhubaneswar Zone 03,20.325,85.815,2025-01-03,18.7,24.6,14.4,73,9.8,16.25,0.0
BBSR-03,Bhubaneswar Zone 03,20.325,85.815,2025-01-04,18.9,24.7,14.2,73,9.2,16.34,0.0
BBSR-03,Bhubaneswar Zone 03,20.325,85.815,2025-01-05,19.8,25.7,14.9,76,8.0,16.03,0.0
BBSR-03,Bhubaneswar Zone 03,20.325,85.815,2025-01-06,20.5,26.5,15.5,73,9.7,15.52,0.0
BBSR-03,Bhubaneswar Zone 03,20.325,85.815,2025-01-07,21.2,27.3,16.0,71,9.7,16.39,0.0
BBSR-03,Bhubaneswar Zone 03,20.325,85.815,2025-01-08,20.4,26.2,15.7,68,10.1,16.62,0.0
BBSR-03,Bhubaneswar Zone 03,20.325,85.815,2025-01-09,19.2,25.3,15.1,74,10.5,16.54,0.0
BBSR-03,Bhubaneswar Zone 03,20.325,85.815,2025-01-10,18.5,24.7,13.3,78,11.2,16.57,0.0
BBSR-03,Bhubaneswar Zone 03,20.325,85.815,2025-01-11,18.8,25.6,13.5,75,10.9,16.67,0.0
BBSR-03,Bhubaneswar Zone 03,20.325,85.815,2025-01-12,19.4,25.8,14.2,74,10.0,16.63,0.0
BBSR-03,Bhubaneswar Zone 03,20.325,85.815,2025-01-13,20.5,27.3,14.4,75,7.6,16.41,0.0
BBSR-03,Bhubaneswar Zone 03,20.325,85.815,2025-01-14,21.4,27.9,16.8,77,11.6,15.99,0.0
BBSR-03,Bhubaneswar Zone 03,20.325,85.815,2025-01-15,21.1,26.6,16.2,71,12.9,15.96,0.0
BBSR-03,Bhubaneswar Zone 03,20.325,85.815,2025-01-16,20.0,25.4,16.0,67,13.1,17.06,0.0
BBSR-03,Bhubaneswar Zone 03,20.325,85.815,2025-01-17,19.6,25.6,14.4,64,12.9,17.42,0.0
BBSR-03,Bhubaneswar Zone 03,20.325,85.815,2025-01-18,20.2,26.2,14.8,67,11.7,17.17,0.0
BBSR-03,Bhubaneswar Zone 03,20.325,85.815,2025-01-19,20.7,27.5,15.0,69,8.9,17.47,0.0
BBSR-03,Bhubaneswar Zone 03,20.325,85.815,2025-01-20,20.8,27.6,15.2,71,9.5,17.59,0.0
BBSR-03,Bhubaneswar Zone 03,20.325,85.815,2025-01-21,21.3,28.7,14.8,67,8.2,17.77,0.0
BBSR-03,Bhubaneswar Zone 03,20.325,85.815,2025-01-22,22.1,29.3,15.7,72,8.8,17.72,0.0
BBSR-03,Bhubaneswar Zone 03,20.325,85.815,2025-01-23,23.3,30.2,18.6,80,10.5,17.06,0.0
BBSR-03,Bhubaneswar Zone 03,20.325,85.815,2025-01-24,23.2,29.6,19.0,82,13.5,16.58,0.0
BBSR-03,Bhubaneswar Zone 03,20.325,85.815,2025-01-25,23.4,29.4,19.0,80,9.7,16.5,0.0
BBSR-03,Bhubaneswar Zone 03,20.325,85.815,2025-01-26,23.0,28.4,19.5,81,13.0,14.32,0.2
BBSR-03,Bhubaneswar Zone 03,20.325,85.815,2025-01-27,22.5,28.1,18.8,79,10.6,16.03,0.0
BBSR-03,Bhubaneswar Zone 03,20.325,85.815,2025-01-28,23.5,29.7,19.1,80,15.6,16.27,0.0
BBSR-03,Bhubaneswar Zone 03,20.325,85.815,2025-01-29,24.2,30.2,19.7,78,14.8,15.56,0.1
BBSR-03,Bhubaneswar Zone 03,20.325,85.815,2025-01-30,24.3,31.0,19.8,78,18.5,16.26,0.0
BBSR-03,Bhubaneswar Zone 03,20.325,85.815,2025-01-31,25.6,32.6,21.2,78,14.8,17.09,0.0
BBSR-03,Bhubaneswar Zone 03,20.325,85.815,2025-02-01,26.1,33.2,21.9,77,14.0,17.65,0.0
BBSR-03,Bhubaneswar Zone 03,20.325,85.815,2025-02-02,26.7,33.4,22.4,71,13.2,17.98,0.0
BBSR-03,Bhubaneswar Zone 03,20.325,85.815,2025-02-03,25.7,32.4,20.6,76,12.3,17.96,0.0
BBSR-03,Bhubaneswar Zone 03,20.325,85.815,2025-02-04,26.3,32.2,22.5,80,13.7,17.51,0.0
BBSR-03,Bhubaneswar Zone 03,20.325,85.815,2025-02-05,27.3,33.3,23.8,75,13.8,17.52,0.0
BBSR-03,Bhubaneswar Zone 03,20.325,85.815,2025-02-06,26.5,32.3,21.6,70,12.0,17.69,0.0
BBSR-03,Bhubaneswar Zone 03,20.325,85.815,2025-02-07,25.0,30.8,20.7,68,15.1,17.91,0.0
BBSR-03,Bhubaneswar Zone 03,20.325,85.815,2025-02-08,24.3,30.3,19.6,73,14.1,18.69,0.0
BBSR-03,Bhubaneswar Zone 03,20.325,85.815,2025-02-09,24.2,30.7,18.9,71,10.3,18.84,0.0
BBSR-03,Bhubaneswar Zone 03,20.325,85.815,2025-02-10,25.3,32.3,19.6,73,15.4,19.46,0.0
BBSR-03,Bhubaneswar Zone 03,20.325,85.815,2025-02-11,26.3,33.5,21.4,71,15.5,19.02,0.0
BBSR-03,Bhubaneswar Zone 03,20.325,85.815,2025-02-12,27.4,34.3,22.4,68,15.8,18.82,0.0
BBSR-03,Bhubaneswar Zone 03,20.325,85.815,2025-02-13,27.0,33.5,21.6,59,13.5,20.06,0.0
BBSR-03,Bhubaneswar Zone 03,20.325,85.815,2025-02-14,25.2,31.8,20.1,58,13.7,20.41,0.0
BBSR-03,Bhubaneswar Zone 03,20.325,85.815,2025-02-15,24.7,32.0,19.1,61,12.0,20.46,0.0
BBSR-03,Bhubaneswar Zone 03,20.325,85.815,2025-02-16,26.0,33.9,19.6,64,18.4,20.58,0.0
BBSR-03,Bhubaneswar Zone 03,20.325,85.815,2025-02-17,26.8,34.1,22.2,69,16.8,19.82,0.0
BBSR-03,Bhubaneswar Zone 03,20.325,85.815,2025-02-18,26.8,33.8,22.1,73,16.9,18.91,0.0
BBSR-03,Bhubaneswar Zone 03,20.325,85.815,2025-02-19,27.1,34.1,23.1,74,16.0,18.97,0.1
BBSR-03,Bhubaneswar Zone 03,20.325,85.815,2025-02-20,26.9,33.0,22.7,70,18.5,18.44,0.1
BBSR-03,Bhubaneswar Zone 03,20.325,85.815,2025-02-21,26.3,33.7,21.2,72,17.4,19.15,0.1
BBSR-03,Bhubaneswar Zone 03,20.325,85.815,2025-02-22,26.6,33.3,22.3,75,15.9,18.12,0.5
BBSR-03,Bhubaneswar Zone 03,20.325,85.815,2025-02-23,25.7,32.1,20.4,74,15.1,18.99,0.5
BBSR-03,Bhubaneswar Zone 03,20.325,85.815,2025-02-24,25.9,31.6,22.1,76,14.5,18.64,0.3
BBSR-03,Bhubaneswar Zone 03,20.325,85.815,2025-02-25,25.8,31.9,20.2,74,10.8,19.06,0.6
BBSR-03,Bhubaneswar Zone 03,20.325,85.815,2025-02-26,25.7,31.2,21.0,74,13.1,18.84,0.2
BBSR-03,Bhubaneswar Zone 03,20.325,85.815,2025-02-27,26.2,32.8,21.0,70,14.5,19.95,0.0
BBSR-03,Bhubaneswar Zone 03,20.325,85.815,2025-02-28,26.7,33.6,20.9,70,15.0,21.03,0.0
BBSR-03,Bhubaneswar Zone 03,20.325,85.815,2025-03-01,27.4,35.2,22.7,65,15.6,21.46,0.0
BBSR-03,Bhubaneswar Zone 03,20.325,85.815,2025-03-02,28.1,36.5,22.2,65,15.1,21.16,0.0
BBSR-03,Bhubaneswar Zone 03,20.325,85.815,2025-03-03,28.4,35.9,22.1,66,14.6,20.61,0.0
BBSR-03,Bhubaneswar Zone 03,20.325,85.815,2025-03-04,28.4,35.6,24.2,65,13.3,21.14,0.0
BBSR-03,Bhubaneswar Zone 03,20.325,85.815,2025-03-05,28.5,34.4,23.4,58,16.5,21.27,0.0
BBSR-03,Bhubaneswar Zone 03,20.325,85.815,2025-03-06,25.7,32.2,20.7,35,13.5,23.04,0.0
BBSR-03,Bhubaneswar Zone 03,20.325,85.815,2025-03-07,25.6,33.2,18.8,55,12.2,22.92,0.0
BBSR-03,Bhubaneswar Zone 03,20.325,85.815,2025-03-08,27.3,35.0,21.3,66,16.9,22.55,0.0
BBSR-03,Bhubaneswar Zone 03,20.325,85.815,2025-03-09,27.4,35.0,22.2,71,20.2,20.93,0.0
BBSR-03,Bhubaneswar Zone 03,20.325,85.815,2025-03-10,26.9,34.6,21.2,66,15.3,21.23,0.0
BBSR-03,Bhubaneswar Zone 03,20.325,85.815,2025-03-11,27.8,35.9,21.6,58,17.3,22.6,0.0
BBSR-03,Bhubaneswar Zone 03,20.325,85.815,2025-03-12,28.7,37.4,21.4,56,17.7,22.63,0.0
BBSR-03,Bhubaneswar Zone 03,20.325,85.815,2025-03-13,30.4,39.3,23.6,57,19.2,22.39,0.0
BBSR-03,Bhubaneswar Zone 03,20.325,85.815,2025-03-14,30.7,39.6,25.3,66,20.6,21.54,0.0
BBSR-03,Bhubaneswar Zone 03,20.325,85.815,2025-03-15,30.8,40.2,25.0,64,18.8,21.84,0.0
BBSR-03,Bhubaneswar Zone 03,20.325,85.815,2025-03-16,30.7,39.7,24.8,59,21.5,21.91,0.0
BBSR-03,Bhubaneswar Zone 03,20.325,85.815,2025-03-17,30.8,39.0,25.0,54,19.8,21.64,0.0
BBSR-03,Bhubaneswar Zone 03,20.325,85.815,2025-03-18,29.7,35.9,24.3,63,17.3,22.12,0.1
BBSR-03,Bhubaneswar Zone 03,20.325,85.815,2025-03-19,29.3,35.8,24.9,73,15.7,21.07,0.0
BBSR-03,Bhubaneswar Zone 03,20.325,85.815,2025-03-20,29.4,37.0,24.4,66,18.8,22.8,0.0
BBSR-03,Bhubaneswar Zone 03,20.325,85.815,2025-03-21,28.4,35.0,24.0,69,22.8,22.19,0.2
BBSR-03,Bhubaneswar Zone 03,20.325,85.815,2025-03-22,23.8,26.7,21.6,84,14.3,9.69,9.4
BBSR-03,Bhubaneswar Zone 03,20.325,85.815,2025-03-23,25.1,32.1,20.8,77,17.4,19.08,62.8
BBSR-03,Bhubaneswar Zone 03,20.325,85.815,2025-03-24,25.9,33.6,20.4,75,15.0,21.35,3.8
BBSR-03,Bhubaneswar Zone 03,20.325,85.815,2025-03-25,27.6,34.4,21.9,69,15.7,22.96,0.0
BBSR-03,Bhubaneswar Zone 03,20.325,85.815,2025-03-26,28.7,36.3,23.0,69,18.6,23.39,0.0
BBSR-03,Bhubaneswar Zone 03,20.325,85.815,2025-03-27,29.6,37.8,24.0,66,17.0,24.21,0.0
BBSR-03,Bhubaneswar Zone 03,20.325,85.815,2025-03-28,30.4,39.1,23.3,61,16.9,24.33,0.0
BBSR-03,Bhubaneswar Zone 03,20.325,85.815,2025-03-29,30.2,38.3,23.7,72,16.9,22.9,0.0
BBSR-03,Bhubaneswar Zone 03,20.325,85.815,2025-03-30,29.8,36.8,25.9,79,18.6,22.33,0.0
BBSR-03,Bhubaneswar Zone 03,20.325,85.815,2025-03-31,29.6,36.1,25.6,75,18.9,23.64,0.0
BBSR-03,Bhubaneswar Zone 03,20.325,85.815,2025-04-01,29.3,35.5,25.4,71,17.5,23.88,0.0
BBSR-03,Bhubaneswar Zone 03,20.325,85.815,2025-04-02,28.9,35.0,25.0,71,16.0,23.76,0.1
BBSR-03,Bhubaneswar Zone 03,20.325,85.815,2025-04-03,28.8,36.0,23.8,70,16.4,24.31,0.0
BBSR-03,Bhubaneswar Zone 03,20.325,85.815,2025-04-04,29.2,35.6,23.8,70,11.9,20.26,0.2
BBSR-03,Bhubaneswar Zone 03,20.325,85.815,2025-04-05,30.7,38.4,24.1,59,20.7,23.14,0.0
BBSR-03,Bhubaneswar Zone 03,20.325,85.815,2025-04-06,30.9,39.2,25.2,66,19.7,23.5,0.0
BBSR-03,Bhubaneswar Zone 03,20.325,85.815,2025-04-07,30.0,37.0,25.6,71,19.7,22.11,0.0
BBSR-03,Bhubaneswar Zone 03,20.325,85.815,2025-04-08,29.4,35.4,25.3,70,17.4,21.75,0.0
BBSR-03,Bhubaneswar Zone 03,20.325,85.815,2025-04-09,28.6,34.2,24.2,70,18.7,21.78,0.7
BBSR-03,Bhubaneswar Zone 03,20.325,85.815,2025-04-10,28.9,34.3,24.2,69,15.5,21.81,3.1
BBSR-03,Bhubaneswar Zone 03,20.325,85.815,2025-04-11,29.3,36.0,23.5,69,19.1,23.56,0.0
BBSR-03,Bhubaneswar Zone 03,20.325,85.815,2025-04-12,29.3,37.9,25.5,75,18.2,21.42,6.2
BBSR-03,Bhubaneswar Zone 03,20.325,85.815,2025-04-13,30.4,39.0,25.5,68,17.3,22.8,0.1
BBSR-03,Bhubaneswar Zone 03,20.325,85.815,2025-04-14,29.7,35.4,25.8,71,15.2,21.46,0.4
BBSR-03,Bhubaneswar Zone 03,20.325,85.815,2025-04-15,28.1,33.8,23.8,77,13.4,20.63,7.8
BBSR-03,Bhubaneswar Zone 03,20.325,85.815,2025-04-16,28.4,35.1,23.2,74,19.9,22.37,0.0
BBSR-03,Bhubaneswar Zone 03,20.325,85.815,2025-04-17,30.1,35.4,25.9,70,19.2,22.17,0.9
BBSR-03,Bhubaneswar Zone 03,20.325,85.815,2025-04-18,30.4,36.2,27.3,72,22.4,21.8,0.5
BBSR-03,Bhubaneswar Zone 03,20.325,85.815,2025-04-19,31.0,37.6,27.1,71,18.8,24.26,1.4
BBSR-03,Bhubaneswar Zone 03,20.325,85.815,2025-04-20,32.2,39.7,27.8,72,18.9,24.0,0.2
BBSR-03,Bhubaneswar Zone 03,20.325,85.815,2025-04-21,31.9,37.9,27.7,74,19.4,24.2,0.0
BBSR-03,Bhubaneswar Zone 03,20.325,85.815,2025-04-22,31.9,39.0,27.0,73,21.1,24.83,0.0
BBSR-03,Bhubaneswar Zone 03,20.325,85.815,2025-04-23,32.5,41.0,27.1,69,21.8,24.12,0.0
BBSR-03,Bhubaneswar Zone 03,20.325,85.815,2025-04-24,32.3,39.1,27.9,70,22.9,24.34,0.0
BBSR-03,Bhubaneswar Zone 03,20.325,85.815,2025-04-25,31.8,37.7,28.1,71,21.6,24.85,0.0
BBSR-03,Bhubaneswar Zone 03,20.325,85.815,2025-04-26,31.1,36.7,27.7,72,23.2,23.37,0.4
BBSR-03,Bhubaneswar Zone 03,20.325,85.815,2025-04-27,30.7,36.3,27.3,66,22.0,19.66,0.0
BBSR-03,Bhubaneswar Zone 03,20.325,85.815,2025-04-28,29.2,35.7,23.8,74,16.0,22.02,17.5
BBSR-03,Bhubaneswar Zone 03,20.325,85.815,2025-04-29,28.2,33.7,23.5,77,16.5,21.68,0.8
BBSR-03,Bhubaneswar Zone 03,20.325,85.815,2025-04-30,28.3,33.3,22.7,74,13.4,23.23,0.3
BBSR-03,Bhubaneswar Zone 03,20.325,85.815,2025-05-01,28.1,34.1,21.6,73,16.3,23.44,7.9
BBSR-03,Bhubaneswar Zone 03,20.325,85.815,2025-05-02,27.3,33.2,21.6,74,16.1,24.75,0.4
BBSR-03,Bhubaneswar Zone 03,20.325,85.815,2025-05-03,28.6,34.3,24.4,75,14.2,23.21,12.8
BBSR-03,Bhubaneswar Zone 03,20.325,85.815,2025-05-04,28.2,34.2,23.5,74,15.1,25.08,0.0
BBSR-03,Bhubaneswar Zone 03,20.325,85.815,2025-05-05,29.7,35.5,25.4,74,17.2,23.75,0.5
BBSR-03,Bhubaneswar Zone 03,20.325,85.815,2025-05-06,30.3,36.3,26.4,75,14.7,23.04,0.5
BBSR-03,Bhubaneswar Zone 03,20.325,85.815,2025-05-07,30.7,37.1,26.6,75,15.7,23.76,0.1
BBSR-03,Bhubaneswar Zone 03,20.325,85.815,2025-05-08,30.9,36.9,26.6,73,15.5,23.62,0.0
BBSR-03,Bhubaneswar Zone 03,20.325,85.815,2025-05-09,31.2,37.4,26.3,71,15.0,24.28,0.0
BBSR-03,Bhubaneswar Zone 03,20.325,85.815,2025-05-10,31.5,38.3,26.3,66,15.9,25.25,0.0
BBSR-03,Bhubaneswar Zone 03,20.325,85.815,2025-05-11,31.8,39.0,26.2,65,18.3,25.26,0.0
BBSR-03,Bhubaneswar Zone 03,20.325,85.815,2025-05-12,32.2,39.1,27.3,70,15.6,23.98,0.0
BBSR-03,Bhubaneswar Zone 03,20.325,85.815,2025-05-13,31.5,37.4,28.1,76,14.7,22.98,0.0
BBSR-03,Bhubaneswar Zone 03,20.325,85.815,2025-05-14,31.8,36.8,28.3,76,18.7,22.52,0.1
BBSR-03,Bhubaneswar Zone 03,20.325,85.815,2025-05-15,31.7,37.0,28.1,75,15.6,22.92,0.4
BBSR-03,Bhubaneswar Zone 03,20.325,85.815,2025-05-16,31.4,37.1,28.4,76,14.0,22.36,3.9
BBSR-03,Bhubaneswar Zone 03,20.325,85.815,2025-05-17,30.7,35.9,27.8,77,20.1,22.51,0.9
BBSR-03,Bhubaneswar Zone 03,20.325,85.815,2025-05-18,30.1,34.1,26.7,77,17.0,19.64,1.1
BBSR-03,Bhubaneswar Zone 03,20.325,85.815,2025-05-19,30.4,34.7,27.0,75,14.2,22.11,2.1
BBSR-03,Bhubaneswar Zone 03,20.325,85.815,2025-05-20,30.2,33.9,27.2,77,22.5,22.71,0.6
BBSR-03,Bhubaneswar Zone 03,20.325,85.815,2025-05-21,29.9,33.5,26.7,78,17.2,15.16,0.4
BBSR-03,Bhubaneswar Zone 03,20.325,85.815,2025-05-22,28.8,33.2,25.7,83,10.2,15.63,6.1
BBSR-03,Bhubaneswar Zone 03,20.325,85.815,2025-05-23,28.9,33.3,26.3,82,10.6,19.92,4.1
BBSR-03,Bhubaneswar Zone 03,20.325,85.815,2025-05-24,27.6,31.7,25.5,88,11.9,15.2,23.5
BBSR-03,Bhubaneswar Zone 03,20.325,85.815,2025-05-25,27.5,31.7,25.8,90,6.6,11.36,28.5
BBSR-03,Bhubaneswar Zone 03,20.325,85.815,2025-05-26,28.5,32.9,25.3,85,12.3,20.26,15.4
BBSR-03,Bhubaneswar Zone 03,20.325,85.815,2025-05-27,28.0,31.6,26.2,86,18.1,10.95,9.4
BBSR-03,Bhubaneswar Zone 03,20.325,85.815,2025-05-28,27.5,32.1,25.4,90,21.2,11.56,45.5
BBSR-03,Bhubaneswar Zone 03,20.325,85.815,2025-05-29,28.9,32.5,26.1,83,20.0,10.97,16.0
BBSR-03,Bhubaneswar Zone 03,20.325,85.815,2025-05-30,30.5,35.8,26.0,79,14.7,19.78,0.6
BBSR-03,Bhubaneswar Zone 03,20.325,85.815,2025-05-31,30.2,34.0,27.8,80,13.9,19.2,0.2
BBSR-03,Bhubaneswar Zone 03,20.325,85.815,2025-06-01,31.9,37.1,27.7,71,14.3,22.06,0.0
BBSR-03,Bhubaneswar Zone 03,20.325,85.815,2025-06-02,32.2,37.7,27.9,59,18.5,24.59,0.0
BBSR-03,Bhubaneswar Zone 03,20.325,85.815,2025-06-03,31.2,35.8,25.9,69,16.0,21.82,2.9
BBSR-03,Bhubaneswar Zone 03,20.325,85.815,2025-06-04,31.5,36.4,27.6,72,12.2,24.28,0.1
BBSR-03,Bhubaneswar Zone 03,20.325,85.815,2025-06-05,29.9,35.1,25.1,76,12.1,23.09,6.2
BBSR-03,Bhubaneswar Zone 03,20.325,85.815,2025-06-06,30.3,35.6,27.5,79,12.8,22.91,0.9
BBSR-03,Bhubaneswar Zone 03,20.325,85.815,2025-06-07,30.6,36.2,26.2,74,11.4,24.03,0.0
BBSR-03,Bhubaneswar Zone 03,20.325,85.815,2025-06-08,30.6,35.5,27.1,76,9.9,16.88,0.1
BBSR-03,Bhubaneswar Zone 03,20.325,85.815,2025-06-09,29.9,36.4,26.3,85,9.7,19.94,12.0
BBSR-03,Bhubaneswar Zone 03,20.325,85.815,2025-06-10,29.0,33.3,25.7,82,14.2,22.27,6.3
BBSR-03,Bhubaneswar Zone 03,20.325,85.815,2025-06-11,29.0,32.3,26.5,80,17.0,20.8,4.8
BBSR-03,Bhubaneswar Zone 03,20.325,85.815,2025-06-12,28.4,31.2,26.4,85,15.7,15.36,15.7
BBSR-03,Bhubaneswar Zone 03,20.325,85.815,2025-06-13,29.4,32.7,26.9,82,11.1,19.36,3.0
BBSR-03,Bhubaneswar Zone 03,20.325,85.815,2025-06-14,30.2,34.1,27.1,79,18.3,22.46,1.4
BBSR-03,Bhubaneswar Zone 03,20.325,85.815,2025-06-15,28.7,32.1,26.2,86,13.6,15.46,8.5
BBSR-03,Bhubaneswar Zone 03,20.325,85.815,2025-06-16,27.2,28.8,26.1,93,10.0,6.74,20.1
BBSR-03,Bhubaneswar Zone 03,20.325,85.815,2025-06-17,28.1,31.0,26.7,88,15.8,11.17,9.0
BBSR-03,Bhubaneswar Zone 03,20.325,85.815,2025-06-18,27.4,29.7,25.2,89,19.5,7.99,17.5
BBSR-03,Bhubaneswar Zone 03,20.325,85.815,2025-06-19,28.1,30.8,26.0,83,21.2,10.21,3.1
BBSR-03,Bhubaneswar Zone 03,20.325,85.815,2025-06-20,29.6,33.0,26.3,80,16.2,15.46,1.9
BBSR-03,Bhubaneswar Zone 03,20.325,85.815,2025-06-21,30.7,35.1,27.7,75,13.6,21.79,1.0
BBSR-03,Bhubaneswar Zone 03,20.325,85.815,2025-06-22,29.7,33.9,26.8,80,12.0,16.99,2.1
BBSR-03,Bhubaneswar Zone 03,20.325,85.815,2025-06-23,27.7,30.3,25.5,87,11.6,9.95,23.2
BBSR-03,Bhubaneswar Zone 03,20.325,85.815,2025-06-24,28.2,31.9,26.4,86,14.5,18.2,20.0
BBSR-03,Bhubaneswar Zone 03,20.325,85.815,2025-06-25,27.2,29.5,25.6,92,13.7,9.73,35.4
BBSR-03,Bhubaneswar Zone 03,20.325,85.815,2025-06-26,27.5,32.0,25.3,89,15.2,14.94,14.4
BBSR-03,Bhubaneswar Zone 03,20.325,85.815,2025-06-27,27.7,31.0,25.2,89,17.3,9.22,16.2
BBSR-03,Bhubaneswar Zone 03,20.325,85.815,2025-06-28,28.0,30.0,26.6,84,18.2,10.62,8.3
BBSR-03,Bhubaneswar Zone 03,20.325,85.815,2025-06-29,27.5,30.4,25.1,80,20.2,9.95,7.0
BBSR-03,Bhubaneswar Zone 03,20.325,85.815,2025-06-30,26.9,29.9,25.6,85,18.3,12.46,14.8
BBSR-03,Bhubaneswar Zone 03,20.325,85.815,2025-07-01,26.8,30.5,24.7,90,18.0,13.08,34.4
BBSR-03,Bhubaneswar Zone 03,20.325,85.815,2025-07-02,27.3,31.2,25.4,90,14.4,16.03,9.8
BBSR-03,Bhubaneswar Zone 03,20.325,85.815,2025-07-03,27.5,32.0,24.6,88,15.1,16.91,20.1
BBSR-03,Bhubaneswar Zone 03,20.325,85.815,2025-07-04,27.3,29.8,25.7,90,16.1,13.08,10.5
BBSR-03,Bhubaneswar Zone 03,20.325,85.815,2025-07-05,27.0,29.4,25.5,91,16.6,9.66,19.7
BBSR-03,Bhubaneswar Zone 03,20.325,85.815,2025-07-06,27.1,32.3,25.2,89,17.7,16.99,15.7
BBSR-03,Bhubaneswar Zone 03,20.325,85.815,2025-07-07,27.2,31.2,25.3,87,17.5,11.74,10.0
BBSR-03,Bhubaneswar Zone 03,20.325,85.815,2025-07-08,27.7,31.5,25.6,79,16.4,13.91,3.5
BBSR-03,Bhubaneswar Zone 03,20.325,85.815,2025-07-09,28.1,31.2,25.6,77,20.8,16.12,0.5
BBSR-03,Bhubaneswar Zone 03,20.325,85.815,2025-07-10,28.5,32.2,25.9,80,14.6,20.22,2.8
BBSR-03,Bhubaneswar Zone 03,20.325,85.815,2025-07-11,28.5,32.1,25.9,86,13.8,19.37,9.1
BBSR-03,Bhubaneswar Zone 03,20.325,85.815,2025-07-12,29.4,33.5,26.7,83,11.9,19.09,13.5
BBSR-03,Bhubaneswar Zone 03,20.325,85.815,2025-07-13,28.3,32.3,26.3,86,11.5,13.26,17.4
BBSR-03,Bhubaneswar Zone 03,20.325,85.815,2025-07-14,27.4,29.7,26.2,92,13.4,9.59,29.4
BBSR-03,Bhubaneswar Zone 03,20.325,85.815,2025-07-15,29.0,33.3,25.2,85,14.9,20.64,16.5
BBSR-03,Bhubaneswar Zone 03,20.325,85.815,2025-07-16,28.6,30.7,27.1,90,13.7,14.38,18.7
BBSR-03,Bhubaneswar Zone 03,20.325,85.815,2025-07-17,29.2,32.1,26.7,85,17.8,20.94,5.2
BBSR-03,Bhubaneswar Zone 03,20.325,85.815,2025-07-18,29.1,32.5,26.4,85,9.4,20.95,3.8
BBSR-03,Bhubaneswar Zone 03,20.325,85.815,2025-07-19,29.2,33.0,26.8,87,13.4,22.59,10.0
BBSR-03,Bhubaneswar Zone 03,20.325,85.815,2025-07-20,28.8,33.0,26.5,86,14.3,21.74,4.3
BBSR-03,Bhubaneswar Zone 03,20.325,85.815,2025-07-21,28.7,32.4,26.1,85,17.1,20.96,5.9
BBSR-03,Bhubaneswar Zone 03,20.325,85.815,2025-07-22,28.9,32.5,26.0,85,11.3,21.27,1.7
BBSR-03,Bhubaneswar Zone 03,20.325,85.815,2025-07-23,28.7,33.0,26.5,86,11.7,20.54,10.4
BBSR-03,Bhubaneswar Zone 03,20.325,85.815,2025-07-24,27.9,32.1,26.2,87,21.7,12.6,14.1
BBSR-03,Bhubaneswar Zone 03,20.325,85.815,2025-07-25,26.6,27.6,25.5,95,16.5,3.56,29.6
BBSR-03,Bhubaneswar Zone 03,20.325,85.815,2025-07-26,28.5,31.9,25.9,84,22.8,19.53,6.6
BBSR-03,Bhubaneswar Zone 03,20.325,85.815,2025-07-27,29.2,33.1,26.5,81,15.9,22.42,0.6
BBSR-03,Bhubaneswar Zone 03,20.325,85.815,2025-07-28,29.1,31.9,26.8,80,18.6,17.63,0.1
BBSR-03,Bhubaneswar Zone 03,20.325,85.815,2025-07-29,27.5,29.6,26.1,88,18.1,10.41,19.2
BBSR-03,Bhubaneswar Zone 03,20.325,85.815,2025-07-30,27.8,31.1,25.3,87,15.7,13.18,9.2
BBSR-03,Bhubaneswar Zone 03,20.325,85.815,2025-07-31,28.6,32.6,26.2,84,14.6,16.79,3.4
BBSR-03,Bhubaneswar Zone 03,20.325,85.815,2025-08-01,29.7,33.4,26.4,79,15.3,22.08,0.2
BBSR-03,Bhubaneswar Zone 03,20.325,85.815,2025-08-02,29.9,34.2,26.4,78,14.1,23.65,1.3
BBSR-03,Bhubaneswar Zone 03,20.325,85.815,2025-08-03,28.5,30.7,26.0,88,13.8,15.41,21.0
BBSR-03,Bhubaneswar Zone 03,20.325,85.815,2025-08-04,29.5,32.7,26.7,83,14.4,18.03,0.8
BBSR-03,Bhubaneswar Zone 03,20.325,85.815,2025-08-05,29.6,32.9,27.2,84,15.2,21.08,4.9
BBSR-03,Bhubaneswar Zone 03,20.325,85.815,2025-08-06,28.8,33.3,26.5,87,11.5,15.88,8.4
BBSR-03,Bhubaneswar Zone 03,20.325,85.815,2025-08-07,28.4,31.7,26.8,85,13.6,15.36,11.4
BBSR-03,Bhubaneswar Zone 03,20.325,85.815,2025-08-08,27.1,30.0,24.8,88,17.9,10.86,11.0
BBSR-03,Bhubaneswar Zone 03,20.325,85.815,2025-08-09,27.8,32.3,24.1,87,15.6,18.7,5.9
BBSR-03,Bhubaneswar Zone 03,20.325,85.815,2025-08-10,28.6,32.7,25.5,84,15.9,23.59,5.6
BBSR-03,Bhubaneswar Zone 03,20.325,85.815,2025-08-11,28.8,32.6,25.9,86,9.4,21.66,5.3
BBSR-03,Bhubaneswar Zone 03,20.325,85.815,2025-08-12,29.3,33.2,26.2,83,9.3,21.91,2.6
BBSR-03,Bhubaneswar Zone 03,20.325,85.815,2025-08-13,28.3,32.0,26.3,84,16.8,19.85,10.1
BBSR-03,Bhubaneswar Zone 03,20.325,85.815,2025-08-14,27.7,30.7,25.0,86,13.4,15.65,4.8
BBSR-03,Bhubaneswar Zone 03,20.325,85.815,2025-08-15,27.8,31.8,25.6,88,12.5,17.2,5.7
BBSR-03,Bhubaneswar Zone 03,20.325,85.815,2025-08-16,27.9,31.8,25.0,84,17.2,20.68,6.6
BBSR-03,Bhubaneswar Zone 03,20.325,85.815,2025-08-17,27.5,31.3,25.5,86,22.8,17.08,20.4
BBSR-03,Bhubaneswar Zone 03,20.325,85.815,2025-08-18,27.0,30.2,24.9,88,26.6,16.31,9.4
BBSR-03,Bhubaneswar Zone 03,20.325,85.815,2025-08-19,27.4,29.8,25.4,87,16.0,14.19,7.6
BBSR-03,Bhubaneswar Zone 03,20.325,85.815,2025-08-20,28.3,31.5,25.2,86,16.5,17.8,1.9
BBSR-03,Bhubaneswar Zone 03,20.325,85.815,2025-08-21,27.5,29.5,26.1,90,16.0,10.49,8.5
BBSR-03,Bhubaneswar Zone 03,20.325,85.815,2025-08-22,26.3,27.7,25.2,94,17.2,6.08,40.4
BBSR-03,Bhubaneswar Zone 03,20.325,85.815,2025-08-23,27.4,30.2,25.2,87,20.1,12.67,16.2
BBSR-03,Bhubaneswar Zone 03,20.325,85.815,2025-08-24,27.3,29.1,25.9,85,16.6,12.66,0.7
BBSR-03,Bhubaneswar Zone 03,20.325,85.815,2025-08-25,26.5,29.1,25.2,92,10.3,9.48,18.0
BBSR-03,Bhubaneswar Zone 03,20.325,85.815,2025-08-26,27.5,31.6,24.5,85,15.4,21.63,19.4
BBSR-03,Bhubaneswar Zone 03,20.325,85.815,2025-08-27,26.7,29.3,24.9,90,13.3,12.62,16.9
BBSR-03,Bhubaneswar Zone 03,20.325,85.815,2025-08-28,27.6,30.8,24.6,85,19.6,19.31,11.7
BBSR-03,Bhubaneswar Zone 03,20.325,85.815,2025-08-29,28.3,30.9,25.8,82,20.6,16.35,1.3
BBSR-03,Bhubaneswar Zone 03,20.325,85.815,2025-08-30,27.7,29.9,26.0,88,14.6,13.51,17.6
BBSR-03,Bhubaneswar Zone 03,20.325,85.815,2025-08-31,27.2,31.7,25.5,91,7.9,17.77,5.8
BBSR-03,Bhubaneswar Zone 03,20.325,85.815,2025-09-01,28.0,32.0,24.9,87,13.3,19.58,1.0
BBSR-03,Bhubaneswar Zone 03,20.325,85.815,2025-09-02,26.5,29.7,24.9,91,9.3,10.53,20.6
BBSR-03,Bhubaneswar Zone 03,20.325,85.815,2025-09-03,25.5,26.4,24.8,96,17.5,3.99,51.4
BBSR-03,Bhubaneswar Zone 03,20.325,85.815,2025-09-04,27.4,30.9,25.1,91,9.4,15.11,10.4
BBSR-03,Bhubaneswar Zone 03,20.325,85.815,2025-09-05,27.3,30.3,25.2,92,8.3,12.3,11.5
BBSR-03,Bhubaneswar Zone 03,20.325,85.815,2025-09-06,27.0,30.4,25.1,92,7.8,13.52,14.1
BBSR-03,Bhubaneswar Zone 03,20.325,85.815,2025-09-07,27.5,31.7,24.8,88,14.5,20.68,5.5
BBSR-03,Bhubaneswar Zone 03,20.325,85.815,2025-09-08,27.9,31.9,24.8,88,11.9,20.7,3.7
BBSR-03,Bhubaneswar Zone 03,20.325,85.815,2025-09-09,28.5,32.0,25.1,86,11.2,21.21,2.3
BBSR-03,Bhubaneswar Zone 03,20.325,85.815,2025-09-10,28.7,33.4,25.8,85,15.6,21.14,6.8
BBSR-03,Bhubaneswar Zone 03,20.325,85.815,2025-09-11,28.2,30.7,25.5,89,12.4,18.96,12.1
BBSR-03,Bhubaneswar Zone 03,20.325,85.815,2025-09-12,27.3,31.2,25.3,90,15.8,18.2,10.4
BBSR-03,Bhubaneswar Zone 03,20.325,85.815,2025-09-13,27.4,30.3,25.5,89,14.0,14.59,19.7
BBSR-03,Bhubaneswar Zone 03,20.325,85.815,2025-09-14,27.5,30.9,25.6,88,11.2,14.29,12.5
BBSR-03,Bhubaneswar Zone 03,20.325,85.815,2025-09-15,27.7,31.1,25.6,87,14.3,14.72,6.1
BBSR-03,Bhubaneswar Zone 03,20.325,85.815,2025-09-16,26.8,29.9,25.3,91,15.6,11.8,20.5
BBSR-03,Bhubaneswar Zone 03,20.325,85.815,2025-09-17,28.2,32.3,25.9,84,14.4,19.53,7.9
BBSR-03,Bhubaneswar Zone 03,20.325,85.815,2025-09-18,28.8,33.0,25.7,82,11.8,21.72,0.9
BBSR-03,Bhubaneswar Zone 03,20.325,85.815,2025-09-19,29.2,33.2,26.2,83,10.2,19.99,0.2
BBSR-03,Bhubaneswar Zone 03,20.325,85.815,2025-09-20,28.5,33.0,26.3,86,13.2,16.48,6.9
BBSR-03,Bhubaneswar Zone 03,20.325,85.815,2025-09-21,27.8,32.8,25.7,89,12.4,18.13,9.4
BBSR-03,Bhubaneswar Zone 03,20.325,85.815,2025-09-22,27.5,32.5,25.2,89,14.5,16.37,13.6
BBSR-03,Bhubaneswar Zone 03,20.325,85.815,2025-09-23,26.6,29.8,25.2,91,13.7,12.27,18.1
BBSR-03,Bhubaneswar Zone 03,20.325,85.815,2025-09-24,26.6,30.0,24.7,89,8.7,13.33,4.9
BBSR-03,Bhubaneswar Zone 03,20.325,85.815,2025-09-25,27.3,31.8,25.1,90,12.2,19.03,4.7
BBSR-03,Bhubaneswar Zone 03,20.325,85.815,2025-09-26,26.0,27.4,25.1,94,17.3,6.93,25.2
BBSR-03,Bhubaneswar Zone 03,20.325,85.815,2025-09-27,26.7,29.5,24.9,91,17.4,12.23,11.2
BBSR-03,Bhubaneswar Zone 03,20.325,85.815,2025-09-28,27.0,30.2,24.7,90,17.7,14.97,7.6
BBSR-03,Bhubaneswar Zone 03,20.325,85.815,2025-09-29,27.1,31.6,24.9,89,13.6,17.08,3.9
BBSR-03,Bhubaneswar Zone 03,20.325,85.815,2025-09-30,28.3,32.3,24.9,85,8.8,20.66,0.8
BBSR-03,Bhubaneswar Zone 03,20.325,85.815,2025-10-01,28.3,33.4,25.5,83,19.8,19.93,3.5
BBSR-03,Bhubaneswar Zone 03,20.325,85.815,2025-10-02,26.4,29.6,24.6,91,25.3,9.85,33.2
BBSR-03,Bhubaneswar Zone 03,20.325,85.815,2025-10-03,28.4,31.4,26.0,84,25.8,17.4,3.1
BBSR-03,Bhubaneswar Zone 03,20.325,85.815,2025-10-04,27.9,32.0,25.0,88,19.3,16.92,6.4
BBSR-03,Bhubaneswar Zone 03,20.325,85.815,2025-10-05,26.7,29.2,25.1,92,15.0,13.85,18.0
BBSR-03,Bhubaneswar Zone 03,20.325,85.815,2025-10-06,26.5,30.5,24.3,90,10.5,15.06,17.5
BBSR-03,Bhubaneswar Zone 03,20.325,85.815,2025-10-07,27.0,30.8,25.2,89,8.2,14.79,12.3
BBSR-03,Bhubaneswar Zone 03,20.325,85.815,2025-10-08,26.5,29.9,24.7,90,6.3,14.03,2.9
BBSR-03,Bhubaneswar Zone 03,20.325,85.815,2025-10-09,26.8,31.6,25.0,88,16.4,17.1,10.8
BBSR-03,Bhubaneswar Zone 03,20.325,85.815,2025-10-10,26.8,31.4,24.7,87,9.9,18.15,2.3
BBSR-03,Bhubaneswar Zone 03,20.325,85.815,2025-10-11,27.2,30.7,24.6,84,14.9,18.28,1.7
BBSR-03,Bhubaneswar Zone 03,20.325,85.815,2025-10-12,27.2,31.0,24.6,81,16.9,18.68,0.9
BBSR-03,Bhubaneswar Zone 03,20.325,85.815,2025-10-13,26.4,30.6,24.2,85,16.2,17.12,3.2
BBSR-03,Bhubaneswar Zone 03,20.325,85.815,2025-10-14,27.4,31.5,24.0,77,12.3,20.01,0.2
BBSR-03,Bhubaneswar Zone 03,20.325,85.815,2025-10-15,27.4,31.7,24.0,76,13.2,20.88,0.0
BBSR-03,Bhubaneswar Zone 03,20.325,85.815,2025-10-16,27.3,31.6,24.0,77,8.8,20.35,0.0
BBSR-03,Bhubaneswar Zone 03,20.325,85.815,2025-10-17,26.9,31.3,23.0,74,11.2,20.65,0.0
BBSR-03,Bhubaneswar Zone 03,20.325,85.815,2025-10-18,26.7,31.3,23.7,81,13.8,19.17,0.7
BBSR-03,Bhubaneswar Zone 03,20.325,85.815,2025-10-19,26.5,30.0,23.9,87,17.1,16.29,6.1
BBSR-03,Bhubaneswar Zone 03,20.325,85.815,2025-10-20,26.6,30.9,24.9,88,13.4,15.47,10.9
BBSR-03,Bhubaneswar Zone 03,20.325,85.815,2025-10-21,27.5,31.7,24.3,80,19.7,18.51,0.3
BBSR-03,Bhubaneswar Zone 03,20.325,85.815,2025-10-22,27.6,31.7,24.1,79,16.6,18.18,0.4
BBSR-03,Bhubaneswar Zone 03,20.325,85.815,2025-10-23,27.5,31.6,24.1,80,12.4,18.25,0.3
BBSR-03,Bhubaneswar Zone 03,20.325,85.815,2025-10-24,27.2,31.8,24.3,81,12.2,18.51,0.1
BBSR-03,Bhubaneswar Zone 03,20.325,85.815,2025-10-25,26.8,31.7,24.0,85,13.2,16.96,1.4
BBSR-03,Bhubaneswar Zone 03,20.325,85.815,2025-10-26,27.5,31.7,24.5,81,12.5,17.72,0.6
BBSR-03,Bhubaneswar Zone 03,20.325,85.815,2025-10-27,26.9,30.4,24.7,83,17.0,16.44,6.5
BBSR-03,Bhubaneswar Zone 03,20.325,85.815,2025-10-28,25.7,29.4,23.7,91,21.7,11.27,20.8
BBSR-03,Bhubaneswar Zone 03,20.325,85.815,2025-10-29,25.9,28.6,24.2,91,21.6,12.71,15.6
BBSR-03,Bhubaneswar Zone 03,20.325,85.815,2025-10-30,26.4,29.4,24.3,89,15.3,14.71,6.5
BBSR-03,Bhubaneswar Zone 03,20.325,85.815,2025-10-31,27.8,31.5,24.8,82,14.7,17.37,0.4
BBSR-03,Bhubaneswar Zone 03,20.325,85.815,2025-11-01,27.7,31.7,25.5,85,13.3,16.18,7.6
BBSR-03,Bhubaneswar Zone 03,20.325,85.815,2025-11-02,27.4,30.7,24.5,84,11.0,16.36,0.5
BBSR-03,Bhubaneswar Zone 03,20.325,85.815,2025-11-03,26.7,30.7,23.9,76,8.7,17.19,0.3
BBSR-03,Bhubaneswar Zone 03,20.325,85.815,2025-11-04,25.8,30.7,21.9,64,14.0,17.17,0.0
BBSR-03,Bhubaneswar Zone 03,20.325,85.815,2025-11-05,24.7,30.5,19.7,65,9.6,19.17,0.0
BBSR-03,Bhubaneswar Zone 03,20.325,85.815,2025-11-06,25.7,31.4,21.2,68,8.2,18.69,0.0
BBSR-03,Bhubaneswar Zone 03,20.325,85.815,2025-11-07,25.8,30.8,21.7,71,13.0,18.52,0.0
BBSR-03,Bhubaneswar Zone 03,20.325,85.815,2025-11-08,24.8,30.0,20.5,68,13.0,18.66,0.0
BBSR-03,Bhubaneswar Zone 03,20.325,85.815,2025-11-09,23.4,29.1,19.3,67,8.2,18.76,0.0
BBSR-03,Bhubaneswar Zone 03,20.325,85.815,2025-11-10,23.3,28.9,18.4,64,9.8,18.81,0.0
BBSR-03,Bhubaneswar Zone 03,20.325,85.815,2025-11-11,23.1,29.2,18.4,64,7.8,18.62,0.0
BBSR-03,Bhubaneswar Zone 03,20.325,85.815,2025-11-12,22.6,28.1,17.5,63,10.0,18.61,0.0
BBSR-03,Bhubaneswar Zone 03,20.325,85.815,2025-11-13,22.3,28.1,16.5,63,10.4,18.57,0.0
BBSR-03,Bhubaneswar Zone 03,20.325,85.815,2025-11-14,22.4,28.1,17.4,63,10.8,18.44,0.0
BBSR-03,Bhubaneswar Zone 03,20.325,85.815,2025-11-15,21.9,27.7,17.2,62,14.7,18.39,0.0
BBSR-03,Bhubaneswar Zone 03,20.325,85.815,2025-11-16,21.6,27.8,16.7,59,14.4,18.4,0.0
BBSR-03,Bhubaneswar Zone 03,20.325,85.815,2025-11-17,21.5,27.4,16.3,60,12.8,18.21,0.0
BBSR-03,Bhubaneswar Zone 03,20.325,85.815,2025-11-18,22.0,27.9,16.6,64,9.9,17.94,0.0
BBSR-03,Bhubaneswar Zone 03,20.325,85.815,2025-11-19,23.0,29.4,17.2,66,8.3,17.44,0.0
BBSR-03,Bhubaneswar Zone 03,20.325,85.815,2025-11-20,25.1,29.9,21.2,63,12.7,16.47,0.0
BBSR-03,Bhubaneswar Zone 03,20.325,85.815,2025-11-21,24.8,30.2,20.0,69,10.5,17.0,0.0
BBSR-03,Bhubaneswar Zone 03,20.325,85.815,2025-11-22,24.7,30.2,19.9,75,9.6,16.25,0.0
BBSR-03,Bhubaneswar Zone 03,20.325,85.815,2025-11-23,25.0,30.2,20.7,74,9.9,15.31,0.0
BBSR-03,Bhubaneswar Zone 03,20.325,85.815,2025-11-24,23.8,28.6,20.1,70,11.5,16.17,0.0
BBSR-03,Bhubaneswar Zone 03,20.325,85.815,2025-11-25,22.8,27.9,18.8,67,12.7,16.71,0.0
BBSR-03,Bhubaneswar Zone 03,20.325,85.815,2025-11-26,21.8,27.1,17.7,63,15.1,16.89,0.0
BBSR-03,Bhubaneswar Zone 03,20.325,85.815,2025-11-27,21.0,26.6,16.5,59,14.1,17.11,0.0
BBSR-03,Bhubaneswar Zone 03,20.325,85.815,2025-11-28,22.0,27.9,16.6,67,9.8,16.13,0.0
BBSR-03,Bhubaneswar Zone 03,20.325,85.815,2025-11-29,23.0,28.7,18.1,69,9.3,15.65,0.0
BBSR-03,Bhubaneswar Zone 03,20.325,85.815,2025-11-30,22.7,27.9,18.8,67,9.4,15.65,0.0
BBSR-03,Bhubaneswar Zone 03,20.325,85.815,2025-12-01,21.5,25.3,17.8,71,11.6,6.31,0.0
BBSR-03,Bhubaneswar Zone 03,20.325,85.815,2025-12-02,23.2,27.7,20.0,72,9.7,12.53,0.0
BBSR-03,Bhubaneswar Zone 03,20.325,85.815,2025-12-03,22.6,27.9,18.5,72,9.7,14.79,0.0
BBSR-03,Bhubaneswar Zone 03,20.325,85.815,2025-12-04,21.9,27.5,17.9,67,13.7,16.16,0.0
BBSR-03,Bhubaneswar Zone 03,20.325,85.815,2025-12-05,21.0,26.9,16.4,63,14.9,16.39,0.0
BBSR-03,Bhubaneswar Zone 03,20.325,85.815,2025-12-06,20.3,26.4,15.7,61,10.4,16.43,0.0
BBSR-03,Bhubaneswar Zone 03,20.325,85.815,2025-12-07,20.1,26.1,14.9,61,9.3,16.25,0.0
BBSR-03,Bhubaneswar Zone 03,20.325,85.815,2025-12-08,20.5,26.6,14.7,64,7.2,15.99,0.0
BBSR-03,Bhubaneswar Zone 03,20.325,85.815,2025-12-09,20.6,26.6,15.4,66,10.2,15.79,0.0
BBSR-03,Bhubaneswar Zone 03,20.325,85.815,2025-12-10,20.3,26.5,15.0,68,11.5,16.03,0.0
BBSR-03,Bhubaneswar Zone 03,20.325,85.815,2025-12-11,20.0,26.6,14.2,62,7.3,16.41,0.0
BBSR-03,Bhubaneswar Zone 03,20.325,85.815,2025-12-12,20.2,26.5,14.8,64,5.8,16.22,0.0
BBSR-03,Bhubaneswar Zone 03,20.325,85.815,2025-12-13,20.5,26.5,15.5,67,6.8,15.98,0.0
BBSR-03,Bhubaneswar Zone 03,20.325,85.815,2025-12-14,20.4,26.5,15.3,67,9.7,15.89,0.0
BBSR-03,Bhubaneswar Zone 03,20.325,85.815,2025-12-15,20.7,26.9,15.3,70,6.7,15.85,0.0
BBSR-03,Bhubaneswar Zone 03,20.325,85.815,2025-12-16,20.8,26.7,15.9,73,5.8,15.69,0.0
BBSR-03,Bhubaneswar Zone 03,20.325,85.815,2025-12-17,20.7,26.6,15.5,74,7.3,15.84,0.0
BBSR-03,Bhubaneswar Zone 03,20.325,85.815,2025-12-18,20.5,26.4,15.6,68,9.4,15.68,0.0
BBSR-03,Bhubaneswar Zone 03,20.325,85.815,2025-12-19,20.4,26.2,15.7,68,6.0,15.76,0.0
BBSR-03,Bhubaneswar Zone 03,20.325,85.815,2025-12-20,20.3,25.7,15.9,69,8.0,15.39,0.0
BBSR-03,Bhubaneswar Zone 03,20.325,85.815,2025-12-21,19.5,25.5,14.8,70,9.0,15.43,0.0
BBSR-03,Bhubaneswar Zone 03,20.325,85.815,2025-12-22,19.6,25.3,14.8,70,11.2,15.7,0.0
BBSR-03,Bhubaneswar Zone 03,20.325,85.815,2025-12-23,19.9,25.6,15.0,75,5.6,15.69,0.0
BBSR-03,Bhubaneswar Zone 03,20.325,85.815,2025-12-24,20.2,26.5,15.1,79,6.5,14.9,0.0
BBSR-03,Bhubaneswar Zone 03,20.325,85.815,2025-12-25,19.5,25.0,16.1,77,11.8,15.49,0.0
BBSR-03,Bhubaneswar Zone 03,20.325,85.815,2025-12-26,18.8,24.2,15.0,78,9.8,15.81,0.0
BBSR-03,Bhubaneswar Zone 03,20.325,85.815,2025-12-27,18.9,24.8,14.2,77,7.4,15.86,0.0
BBSR-03,Bhubaneswar Zone 03,20.325,85.815,2025-12-28,18.9,24.8,14.0,75,7.8,16.02,0.0
BBSR-03,Bhubaneswar Zone 03,20.325,85.815,2025-12-29,18.6,24.5,14.5,77,9.8,16.06,0.0
BBSR-03,Bhubaneswar Zone 03,20.325,85.815,2025-12-30,18.3,24.7,13.7,81,10.0,16.07,0.0
BBSR-03,Bhubaneswar Zone 03,20.325,85.815,2025-12-31,18.3,24.1,14.4,85,9.2,14.23,0.0
BBSR-04,Bhubaneswar Zone 04,20.288,85.845,2024-01-01,20.9,26.6,16.0,75,9.7,15.86,0.0
BBSR-04,Bhubaneswar Zone 04,20.288,85.845,2024-01-02,20.6,26.9,15.5,79,9.9,15.41,0.0
BBSR-04,Bhubaneswar Zone 04,20.288,85.845,2024-01-03,20.4,26.6,15.3,72,12.0,16.09,0.0
BBSR-04,Bhubaneswar Zone 04,20.288,85.845,2024-01-04,20.2,27.4,14.1,73,10.7,16.14,0.0
BBSR-04,Bhubaneswar Zone 04,20.288,85.845,2024-01-05,20.7,27.9,14.6,73,11.0,16.23,0.0
BBSR-04,Bhubaneswar Zone 04,20.288,85.845,2024-01-06,21.1,28.1,15.4,70,10.2,16.43,0.0
BBSR-04,Bhubaneswar Zone 04,20.288,85.845,2024-01-07,21.0,28.1,14.9,69,14.3,16.1,0.0
BBSR-04,Bhubaneswar Zone 04,20.288,85.845,2024-01-08,21.6,28.4,16.8,72,15.3,16.03,0.0
BBSR-04,Bhubaneswar Zone 04,20.288,85.845,2024-01-09,21.2,27.8,16.0,76,12.3,16.07,0.0
BBSR-04,Bhubaneswar Zone 04,20.288,85.845,2024-01-10,22.4,29.2,16.1,78,13.0,15.34,0.0
BBSR-04,Bhubaneswar Zone 04,20.288,85.845,2024-01-11,23.7,29.5,19.5,77,12.6,15.53,0.0
BBSR-04,Bhubaneswar Zone 04,20.288,85.845,2024-01-12,21.5,27.0,17.6,72,13.3,16.42,0.0
BBSR-04,Bhubaneswar Zone 04,20.288,85.845,2024-01-13,20.2,26.8,14.7,69,15.8,16.82,0.0
BBSR-04,Bhubaneswar Zone 04,20.288,85.845,2024-01-14,21.0,27.7,14.0,76,10.8,16.3,0.0
BBSR-04,Bhubaneswar Zone 04,20.288,85.845,2024-01-15,21.6,28.4,16.1,77,9.7,15.51,0.0
BBSR-04,Bhubaneswar Zone 04,20.288,85.845,2024-01-16,22.1,27.6,18.0,81,12.7,14.14,0.0
BBSR-04,Bhubaneswar Zone 04,20.288,85.845,2024-01-17,21.7,26.1,18.7,87,12.1,10.59,3.8
BBSR-04,Bhubaneswar Zone 04,20.288,85.845,2024-01-18,22.9,27.8,18.9,82,21.6,13.08,0.3
BBSR-04,Bhubaneswar Zone 04,20.288,85.845,2024-01-19,22.2,27.3,18.7,77,13.8,14.59,0.1
BBSR-04,Bhubaneswar Zone 04,20.288,85.845,2024-01-20,21.5,27.0,17.6,79,13.3,14.07,0.1
BBSR-04,Bhubaneswar Zone 04,20.288,85.845,2024-01-21,21.4,26.8,18.1,87,7.1,10.03,5.0
BBSR-04,Bhubaneswar Zone 04,20.288,85.845,2024-01-22,20.5,24.7,15.7,72,15.7,10.63,1.4
BBSR-04,Bhubaneswar Zone 04,20.288,85.845,2024-01-23,21.1,27.7,15.4,66,15.3,14.44,2.3
BBSR-04,Bhubaneswar Zone 04,20.288,85.845,2024-01-24,20.2,23.4,17.6,88,18.7,6.56,20.4
BBSR-04,Bhubaneswar Zone 04,20.288,85.845,2024-01-25,19.6,24.5,16.0,82,14.9,11.22,0.9
BBSR-04,Bhubaneswar Zone 04,20.288,85.845,2024-01-26,19.5,25.4,15.4,75,11.6,17.17,0.0
BBSR-04,Bhubaneswar Zone 04,20.288,85.845,2024-01-27,19.5,25.7,14.2,74,9.7,17.74,0.0
BBSR-04,Bhubaneswar Zone 04,20.288,85.845,2024-01-28,19.7,26.5,14.0,77,12.5,18.0,0.0
BBSR-04,Bhubaneswar Zone 04,20.288,85.845,2024-01-29,20.7,27.6,13.9,77,15.1,17.25,0.0
BBSR-04,Bhubaneswar Zone 04,20.288,85.845,2024-01-30,22.4,28.8,16.6,79,13.7,16.26,0.0
BBSR-04,Bhubaneswar Zone 04,20.288,85.845,2024-01-31,23.3,29.5,19.3,75,15.7,16.18,0.0
BBSR-04,Bhubaneswar Zone 04,20.288,85.845,2024-02-01,24.0,30.1,19.8,78,19.3,17.35,0.0
BBSR-04,Bhubaneswar Zone 04,20.288,85.845,2024-02-02,23.3,29.3,19.0,85,14.0,14.22,0.6
BBSR-04,Bhubaneswar Zone 04,20.288,85.845,2024-02-03,23.5,29.6,19.3,81,15.5,16.84,0.0
BBSR-04,Bhubaneswar Zone 04,20.288,85.845,2024-02-04,24.2,30.3,19.3,78,13.7,16.86,0.4
BBSR-04,Bhubaneswar Zone 04,20.288,85.845,2024-02-05,24.3,30.9,18.2,79,15.4,18.64,0.0
BBSR-04,Bhubaneswar Zone 04,20.288,85.845,2024-02-06,26.1,32.6,22.0,79,20.3,17.88,0.6
BBSR-04,Bhubaneswar Zone 04,20.288,85.845,2024-02-07,25.1,30.3,21.2,80,17.9,14.83,0.0
BBSR-04,Bhubaneswar Zone 04,20.288,85.845,2024-02-08,24.1,29.0,20.5,75,16.8,14.27,0.1
BBSR-04,Bhubaneswar Zone 04,20.288,85.845,2024-02-09,21.8,27.4,17.8,64,15.7,18.98,0.0
BBSR-04,Bhubaneswar Zone 04,20.288,85.845,2024-02-10,21.3,28.0,15.5,64,9.4,19.6,0.0
BBSR-04,Bhubaneswar Zone 04,20.288,85.845,2024-02-11,22.7,29.5,16.9,67,12.8,19.3,0.0
BBSR-04,Bhubaneswar Zone 04,20.288,85.845,2024-02-12,23.5,31.0,17.8,68,14.7,18.95,0.0
BBSR-04,Bhubaneswar Zone 04,20.288,85.845,2024-02-13,23.7,31.7,18.0,73,15.3,18.91,0.0
BBSR-04,Bhubaneswar Zone 04,20.288,85.845,2024-02-14,23.5,31.6,17.6,77,16.3,18.71,0.0
BBSR-04,Bhubaneswar Zone 04,20.288,85.845,2024-02-15,24.4,31.4,18.2,78,17.4,17.57,0.1
BBSR-04,Bhubaneswar Zone 04,20.288,85.845,2024-02-16,24.7,32.1,18.6,68,14.2,19.8,0.0
BBSR-04,Bhubaneswar Zone 04,20.288,85.845,2024-02-17,25.3,32.4,19.8,73,14.4,19.11,0.1
BBSR-04,Bhubaneswar Zone 04,20.288,85.845,2024-02-18,26.0,32.5,20.9,75,15.9,17.91,0.1
BBSR-04,Bhubaneswar Zone 04,20.288,85.845,2024-02-19,26.2,33.2,20.8,75,15.8,18.41,0.0
BBSR-04,Bhubaneswar Zone 04,20.288,85.845,2024-02-20,27.3,35.1,21.6,67,17.2,18.08,0.0
BBSR-04,Bhubaneswar Zone 04,20.288,85.845,2024-02-21,27.6,35.6,21.3,57,21.6,18.65,0.0
BBSR-04,Bhubaneswar Zone 04,20.288,85.845,2024-02-22,27.5,33.1,23.4,66,25.0,18.25,0.4
BBSR-04,Bhubaneswar Zone 04,20.288,85.845,2024-02-23,26.4,31.5,22.2,71,18.8,18.91,0.5
BBSR-04,Bhubaneswar Zone 04,20.288,85.845,2024-02-24,24.2,28.1,21.3,83,14.3,12.84,9.5
BBSR-04,Bhubaneswar Zone 04,20.288,85.845,2024-02-25,24.4,30.6,20.9,81,17.7,15.99,6.0
BBSR-04,Bhubaneswar Zone 04,20.288,85.845,2024-02-26,25.1,31.1,20.3,71,14.7,19.8,0.0
BBSR-04,Bhubaneswar Zone 04,20.288,85.845,2024-02-27,25.4,31.6,20.2,66,16.7,20.61,0.3
BBSR-04,Bhubaneswar Zone 04,20.288,85.845,2024-02-28,26.7,33.2,21.2,67,11.1,20.17,0.1
BBSR-04,Bhubaneswar Zone 04,20.288,85.845,2024-02-29,26.8,33.2,21.4,73,9.8,20.07,0.0
BBSR-04,Bhubaneswar Zone 04,20.288,85.845,2024-03-01,27.2,34.1,23.2,75,12.6,19.92,0.0
BBSR-04,Bhubaneswar Zone 04,20.288,85.845,2024-03-02,27.3,34.7,21.4,72,19.9,20.98,0.0
BBSR-04,Bhubaneswar Zone 04,20.288,85.845,2024-03-03,27.5,33.7,22.7,72,16.9,20.93,0.0
BBSR-04,Bhubaneswar Zone 04,20.288,85.845,2024-03-04,27.6,33.9,22.9,75,17.4,19.26,1.0
BBSR-04,Bhubaneswar Zone 04,20.288,85.845,2024-03-05,27.6,34.3,22.2,74,18.7,19.76,0.6
BBSR-04,Bhubaneswar Zone 04,20.288,85.845,2024-03-06,26.8,34.6,23.1,80,13.8,18.71,1.4
BBSR-04,Bhubaneswar Zone 04,20.288,85.845,2024-03-07,26.8,34.5,23.5,81,13.7,16.5,20.6
BBSR-04,Bhubaneswar Zone 04,20.288,85.845,2024-03-08,25.9,31.9,22.6,81,12.0,18.25,3.2
BBSR-04,Bhubaneswar Zone 04,20.288,85.845,2024-03-09,26.3,32.7,20.5,67,14.6,21.17,0.0
BBSR-04,Bhubaneswar Zone 04,20.288,85.845,2024-03-10,26.8,33.7,21.0,69,16.6,20.44,0.0
BBSR-04,Bhubaneswar Zone 04,20.288,85.845,2024-03-11,27.2,33.2,21.7,75,16.5,20.7,0.0
BBSR-04,Bhubaneswar Zone 04,20.288,85.845,2024-03-12,29.0,35.5,23.6,74,15.2,20.13,0.7
BBSR-04,Bhubaneswar Zone 04,20.288,85.845,2024-03-13,29.4,35.8,25.0,75,20.2,19.37,0.4
BBSR-04,Bhubaneswar Zone 04,20.288,85.845,2024-03-14,29.6,36.5,26.1,72,18.6,19.34,0.3
BBSR-04,Bhubaneswar Zone 04,20.288,85.845,2024-03-15,28.9,36.5,24.7,75,16.9,19.81,0.3
BBSR-04,Bhubaneswar Zone 04,20.288,85.845,2024-03-16,28.4,34.0,24.5,77,15.5,20.87,1.5
BBSR-04,Bhubaneswar Zone 04,20.288,85.845,2024-03-17,28.1,33.5,23.3,75,10.9,19.61,1.6
BBSR-04,Bhubaneswar Zone 04,20.288,85.845,2024-03-18,28.3,33.4,23.6,76,18.1,17.67,7.3
BBSR-04,Bhubaneswar Zone 04,20.288,85.845,2024-03-19,24.6,29.1,22.1,84,19.1,9.82,13.4
BBSR-04,Bhubaneswar Zone 04,20.288,85.845,2024-03-20,21.4,25.3,18.9,81,19.2,6.98,25.0
BBSR-04,Bhubaneswar Zone 04,20.288,85.845,2024-03-21,23.4,29.9,16.3,77,16.6,21.41,0.2
BBSR-04,Bhubaneswar Zone 04,20.288,85.845,2024-03-22,26.7,32.3,21.5,78,18.2,21.08,1.2
BBSR-04,Bhubaneswar Zone 04,20.288,85.845,2024-03-23,28.0,35.5,21.2,73,17.9,23.01,0.0
BBSR-04,Bhubaneswar Zone 04,20.288,85.845,2024-03-24,28.6,34.9,23.9,75,20.6,22.5,0.4
BBSR-04,Bhubaneswar Zone 04,20.288,85.845,2024-03-25,29.1,35.8,24.2,67,16.8,21.26,0.0
BBSR-04,Bhubaneswar Zone 04,20.288,85.845,2024-03-26,29.0,35.5,23.9,59,21.1,22.41,0.0
BBSR-04,Bhubaneswar Zone 04,20.288,85.845,2024-03-27,29.6,36.3,24.2,63,18.1,23.13,0.0
BBSR-04,Bhubaneswar Zone 04,20.288,85.845,2024-03-28,29.7,37.3,23.8,71,18.8,22.54,0.0
BBSR-04,Bhubaneswar Zone 04,20.288,85.845,2024-03-29,30.1,37.6,23.6,69,19.8,22.84,0.1
BBSR-04,Bhubaneswar Zone 04,20.288,85.845,2024-03-30,30.6,37.7,24.8,65,19.5,21.66,1.0
BBSR-04,Bhubaneswar Zone 04,20.288,85.845,2024-03-31,30.2,36.5,24.5,66,18.6,20.75,0.0
BBSR-04,Bhubaneswar Zone 04,20.288,85.845,2024-04-01,30.9,37.9,25.1,61,19.3,22.75,0.2
BBSR-04,Bhubaneswar Zone 04,20.288,85.845,2024-04-02,30.9,37.9,26.0,70,19.2,23.4,0.0
BBSR-04,Bhubaneswar Zone 04,20.288,85.845,2024-04-03,30.7,37.0,25.1,74,16.9,23.23,0.0
BBSR-04,Bhubaneswar Zone 04,20.288,85.845,2024-04-04,30.9,37.2,25.7,75,16.8,21.57,0.0
BBSR-04,Bhubaneswar Zone 04,20.288,85.845,2024-04-05,32.2,41.2,25.9,66,19.5,23.13,0.0
BBSR-04,Bhubaneswar Zone 04,20.288,85.845,2024-04-06,31.6,39.5,25.7,70,19.1,23.0,0.0
BBSR-04,Bhubaneswar Zone 04,20.288,85.845,2024-04-07,30.1,38.1,25.0,74,15.9,20.94,16.7
BBSR-04,Bhubaneswar Zone 04,20.288,85.845,2024-04-08,27.6,33.1,24.3,65,25.3,23.52,0.0
BBSR-04,Bhubaneswar Zone 04,20.288,85.845,2024-04-09,29.0,36.0,24.2,55,25.0,22.19,0.0
BBSR-04,Bhubaneswar Zone 04,20.288,85.845,2024-04-10,29.1,36.1,22.9,59,8.9,21.73,0.1
BBSR-04,Bhubaneswar Zone 04,20.288,85.845,2024-04-11,26.2,28.9,22.6,72,25.8,12.17,0.1
BBSR-04,Bhubaneswar Zone 04,20.288,85.845,2024-04-12,27.3,33.3,22.1,67,14.9,17.7,0.0
BBSR-04,Bhubaneswar Zone 04,20.288,85.845,2024-04-13,29.4,36.3,22.5,57,11.6,23.49,0.0
BBSR-04,Bhubaneswar Zone 04,20.288,85.845,2024-04-14,30.6,37.3,24.0,59,11.5,23.8,0.0
BBSR-04,Bhubaneswar Zone 04,20.288,85.845,2024-04-15,31.5,38.8,25.0,58,16.7,24.28,0.0
BBSR-04,Bhubaneswar Zone 04,20.288,85.845,2024-04-16,32.8,39.9,26.2,59,15.2,24.0,0.0
BBSR-04,Bhubaneswar Zone 04,20.288,85.845,2024-04-17,33.5,40.9,27.0,55,15.8,23.81,0.0
BBSR-04,Bhubaneswar Zone 04,20.288,85.845,2024-04-18,33.1,41.2,26.9,54,16.6,25.55,0.0
BBSR-04,Bhubaneswar Zone 04,20.288,85.845,2024-04-19,32.1,41.4,24.2,61,21.6,25.79,0.0
BBSR-04,Bhubaneswar Zone 04,20.288,85.845,2024-04-20,32.3,39.3,26.5,69,20.3,23.8,0.0
BBSR-04,Bhubaneswar Zone 04,20.288,85.845,2024-04-21,33.2,41.0,26.3,65,20.4,23.27,0.1
BBSR-04,Bhubaneswar Zone 04,20.288,85.845,2024-04-22,33.6,39.9,27.6,50,23.6,22.32,1.0
BBSR-04,Bhubaneswar Zone 04,20.288,85.845,2024-04-23,32.8,39.5,26.9,43,17.8,24.58,0.0
BBSR-04,Bhubaneswar Zone 04,20.288,85.845,2024-04-24,32.2,40.0,27.0,56,28.9,23.14,1.0
BBSR-04,Bhubaneswar Zone 04,20.288,85.845,2024-04-25,32.8,41.3,25.7,58,17.7,23.72,0.0
BBSR-04,Bhubaneswar Zone 04,20.288,85.845,2024-04-26,32.7,40.3,27.2,68,19.3,24.34,1.7
BBSR-04,Bhubaneswar Zone 04,20.288,85.845,2024-04-27,32.6,40.3,27.4,67,17.5,24.74,1.0
BBSR-04,Bhubaneswar Zone 04,20.288,85.845,2024-04-28,33.3,40.6,27.2,60,15.6,24.6,0.4
BBSR-04,Bhubaneswar Zone 04,20.288,85.845,2024-04-29,33.2,40.8,27.2,64,17.6,24.07,0.0
BBSR-04,Bhubaneswar Zone 04,20.288,85.845,2024-04-30,33.5,41.4,27.8,55,22.0,24.31,0.0
BBSR-04,Bhubaneswar Zone 04,20.288,85.845,2024-05-01,33.2,39.5,29.2,63,21.4,22.63,0.0
BBSR-04,Bhubaneswar Zone 04,20.288,85.845,2024-05-02,32.4,38.4,28.2,71,23.0,23.64,0.0
BBSR-04,Bhubaneswar Zone 04,20.288,85.845,2024-05-03,32.4,39.9,27.0,71,18.3,24.98,0.0
BBSR-04,Bhubaneswar Zone 04,20.288,85.845,2024-05-04,32.0,37.8,27.7,73,22.0,23.12,0.0
BBSR-04,Bhubaneswar Zone 04,20.288,85.845,2024-05-05,31.8,37.9,27.4,74,26.2,24.88,0.0
BBSR-04,Bhubaneswar Zone 04,20.288,85.845,2024-05-06,31.6,37.4,28.4,76,27.8,20.39,0.0
BBSR-04,Bhubaneswar Zone 04,20.288,85.845,2024-05-07,29.8,35.5,27.8,75,31.6,17.95,3.9
BBSR-04,Bhubaneswar Zone 04,20.288,85.845,2024-05-08,29.8,35.6,26.4,74,16.6,21.15,4.9
BBSR-04,Bhubaneswar Zone 04,20.288,85.845,2024-05-09,30.4,34.9,27.0,74,22.6,20.61,0.9
BBSR-04,Bhubaneswar Zone 04,20.288,85.845,2024-05-10,30.6,35.4,27.4,73,23.5,23.31,0.3
BBSR-04,Bhubaneswar Zone 04,20.288,85.845,2024-05-11,31.3,36.1,27.7,74,20.8,23.94,0.0
BBSR-04,Bhubaneswar Zone 04,20.288,85.845,2024-05-12,30.0,35.6,27.2,78,21.2,22.08,13.7
BBSR-04,Bhubaneswar Zone 04,20.288,85.845,2024-05-13,30.3,37.1,27.1,75,13.3,23.15,7.9
BBSR-04,Bhubaneswar Zone 04,20.288,85.845,2024-05-14,29.9,34.6,26.1,78,15.7,23.1,0.9
BBSR-04,Bhubaneswar Zone 04,20.288,85.845,2024-05-15,30.8,36.6,25.6,70,18.0,24.27,0.1
BBSR-04,Bhubaneswar Zone 04,20.288,85.845,2024-05-16,30.8,35.3,27.8,71,17.3,17.58,0.1
BBSR-04,Bhubaneswar Zone 04,20.288,85.845,2024-05-17,31.9,37.7,27.8,69,18.2,22.53,0.0
BBSR-04,Bhubaneswar Zone 04,20.288,85.845,2024-05-18,31.5,36.7,28.1,74,16.0,19.57,3.3
BBSR-04,Bhubaneswar Zone 04,20.288,85.845,2024-05-19,31.2,34.9,28.3,73,14.3,21.87,0.3
BBSR-04,Bhubaneswar Zone 04,20.288,85.845,2024-05-20,31.6,35.7,28.9,72,18.9,22.5,0.9
BBSR-04,Bhubaneswar Zone 04,20.288,85.845,2024-05-21,31.2,36.2,28.2,74,18.1,21.49,0.4
BBSR-04,Bhubaneswar Zone 04,20.288,85.845,2024-05-22,31.2,36.0,27.9,74,20.5,22.74,0.0
BBSR-04,Bhubaneswar Zone 04,20.288,85.845,2024-05-23,31.0,36.1,26.8,71,16.4,23.55,0.0
BBSR-04,Bhubaneswar Zone 04,20.288,85.845,2024-05-24,30.8,34.8,27.4,72,19.7,18.61,0.4
BBSR-04,Bhubaneswar Zone 04,20.288,85.845,2024-05-25,30.9,34.6,28.1,76,20.0,20.11,12.0
BBSR-04,Bhubaneswar Zone 04,20.288,85.845,2024-05-26,30.0,34.5,27.9,79,18.4,6.84,16.9
BBSR-04,Bhubaneswar Zone 04,20.288,85.845,2024-05-27,31.6,36.2,27.8,78,21.1,15.77,0.2
BBSR-04,Bhubaneswar Zone 04,20.288,85.845,2024-05-28,32.9,37.9,30.0,77,24.9,23.73,0.0
BBSR-04,Bhubaneswar Zone 04,20.288,85.845,2024-05-29,32.9,37.2,29.9,76,26.3,24.62,0.0
BBSR-04,Bhubaneswar Zone 04,20.288,85.845,2024-05-30,32.5,36.9,29.8,77,26.8,23.87,0.1
BBSR-04,Bhubaneswar Zone 04,20.288,85.845,2024-05-31,32.3,36.7,29.9,78,26.3,22.16,0.0
BBSR-04,Bhubaneswar Zone 04,20.288,85.845,2024-06-01,31.9,35.4,29.3,77,24.6,18.35,0.0
BBSR-04,Bhubaneswar Zone 04,20.288,85.845,2024-06-02,31.3,36.4,28.2,78,25.5,19.62,21.8
BBSR-04,Bhubaneswar Zone 04,20.288,85.845,2024-06-03,30.7,35.6,27.8,74,22.7,20.27,0.0
BBSR-04,Bhubaneswar Zone 04,20.288,85.845,2024-06-04,31.0,37.9,28.4,79,18.0,20.29,10.9
BBSR-04,Bhubaneswar Zone 04,20.288,85.845,2024-06-05,32.0,36.7,28.2,70,15.0,24.16,0.0
BBSR-04,Bhubaneswar Zone 04,20.288,85.845,2024-06-06,32.4,38.8,27.4,70,20.4,24.69,3.1
BBSR-04,Bhubaneswar Zone 04,20.288,85.845,2024-06-07,31.7,37.4,28.3,72,20.9,24.46,0.1
BBSR-04,Bhubaneswar Zone 04,20.288,85.845,2024-06-08,31.7,37.7,27.4,71,23.0,24.87,0.0
BBSR-04,Bhubaneswar Zone 04,20.288,85.845,2024-06-09,32.2,38.9,27.8,69,23.0,24.63,0.0
BBSR-04,Bhubaneswar Zone 04,20.288,85.845,2024-06-10,31.8,38.0,27.4,68,22.6,25.38,0.0
BBSR-04,Bhubaneswar Zone 04,20.288,85.845,2024-06-11,31.4,37.2,27.6,72,22.3,24.8,0.0
BBSR-04,Bhubaneswar Zone 04,20.288,85.845,2024-06-12,31.7,39.3,28.1,73,21.1,22.79,8.3
BBSR-04,Bhubaneswar Zone 04,20.288,85.845,2024-06-13,32.1,38.3,28.6,71,24.8,22.29,0.0
BBSR-04,Bhubaneswar Zone 04,20.288,85.845,2024-06-14,32.6,38.2,28.4,66,21.1,20.82,0.0
BBSR-04,Bhubaneswar Zone 04,20.288,85.845,2024-06-15,33.1,39.7,28.8,68,22.7,24.34,0.0
BBSR-04,Bhubaneswar Zone 04,20.288,85.845,2024-06-16,31.4,37.2,27.7,74,16.7,21.61,11.8
BBSR-04,Bhubaneswar Zone 04,20.288,85.845,2024-06-17,31.2,37.4,29.0,76,26.7,16.06,24.0
BBSR-04,Bhubaneswar Zone 04,20.288,85.845,2024-06-18,31.1,36.0,29.0,77,26.1,14.1,9.9
BBSR-04,Bhubaneswar Zone 04,20.288,85.845,2024-06-19,32.0,37.6,28.5,72,23.8,21.37,0.0
BBSR-04,Bhubaneswar Zone 04,20.288,85.845,2024-06-20,31.1,35.8,28.4,75,16.8,19.36,6.1
BBSR-04,Bhubaneswar Zone 04,20.288,85.845,2024-06-21,29.2,34.7,27.2,81,10.5,19.38,13.3
BBSR-04,Bhubaneswar Zone 04,20.288,85.845,2024-06-22,29.2,33.5,26.2,80,15.2,19.84,3.9
BBSR-04,Bhubaneswar Zone 04,20.288,85.845,2024-06-23,30.1,33.9,27.1,78,21.0,20.74,0.4
BBSR-04,Bhubaneswar Zone 04,20.288,85.845,2024-06-24,30.5,34.5,27.9,75,17.7,22.46,0.1
BBSR-04,Bhubaneswar Zone 04,20.288,85.845,2024-06-25,30.4,35.5,27.9,77,16.4,22.51,7.8
BBSR-04,Bhubaneswar Zone 04,20.288,85.845,2024-06-26,29.4,34.2,27.2,82,14.8,19.4,8.8
BBSR-04,Bhubaneswar Zone 04,20.288,85.845,2024-06-27,28.5,32.1,26.5,85,18.4,18.09,10.3
BBSR-04,Bhubaneswar Zone 04,20.288,85.845,2024-06-28,29.1,33.7,26.6,84,13.0,18.45,4.9
BBSR-04,Bhubaneswar Zone 04,20.288,85.845,2024-06-29,28.7,33.9,26.2,85,18.9,15.88,18.7
BBSR-04,Bhubaneswar Zone 04,20.288,85.845,2024-06-30,28.0,31.6,26.1,88,18.7,12.87,28.3
BBSR-04,Bhubaneswar Zone 04,20.288,85.845,2024-07-01,28.6,32.0,26.6,83,20.2,14.97,2.3
BBSR-04,Bhubaneswar Zone 04,20.288,85.845,2024-07-02,29.1,32.4,26.6,83,16.9,12.27,1.3
BBSR-04,Bhubaneswar Zone 04,20.288,85.845,2024-07-03,28.2,31.0,26.8,88,14.6,8.09,14.1
BBSR-04,Bhubaneswar Zone 04,20.288,85.845,2024-07-04,28.8,33.0,26.9,86,18.0,18.47,13.8
BBSR-04,Bhubaneswar Zone 04,20.288,85.845,2024-07-05,29.0,32.4,27.0,85,20.8,16.48,2.7
BBSR-04,Bhubaneswar Zone 04,20.288,85.845,2024-07-06,28.6,32.0,26.0,86,19.6,17.86,8.2
BBSR-04,Bhubaneswar Zone 04,20.288,85.845,2024-07-07,28.4,32.7,26.0,87,14.6,20.48,14.9
BBSR-04,Bhubaneswar Zone 04,20.288,85.845,2024-07-08,28.2,31.4,25.5,84,15.6,17.28,3.6
BBSR-04,Bhubaneswar Zone 04,20.288,85.845,2024-07-09,28.5,32.0,25.7,82,21.1,20.37,2.3
BBSR-04,Bhubaneswar Zone 04,20.288,85.845,2024-07-10,29.3,32.4,26.9,79,19.3,22.52,0.6
BBSR-04,Bhubaneswar Zone 04,20.288,85.845,2024-07-11,29.2,32.3,27.3,82,20.3,16.47,6.5
BBSR-04,Bhubaneswar Zone 04,20.288,85.845,2024-07-12,28.5,32.9,26.6,86,18.1,14.03,12.4
BBSR-04,Bhubaneswar Zone 04,20.288,85.845,2024-07-13,28.8,32.7,26.2,85,10.6,18.51,7.2
BBSR-04,Bhubaneswar Zone 04,20.288,85.845,2024-07-14,28.5,33.2,26.0,86,15.6,22.91,13.7
BBSR-04,Bhubaneswar Zone 04,20.288,85.845,2024-07-15,28.0,31.3,25.5,86,16.9,19.36,12.7
BBSR-04,Bhubaneswar Zone 04,20.288,85.845,2024-07-16,28.4,32.4,25.7,84,14.8,19.35,6.1
BBSR-04,Bhubaneswar Zone 04,20.288,85.845,2024-07-17,28.7,32.2,25.9,85,13.6,20.52,5.4
BBSR-04,Bhubaneswar Zone 04,20.288,85.845,2024-07-18,28.8,32.4,26.3,84,19.4,18.98,17.3
BBSR-04,Bhubaneswar Zone 04,20.288,85.845,2024-07-19,28.5,31.4,26.3,84,26.2,18.46,9.9
BBSR-04,Bhubaneswar Zone 04,20.288,85.845,2024-07-20,28.4,32.4,26.5,85,18.3,13.97,7.2
BBSR-04,Bhubaneswar Zone 04,20.288,85.845,2024-07-21,29.0,32.5,26.5,82,22.6,19.41,1.6
BBSR-04,Bhubaneswar Zone 04,20.288,85.845,2024-07-22,28.4,31.8,26.6,82,22.7,17.09,2.4
BBSR-04,Bhubaneswar Zone 04,20.288,85.845,2024-07-23,27.8,30.4,26.5,87,20.6,10.86,6.7
BBSR-04,Bhubaneswar Zone 04,20.288,85.845,2024-07-24,27.8,30.9,25.6,85,23.1,15.39,6.9
BBSR-04,Bhubaneswar Zone 04,20.288,85.845,2024-07-25,27.7,31.2,25.2,86,19.1,13.9,5.9
BBSR-04,Bhubaneswar Zone 04,20.288,85.845,2024-07-26,28.6,32.2,25.7,82,21.6,18.03,8.0
BBSR-04,Bhubaneswar Zone 04,20.288,85.845,2024-07-27,28.9,32.7,25.7,83,16.0,18.66,2.3
BBSR-04,Bhubaneswar Zone 04,20.288,85.845,2024-07-28,29.1,32.9,25.7,82,10.2,19.92,27.8
BBSR-04,Bhubaneswar Zone 04,20.288,85.845,2024-07-29,28.4,32.1,25.8,89,12.6,14.25,17.0
BBSR-04,Bhubaneswar Zone 04,20.288,85.845,2024-07-30,28.3,32.3,26.2,88,13.8,17.95,20.6
BBSR-04,Bhubaneswar Zone 04,20.288,85.845,2024-07-31,28.1,31.9,26.1,90,15.0,14.22,25.4
BBSR-04,Bhubaneswar Zone 04,20.288,85.845,2024-08-01,27.4,29.7,26.1,92,18.9,6.57,23.3
BBSR-04,Bhubaneswar Zone 04,20.288,85.845,2024-08-02,28.1,30.5,26.8,84,22.9,12.34,1.4
BBSR-04,Bhubaneswar Zone 04,20.288,85.845,2024-08-03,28.7,31.6,26.5,82,21.7,16.19,2.4
BBSR-04,Bhubaneswar Zone 04,20.288,85.845,2024-08-04,29.1,31.9,26.8,83,20.9,12.56,1.1
BBSR-04,Bhubaneswar Zone 04,20.288,85.845,2024-08-05,28.1,31.9,26.2,87,17.8,15.0,22.4
BBSR-04,Bhubaneswar Zone 04,20.288,85.845,2024-08-06,27.2,30.5,26.0,90,15.9,13.88,27.6
BBSR-04,Bhubaneswar Zone 04,20.288,85.845,2024-08-07,27.0,30.7,25.1,89,15.0,13.64,13.7
BBSR-04,Bhubaneswar Zone 04,20.288,85.845,2024-08-08,27.7,31.3,24.3,86,14.7,17.25,14.1
BBSR-04,Bhubaneswar Zone 04,20.288,85.845,2024-08-09,27.9,31.4,25.2,87,15.9,14.93,27.2
BBSR-04,Bhubaneswar Zone 04,20.288,85.845,2024-08-10,28.1,32.1,25.2,86,14.3,19.12,31.7
BBSR-04,Bhubaneswar Zone 04,20.288,85.845,2024-08-11,28.3,32.3,24.8,86,16.2,19.77,18.6
BBSR-04,Bhubaneswar Zone 04,20.288,85.845,2024-08-12,28.7,32.3,25.4,85,14.2,21.04,11.9
BBSR-04,Bhubaneswar Zone 04,20.288,85.845,2024-08-13,28.8,32.6,26.2,88,13.4,17.3,30.8
BBSR-04,Bhubaneswar Zone 04,20.288,85.845,2024-08-14,28.1,31.3,26.5,89,13.9,13.24,25.0
BBSR-04,Bhubaneswar Zone 04,20.288,85.845,2024-08-15,27.9,31.4,25.5,88,15.1,14.09,34.7
BBSR-04,Bhubaneswar Zone 04,20.288,85.845,2024-08-16,27.2,30.4,25.4,89,13.3,10.3,22.6
BBSR-04,Bhubaneswar Zone 04,20.288,85.845,2024-08-17,27.1,31.2,25.1,90,16.1,12.32,21.3
BBSR-04,Bhubaneswar Zone 04,20.288,85.845,2024-08-18,27.6,31.8,24.9,87,14.6,18.23,24.6
BBSR-04,Bhubaneswar Zone 04,20.288,85.845,2024-08-19,27.7,32.2,25.1,87,18.2,18.1,3.5
BBSR-04,Bhubaneswar Zone 04,20.288,85.845,2024-08-20,28.3,32.4,25.8,86,15.0,16.92,20.7
BBSR-04,Bhubaneswar Zone 04,20.288,85.845,2024-08-21,27.9,31.2,25.9,87,18.1,13.78,15.4
BBSR-04,Bhubaneswar Zone 04,20.288,85.845,2024-08-22,27.8,30.3,26.3,87,17.7,13.06,1.5
BBSR-04,Bhubaneswar Zone 04,20.288,85.845,2024-08-23,26.5,27.9,25.9,93,14.6,5.8,30.5
BBSR-04,Bhubaneswar Zone 04,20.288,85.845,2024-08-24,26.6,29.1,24.9,92,19.2,7.91,15.2
BBSR-04,Bhubaneswar Zone 04,20.288,85.845,2024-08-25,27.5,31.3,25.4,88,15.6,14.07,17.2
BBSR-04,Bhubaneswar Zone 04,20.288,85.845,2024-08-26,27.1,30.2,24.8,87,10.4,11.68,11.4
BBSR-04,Bhubaneswar Zone 04,20.288,85.845,2024-08-27,27.8,31.4,25.4,87,10.7,16.08,22.2
BBSR-04,Bhubaneswar Zone 04,20.288,85.845,2024-08-28,26.8,30.8,25.0,90,7.6,12.68,21.9
BBSR-04,Bhubaneswar Zone 04,20.288,85.845,2024-08-29,27.4,31.2,24.8,86,15.6,18.86,2.9
BBSR-04,Bhubaneswar Zone 04,20.288,85.845,2024-08-30,28.0,31.4,25.1,83,21.7,19.97,1.9
BBSR-04,Bhubaneswar Zone 04,20.288,85.845,2024-08-31,27.9,30.7,25.3,85,24.4,17.91,5.2
BBSR-04,Bhubaneswar Zone 04,20.288,85.845,2024-09-01,27.8,31.2,25.7,85,20.8,16.05,4.3
BBSR-04,Bhubaneswar Zone 04,20.288,85.845,2024-09-02,27.3,29.9,25.0,87,14.4,14.93,13.4
BBSR-04,Bhubaneswar Zone 04,20.288,85.845,2024-09-03,27.9,30.7,24.9,83,17.7,17.71,1.1
BBSR-04,Bhubaneswar Zone 04,20.288,85.845,2024-09-04,28.0,31.1,24.8,84,15.6,19.65,0.7
BBSR-04,Bhubaneswar Zone 04,20.288,85.845,2024-09-05,27.8,30.9,24.7,87,11.4,17.25,8.7
BBSR-04,Bhubaneswar Zone 04,20.288,85.845,2024-09-06,28.3,31.9,25.6,86,13.8,18.67,9.8
BBSR-04,Bhubaneswar Zone 04,20.288,85.845,2024-09-07,27.4,31.0,25.3,87,25.0,16.79,16.7
BBSR-04,Bhubaneswar Zone 04,20.288,85.845,2024-09-08,27.5,30.8,25.5,87,23.7,14.8,12.7
BBSR-04,Bhubaneswar Zone 04,20.288,85.845,2024-09-09,28.0,30.6,25.8,87,23.8,14.66,6.3
BBSR-04,Bhubaneswar Zone 04,20.288,85.845,2024-09-10,29.1,32.7,26.1,83,20.3,19.29,0.9
BBSR-04,Bhubaneswar Zone 04,20.288,85.845,2024-09-11,29.3,32.2,26.7,84,16.6,18.4,1.8
BBSR-04,Bhubaneswar Zone 04,20.288,85.845,2024-09-12,29.1,32.1,26.9,83,12.7,12.21,0.0
BBSR-04,Bhubaneswar Zone 04,20.288,85.845,2024-09-13,28.8,32.0,26.6,82,18.1,13.37,16.6
BBSR-04,Bhubaneswar Zone 04,20.288,85.845,2024-09-14,27.5,29.4,26.3,87,24.8,8.06,24.2
BBSR-04,Bhubaneswar Zone 04,20.288,85.845,2024-09-15,27.0,29.5,25.5,83,28.2,8.64,4.5
BBSR-04,Bhubaneswar Zone 04,20.288,85.845,2024-09-16,27.4,31.5,25.3,83,20.9,14.01,8.5
BBSR-04,Bhubaneswar Zone 04,20.288,85.845,2024-09-17,27.7,32.0,24.9,87,15.3,19.36,21.2
BBSR-04,Bhubaneswar Zone 04,20.288,85.845,2024-09-18,27.6,31.2,25.0,89,8.7,15.6,4.7
BBSR-04,Bhubaneswar Zone 04,20.288,85.845,2024-09-19,28.7,33.0,24.6,80,10.7,21.97,0.2
BBSR-04,Bhubaneswar Zone 04,20.288,85.845,2024-09-20,28.3,32.8,25.3,86,14.0,20.24,5.9
BBSR-04,Bhubaneswar Zone 04,20.288,85.845,2024-09-21,28.7,33.4,25.7,83,14.1,21.36,1.2
BBSR-04,Bhubaneswar Zone 04,20.288,85.845,2024-09-22,27.9,31.6,25.9,87,12.2,15.62,15.4
BBSR-04,Bhubaneswar Zone 04,20.288,85.845,2024-09-23,27.4,31.7,25.4,91,16.9,14.26,18.5
BBSR-04,Bhubaneswar Zone 04,20.288,85.845,2024-09-24,26.9,29.2,24.9,92,14.2,9.98,26.2
BBSR-04,Bhubaneswar Zone 04,20.288,85.845,2024-09-25,26.8,29.0,25.1,92,15.0,9.3,31.8
BBSR-04,Bhubaneswar Zone 04,20.288,85.845,2024-09-26,26.3,28.1,24.7,92,23.6,8.52,15.6
BBSR-04,Bhubaneswar Zone 04,20.288,85.845,2024-09-27,27.2,29.6,25.0,87,22.9,14.5,9.8
BBSR-04,Bhubaneswar Zone 04,20.288,85.845,2024-09-28,28.6,31.8,25.8,84,20.7,20.23,0.6
BBSR-04,Bhubaneswar Zone 04,20.288,85.845,2024-09-29,28.8,32.3,26.1,85,12.9,19.65,5.1
BBSR-04,Bhubaneswar Zone 04,20.288,85.845,2024-09-30,29.0,34.1,26.2,85,14.5,19.88,2.8
BBSR-04,Bhubaneswar Zone 04,20.288,85.845,2024-10-01,29.9,34.6,25.7,80,13.5,20.91,0.1
BBSR-04,Bhubaneswar Zone 04,20.288,85.845,2024-10-02,28.4,31.2,25.0,86,15.4,12.07,8.8
BBSR-04,Bhubaneswar Zone 04,20.288,85.845,2024-10-03,28.9,32.9,26.2,82,20.5,18.66,0.1
BBSR-04,Bhubaneswar Zone 04,20.288,85.845,2024-10-04,29.3,33.8,25.1,76,13.2,20.78,0.0
BBSR-04,Bhubaneswar Zone 04,20.288,85.845,2024-10-05,27.4,32.3,24.8,86,19.0,14.24,2.1
BBSR-04,Bhubaneswar Zone 04,20.288,85.845,2024-10-06,26.8,31.9,24.1,89,14.6,19.17,11.3
BBSR-04,Bhubaneswar Zone 04,20.288,85.845,2024-10-07,26.6,30.6,24.7,92,15.7,13.15,11.6
BBSR-04,Bhubaneswar Zone 04,20.288,85.845,2024-10-08,26.9,30.3,25.0,91,14.7,14.38,6.0
BBSR-04,Bhubaneswar Zone 04,20.288,85.845,2024-10-09,27.5,31.8,24.2,84,11.8,19.44,0.1
BBSR-04,Bhubaneswar Zone 04,20.288,85.845,2024-10-10,27.5,31.6,23.5,83,12.8,19.81,0.1
BBSR-04,Bhubaneswar Zone 04,20.288,85.845,2024-10-11,28.1,32.1,24.2,81,10.9,19.82,0.3
BBSR-04,Bhubaneswar Zone 04,20.288,85.845,2024-10-12,28.1,32.0,24.6,81,11.6,19.02,1.1
BBSR-04,Bhubaneswar Zone 04,20.288,85.845,2024-10-13,28.0,32.3,24.4,83,11.4,19.09,0.6
BBSR-04,Bhubaneswar Zone 04,20.288,85.845,2024-10-14,28.2,32.7,24.5,81,9.9,19.61,0.3
BBSR-04,Bhubaneswar Zone 04,20.288,85.845,2024-10-15,27.7,32.2,24.1,84,9.1,18.66,1.8
BBSR-04,Bhubaneswar Zone 04,20.288,85.845,2024-10-16,27.7,32.0,24.4,84,10.9,18.15,1.4
BBSR-04,Bhubaneswar Zone 04,20.288,85.845,2024-10-17,27.7,32.6,24.9,85,12.7,16.96,3.2
BBSR-04,Bhubaneswar Zone 04,20.288,85.845,2024-10-18,28.1,32.1,24.6,84,11.3,17.4,1.4
BBSR-04,Bhubaneswar Zone 04,20.288,85.845,2024-10-19,27.3,32.0,24.6,86,10.7,17.21,45.9
BBSR-04,Bhubaneswar Zone 04,20.288,85.845,2024-10-20,26.4,30.5,24.2,90,10.7,13.24,3.3
BBSR-04,Bhubaneswar Zone 04,20.288,85.845,2024-10-21,27.4,31.7,24.4,78,13.9,18.44,0.2
BBSR-04,Bhubaneswar Zone 04,20.288,85.845,2024-10-22,27.3,31.6,23.3,74,14.8,20.19,0.0
BBSR-04,Bhubaneswar Zone 04,20.288,85.845,2024-10-23,27.1,31.5,23.4,75,21.6,16.9,11.1
BBSR-04,Bhubaneswar Zone 04,20.288,85.845,2024-10-24,25.1,26.6,24.3,88,34.1,3.59,54.3
BBSR-04,Bhubaneswar Zone 04,20.288,85.845,2024-10-25,25.4,27.4,24.0,86,31.3,5.14,7.3
BBSR-04,Bhubaneswar Zone 04,20.288,85.845,2024-10-26,24.6,26.1,23.2,91,14.7,5.72,28.8
BBSR-04,Bhubaneswar Zone 04,20.288,85.845,2024-10-27,25.7,29.6,22.4,91,9.8,14.44,2.7
BBSR-04,Bhubaneswar Zone 04,20.288,85.845,2024-10-28,25.8,29.0,24.0,92,12.6,12.22,6.8
BBSR-04,Bhubaneswar Zone 04,20.288,85.845,2024-10-29,26.2,29.6,23.5,90,11.8,13.59,0.8
BBSR-04,Bhubaneswar Zone 04,20.288,85.845,2024-10-30,26.9,30.4,23.8,85,8.6,15.6,2.4
BBSR-04,Bhubaneswar Zone 04,20.288,85.845,2024-10-31,27.0,31.8,22.5,82,10.0,18.67,0.0
BBSR-04,Bhubaneswar Zone 04,20.288,85.845,2024-11-01,25.9,29.1,23.6,90,17.1,9.25,34.2
BBSR-04,Bhubaneswar Zone 04,20.288,85.845,2024-11-02,26.2,31.6,22.3,82,10.0,18.61,0.0
BBSR-04,Bhubaneswar Zone 04,20.288,85.845,2024-11-03,25.8,31.2,21.0,75,9.9,18.94,0.0
BBSR-04,Bhubaneswar Zone 04,20.288,85.845,2024-11-04,25.5,30.6,21.4,78,8.0,18.47,0.0
BBSR-04,Bhubaneswar Zone 04,20.288,85.845,2024-11-05,24.8,29.4,21.4,86,12.5,15.52,3.8
BBSR-04,Bhubaneswar Zone 04,20.288,85.845,2024-11-06,25.4,29.0,22.5,84,18.4,16.13,1.0
BBSR-04,Bhubaneswar Zone 04,20.288,85.845,2024-11-07,25.6,30.3,22.2,82,10.5,17.39,0.1
BBSR-04,Bhubaneswar Zone 04,20.288,85.845,2024-11-08,25.6,30.3,22.2,81,12.4,17.44,0.0
BBSR-04,Bhubaneswar Zone 04,20.288,85.845,2024-11-09,25.3,30.1,22.1,79,11.5,17.95,0.0
BBSR-04,Bhubaneswar Zone 04,20.288,85.845,2024-11-10,24.9,29.9,21.6,78,16.5,18.31,0.0
BBSR-04,Bhubaneswar Zone 04,20.288,85.845,2024-11-11,24.9,28.7,21.8,77,14.7,8.7,0.2
BBSR-04,Bhubaneswar Zone 04,20.288,85.845,2024-11-12,25.0,29.2,22.8,85,15.9,14.32,1.3
BBSR-04,Bhubaneswar Zone 04,20.288,85.845,2024-11-13,26.0,31.2,22.3,74,13.7,16.6,0.0
BBSR-04,Bhubaneswar Zone 04,20.288,85.845,2024-11-14,25.9,30.9,22.3,67,12.9,17.51,0.0
BBSR-04,Bhubaneswar Zone 04,20.288,85.845,2024-11-15,25.1,30.2,20.6,67,8.0,17.69,0.0
BBSR-04,Bhubaneswar Zone 04,20.288,85.845,2024-11-16,23.9,29.4,19.0,62,11.9,18.05,0.0
BBSR-04,Bhubaneswar Zone 04,20.288,85.845,2024-11-17,23.6,29.5,18.4,62,10.6,17.92,0.0
BBSR-04,Bhubaneswar Zone 04,20.288,85.845,2024-11-18,23.8,29.6,18.7,57,9.3,17.8,0.0
BBSR-04,Bhubaneswar Zone 04,20.288,85.845,2024-11-19,23.6,29.4,18.1,56,9.8,17.69,0.0
BBSR-04,Bhubaneswar Zone 04,20.288,85.845,2024-11-20,23.3,29.2,18.1,59,8.9,16.57,0.0
BBSR-04,Bhubaneswar Zone 04,20.288,85.845,2024-11-21,23.3,29.3,17.9,62,9.0,17.36,0.0
BBSR-04,Bhubaneswar Zone 04,20.288,85.845,2024-11-22,23.2,28.9,18.2,66,8.9,17.31,0.0
BBSR-04,Bhubaneswar Zone 04,20.288,85.845,2024-11-23,23.3,28.9,18.0,68,10.2,17.13,0.0
BBSR-04,Bhubaneswar Zone 04,20.288,85.845,2024-11-24,22.9,28.7,18.5,69,7.1,16.75,0.0
BBSR-04,Bhubaneswar Zone 04,20.288,85.845,2024-11-25,22.2,28.2,17.8,69,11.3,15.78,0.0
BBSR-04,Bhubaneswar Zone 04,20.288,85.845,2024-11-26,22.1,28.0,17.6,68,10.1,16.69,0.0
BBSR-04,Bhubaneswar Zone 04,20.288,85.845,2024-11-27,21.9,27.7,17.9,67,14.4,15.81,0.0
BBSR-04,Bhubaneswar Zone 04,20.288,85.845,2024-11-28,23.0,28.0,18.3,64,19.1,14.34,0.0
BBSR-04,Bhubaneswar Zone 04,20.288,85.845,2024-11-29,23.0,26.1,20.8,73,21.5,7.53,5.3
BBSR-04,Bhubaneswar Zone 04,20.288,85.845,2024-11-30,23.5,27.6,20.8,78,17.7,10.56,1.6
BBSR-04,Bhubaneswar Zone 04,20.288,85.845,2024-12-01,24.1,29.3,20.7,73,14.7,13.96,0.5
BBSR-04,Bhubaneswar Zone 04,20.288,85.845,2024-12-02,24.1,28.4,21.3,76,13.4,11.84,0.2
BBSR-04,Bhubaneswar Zone 04,20.288,85.845,2024-12-03,24.1,28.6,20.7,74,11.8,12.21,0.0
BBSR-04,Bhubaneswar Zone 04,20.288,85.845,2024-12-04,24.7,29.9,20.9,74,10.2,15.38,0.0
BBSR-04,Bhubaneswar Zone 04,20.288,85.845,2024-12-05,24.5,30.1,20.1,75,10.1,15.57,0.0
BBSR-04,Bhubaneswar Zone 04,20.288,85.845,2024-12-06,24.9,30.1,21.0,78,11.0,14.85,0.1
BBSR-04,Bhubaneswar Zone 04,20.288,85.845,2024-12-07,24.1,29.0,20.1,83,9.9,13.45,0.3
BBSR-04,Bhubaneswar Zone 04,20.288,85.845,2024-12-08,23.1,26.8,20.7,87,9.8,8.08,3.6
BBSR-04,Bhubaneswar Zone 04,20.288,85.845,2024-12-09,23.9,28.7,20.8,84,11.9,11.61,3.9
BBSR-04,Bhubaneswar Zone 04,20.288,85.845,2024-12-10,23.7,28.3,20.9,83,10.3,12.56,1.2
BBSR-04,Bhubaneswar Zone 04,20.288,85.845,2024-12-11,21.8,26.9,18.2,69,14.5,15.37,0.0
BBSR-04,Bhubaneswar Zone 04,20.288,85.845,2024-12-12,20.3,25.7,16.1,68,11.3,16.16,0.0
BBSR-04,Bhubaneswar Zone 04,20.288,85.845,2024-12-13,20.1,25.9,15.9,67,12.0,16.05,0.0
BBSR-04,Bhubaneswar Zone 04,20.288,85.845,2024-12-14,19.7,25.9,15.3,62,14.4,16.21,0.0
BBSR-04,Bhubaneswar Zone 04,20.288,85.845,2024-12-15,18.9,24.9,14.2,58,12.9,16.42,0.0
BBSR-04,Bhubaneswar Zone 04,20.288,85.845,2024-12-16,18.8,25.6,13.6,61,13.2,16.44,0.0
BBSR-04,Bhubaneswar Zone 04,20.288,85.845,2024-12-17,20.9,27.6,15.2,65,11.2,14.08,0.0
BBSR-04,Bhubaneswar Zone 04,20.288,85.845,2024-12-18,22.8,28.6,17.7,66,12.6,12.74,0.0
BBSR-04,Bhubaneswar Zone 04,20.288,85.845,2024-12-19,23.4,27.4,19.8,61,15.7,9.31,0.0
BBSR-04,Bhubaneswar Zone 04,20.288,85.845,2024-12-20,21.3,24.9,18.0,76,13.9,6.74,8.8
BBSR-04,Bhubaneswar Zone 04,20.288,85.845,2024-12-21,19.4,21.2,18.2,94,15.4,3.44,61.8
BBSR-04,Bhubaneswar Zone 04,20.288,85.845,2024-12-22,21.2,26.0,16.9,80,12.6,12.67,0.0
BBSR-04,Bhubaneswar Zone 04,20.288,85.845,2024-12-23,22.0,25.4,18.5,70,14.4,7.42,0.0
BBSR-04,Bhubaneswar Zone 04,20.288,85.845,2024-12-24,21.4,24.7,19.3,75,12.3,5.22,1.6
BBSR-04,Bhubaneswar Zone 04,20.288,85.845,2024-12-25,20.6,24.3,18.4,88,11.2,6.54,10.6
BBSR-04,Bhubaneswar Zone 04,20.288,85.845,2024-12-26,22.3,27.3,18.6,77,10.5,12.7,0.3
BBSR-04,Bhubaneswar Zone 04,20.288,85.845,2024-12-27,22.6,28.5,19.2,65,13.7,15.47,0.0
BBSR-04,Bhubaneswar Zone 04,20.288,85.845,2024-12-28,21.9,28.4,16.9,68,7.4,15.63,0.0
BBSR-04,Bhubaneswar Zone 04,20.288,85.845,2024-12-29,22.8,28.9,17.5,75,8.7,15.3,0.0
BBSR-04,Bhubaneswar Zone 04,20.288,85.845,2024-12-30,23.0,28.6,19.0,78,9.5,14.88,0.0
BBSR-04,Bhubaneswar Zone 04,20.288,85.845,2024-12-31,21.4,26.8,17.7,78,12.3,14.99,0.0
BBSR-04,Bhubaneswar Zone 04,20.288,85.845,2025-01-01,19.8,24.7,16.1,78,10.3,16.02,0.0
BBSR-04,Bhubaneswar Zone 04,20.288,85.845,2025-01-02,19.0,24.6,14.8,72,12.5,16.2,0.0
BBSR-04,Bhubaneswar Zone 04,20.288,85.845,2025-01-03,18.7,24.7,14.6,75,10.5,16.25,0.0
BBSR-04,Bhubaneswar Zone 04,20.288,85.845,2025-01-04,18.8,24.8,14.1,75,9.9,16.34,0.0
BBSR-04,Bhubaneswar Zone 04,20.288,85.845,2025-01-05,19.7,26.0,14.6,79,9.0,16.1,0.0
BBSR-04,Bhubaneswar Zone 04,20.288,85.845,2025-01-06,20.5,26.9,15.0,76,8.9,15.67,0.0
BBSR-04,Bhubaneswar Zone 04,20.288,85.845,2025-01-07,21.3,27.4,16.5,72,10.6,16.39,0.0
BBSR-04,Bhubaneswar Zone 04,20.288,85.845,2025-01-08,20.4,26.3,16.1,70,11.5,16.61,0.0
BBSR-04,Bhubaneswar Zone 04,20.288,85.845,2025-01-09,19.3,25.5,15.4,76,10.3,16.56,0.0
BBSR-04,Bhubaneswar Zone 04,20.288,85.845,2025-01-10,18.7,25.0,13.8,79,10.9,16.54,0.0
BBSR-04,Bhubaneswar Zone 04,20.288,85.845,2025-01-11,18.9,25.8,13.9,76,11.5,16.71,0.0
BBSR-04,Bhubaneswar Zone 04,20.288,85.845,2025-01-12,19.4,25.9,14.7,74,8.1,16.63,0.0
BBSR-04,Bhubaneswar Zone 04,20.288,85.845,2025-01-13,20.3,27.5,13.8,75,5.6,16.42,0.0
BBSR-04,Bhubaneswar Zone 04,20.288,85.845,2025-01-14,21.5,28.2,16.9,78,13.5,15.93,0.0
BBSR-04,Bhubaneswar Zone 04,20.288,85.845,2025-01-15,21.2,26.8,17.1,72,13.0,15.97,0.0
BBSR-04,Bhubaneswar Zone 04,20.288,85.845,2025-01-16,20.0,25.5,15.9,69,12.9,17.07,0.0
BBSR-04,Bhubaneswar Zone 04,20.288,85.845,2025-01-17,19.7,25.9,15.1,66,13.6,17.46,0.0
BBSR-04,Bhubaneswar Zone 04,20.288,85.845,2025-01-18,20.2,26.3,15.3,69,12.1,17.19,0.0
BBSR-04,Bhubaneswar Zone 04,20.288,85.845,2025-01-19,20.7,27.5,15.3,71,8.8,17.47,0.0
BBSR-04,Bhubaneswar Zone 04,20.288,85.845,2025-01-20,20.9,27.9,15.5,72,10.0,17.6,0.0
BBSR-04,Bhubaneswar Zone 04,20.288,85.845,2025-01-21,21.5,29.1,15.0,68,7.7,17.79,0.0
BBSR-04,Bhubaneswar Zone 04,20.288,85.845,2025-01-22,22.3,29.9,15.8,73,10.2,17.74,0.0
BBSR-04,Bhubaneswar Zone 04,20.288,85.845,2025-01-23,23.5,30.6,18.7,79,13.2,17.01,0.0
BBSR-04,Bhubaneswar Zone 04,20.288,85.845,2025-01-24,23.4,29.9,19.6,81,14.5,16.29,0.0
BBSR-04,Bhubaneswar Zone 04,20.288,85.845,2025-01-25,23.6,29.7,19.4,79,10.2,16.21,0.0
BBSR-04,Bhubaneswar Zone 04,20.288,85.845,2025-01-26,23.2,28.5,19.5,81,10.9,14.14,0.5
BBSR-04,Bhubaneswar Zone 04,20.288,85.845,2025-01-27,22.7,28.5,18.8,79,10.1,16.06,0.0
BBSR-04,Bhubaneswar Zone 04,20.288,85.845,2025-01-28,23.6,29.9,19.2,80,16.3,16.4,0.0
BBSR-04,Bhubaneswar Zone 04,20.288,85.845,2025-01-29,24.2,30.0,19.7,79,16.1,15.45,0.1
BBSR-04,Bhubaneswar Zone 04,20.288,85.845,2025-01-30,24.2,30.6,19.9,79,18.8,15.44,0.0
BBSR-04,Bhubaneswar Zone 04,20.288,85.845,2025-01-31,25.6,32.6,21.1,78,15.1,16.97,0.0
BBSR-04,Bhubaneswar Zone 04,20.288,85.845,2025-02-01,26.1,33.4,22.0,78,12.7,17.58,0.0
BBSR-04,Bhubaneswar Zone 04,20.288,85.845,2025-02-02,26.7,33.7,22.4,72,12.9,18.01,0.0
BBSR-04,Bhubaneswar Zone 04,20.288,85.845,2025-02-03,26.0,33.0,20.3,75,13.3,18.05,0.0
BBSR-04,Bhubaneswar Zone 04,20.288,85.845,2025-02-04,26.4,32.0,22.7,80,13.3,17.61,0.0
BBSR-04,Bhubaneswar Zone 04,20.288,85.845,2025-02-05,27.3,33.7,23.8,76,14.8,17.5,0.0
BBSR-04,Bhubaneswar Zone 04,20.288,85.845,2025-02-06,26.8,32.9,21.8,69,12.3,17.56,0.0
BBSR-04,Bhubaneswar Zone 04,20.288,85.845,2025-02-07,25.3,31.2,20.8,68,13.3,17.82,0.0
BBSR-04,Bhubaneswar Zone 04,20.288,85.845,2025-02-08,24.6,31.0,20.1,72,13.9,18.64,0.0
BBSR-04,Bhubaneswar Zone 04,20.288,85.845,2025-02-09,24.5,30.9,19.2,71,10.0,18.88,0.0
BBSR-04,Bhubaneswar Zone 04,20.288,85.845,2025-02-10,25.4,32.5,20.2,74,17.3,19.4,0.0
BBSR-04,Bhubaneswar Zone 04,20.288,85.845,2025-02-11,26.4,33.9,21.5,72,14.3,19.0,0.0
BBSR-04,Bhubaneswar Zone 04,20.288,85.845,2025-02-12,27.5,34.9,22.4,69,15.6,18.77,0.0
BBSR-04,Bhubaneswar Zone 04,20.288,85.845,2025-02-13,27.3,33.8,22.2,60,13.3,20.02,0.0
BBSR-04,Bhubaneswar Zone 04,20.288,85.845,2025-02-14,25.6,32.2,20.6,58,13.7,20.39,0.0
BBSR-04,Bhubaneswar Zone 04,20.288,85.845,2025-02-15,25.1,32.3,19.6,61,11.2,20.49,0.0
BBSR-04,Bhubaneswar Zone 04,20.288,85.845,2025-02-16,26.0,33.9,20.2,65,15.2,20.57,0.0
BBSR-04,Bhubaneswar Zone 04,20.288,85.845,2025-02-17,26.6,33.7,22.2,71,16.4,19.88,0.0
BBSR-04,Bhubaneswar Zone 04,20.288,85.845,2025-02-18,26.7,33.4,22.2,74,16.6,18.71,0.0
BBSR-04,Bhubaneswar Zone 04,20.288,85.845,2025-02-19,26.9,33.6,23.1,75,14.6,18.86,0.3
BBSR-04,Bhubaneswar Zone 04,20.288,85.845,2025-02-20,26.8,32.8,22.9,71,17.8,18.58,1.1
BBSR-04,Bhubaneswar Zone 04,20.288,85.845,2025-02-21,26.2,33.9,21.1,74,16.9,19.03,0.1
BBSR-04,Bhubaneswar Zone 04,20.288,85.845,2025-02-22,26.5,32.7,22.2,77,13.6,18.09,1.1
BBSR-04,Bhubaneswar Zone 04,20.288,85.845,2025-02-23,25.6,32.0,20.8,76,15.0,19.19,0.1
BBSR-04,Bhubaneswar Zone 04,20.288,85.845,2025-02-24,25.9,31.5,22.1,77,13.5,18.59,0.2
BBSR-04,Bhubaneswar Zone 04,20.288,85.845,2025-02-25,25.7,31.8,20.0,76,12.9,18.87,1.1
BBSR-04,Bhubaneswar Zone 04,20.288,85.845,2025-02-26,25.6,31.0,20.8,74,13.2,18.89,0.2
BBSR-04,Bhubaneswar Zone 04,20.288,85.845,2025-02-27,26.0,32.6,20.4,71,16.6,19.89,0.0
BBSR-04,Bhubaneswar Zone 04,20.288,85.845,2025-02-28,26.5,33.6,20.7,72,14.8,20.83,0.0
BBSR-04,Bhubaneswar Zone 04,20.288,85.845,2025-03-01,27.3,35.1,22.6,67,15.9,21.45,0.0
BBSR-04,Bhubaneswar Zone 04,20.288,85.845,2025-03-02,28.2,37.0,22.2,67,16.5,21.04,0.0
BBSR-04,Bhubaneswar Zone 04,20.288,85.845,2025-03-03,28.6,36.4,22.7,67,13.0,20.66,0.0
BBSR-04,Bhubaneswar Zone 04,20.288,85.845,2025-03-04,28.6,35.8,24.4,64,14.9,21.27,0.0
BBSR-04,Bhubaneswar Zone 04,20.288,85.845,2025-03-05,28.6,34.7,23.7,57,10.9,21.25,0.0
BBSR-04,Bhubaneswar Zone 04,20.288,85.845,2025-03-06,25.9,32.5,21.1,34,14.1,23.01,0.0
BBSR-04,Bhubaneswar Zone 04,20.288,85.845,2025-03-07,25.6,33.4,18.8,57,15.1,22.9,0.0
BBSR-04,Bhubaneswar Zone 04,20.288,85.845,2025-03-08,27.1,35.3,21.3,68,15.7,22.49,0.0
BBSR-04,Bhubaneswar Zone 04,20.288,85.845,2025-03-09,27.2,34.5,22.3,72,19.8,21.12,0.0
BBSR-04,Bhubaneswar Zone 04,20.288,85.845,2025-03-10,26.7,34.4,20.8,68,14.6,21.31,0.0
BBSR-04,Bhubaneswar Zone 04,20.288,85.845,2025-03-11,27.5,35.4,21.8,60,20.0,22.56,0.0
BBSR-04,Bhubaneswar Zone 04,20.288,85.845,2025-03-12,28.4,37.1,21.8,60,18.0,22.52,0.0
BBSR-04,Bhubaneswar Zone 04,20.288,85.845,2025-03-13,30.0,39.2,23.8,60,17.7,22.24,0.0
BBSR-04,Bhubaneswar Zone 04,20.288,85.845,2025-03-14,30.2,38.1,25.3,69,18.9,21.42,0.0
BBSR-04,Bhubaneswar Zone 04,20.288,85.845,2025-03-15,30.4,40.2,25.0,67,19.1,21.7,0.0
BBSR-04,Bhubaneswar Zone 04,20.288,85.845,2025-03-16,30.4,39.3,24.7,61,20.8,21.92,0.0
BBSR-04,Bhubaneswar Zone 04,20.288,85.845,2025-03-17,30.5,38.2,24.7,57,18.6,21.64,0.0
BBSR-04,Bhubaneswar Zone 04,20.288,85.845,2025-03-18,29.7,36.1,24.6,64,15.2,22.15,0.0
BBSR-04,Bhubaneswar Zone 04,20.288,85.845,2025-03-19,29.1,35.3,24.8,75,16.3,21.29,0.6
BBSR-04,Bhubaneswar Zone 04,20.288,85.845,2025-03-20,29.1,36.4,24.7,67,19.3,22.91,0.0
BBSR-04,Bhubaneswar Zone 04,20.288,85.845,2025-03-21,28.2,34.5,24.1,71,23.9,22.39,0.3
BBSR-04,Bhubaneswar Zone 04,20.288,85.845,2025-03-22,23.8,26.5,21.5,86,14.7,9.55,7.9
BBSR-04,Bhubaneswar Zone 04,20.288,85.845,2025-03-23,25.0,31.8,20.7,78,19.7,19.19,46.9
BBSR-04,Bhubaneswar Zone 04,20.288,85.845,2025-03-24,25.8,33.3,20.1,77,16.4,21.45,2.2
BBSR-04,Bhubaneswar Zone 04,20.288,85.845,2025-03-25,27.4,34.4,21.9,71,14.3,22.97,0.0
BBSR-04,Bhubaneswar Zone 04,20.288,85.845,2025-03-26,28.6,36.4,23.2,72,17.2,23.33,0.0
BBSR-04,Bhubaneswar Zone 04,20.288,85.845,2025-03-27,29.5,37.8,24.2,68,16.2,24.2,0.0
BBSR-04,Bhubaneswar Zone 04,20.288,85.845,2025-03-28,30.2,39.2,23.2,64,15.5,24.32,0.0
BBSR-04,Bhubaneswar Zone 04,20.288,85.845,2025-03-29,30.2,38.4,24.3,73,15.7,22.96,0.0
BBSR-04,Bhubaneswar Zone 04,20.288,85.845,2025-03-30,29.6,36.1,25.8,80,17.4,22.62,0.0
BBSR-04,Bhubaneswar Zone 04,20.288,85.845,2025-03-31,29.4,35.5,25.7,76,18.4,23.72,0.0
BBSR-04,Bhubaneswar Zone 04,20.288,85.845,2025-04-01,29.2,34.9,25.5,72,17.0,23.9,0.0
BBSR-04,Bhubaneswar Zone 04,20.288,85.845,2025-04-02,28.8,34.4,25.0,72,16.0,23.78,0.1
BBSR-04,Bhubaneswar Zone 04,20.288,85.845,2025-04-03,28.6,35.6,23.7,72,16.1,24.34,0.0
BBSR-04,Bhubaneswar Zone 04,20.288,85.845,2025-04-04,29.2,35.9,23.6,70,11.5,20.26,0.1
BBSR-04,Bhubaneswar Zone 04,20.288,85.845,2025-04-05,30.4,38.3,23.9,62,18.9,23.03,0.0
BBSR-04,Bhubaneswar Zone 04,20.288,85.845,2025-04-06,30.7,38.6,25.1,68,19.2,23.36,0.0
BBSR-04,Bhubaneswar Zone 04,20.288,85.845,2025-04-07,29.9,36.8,25.7,72,18.2,22.14,0.0
BBSR-04,Bhubaneswar Zone 04,20.288,85.845,2025-04-08,29.2,35.1,25.3,71,17.7,21.68,0.1
BBSR-04,Bhubaneswar Zone 04,20.288,85.845,2025-04-09,28.4,33.9,23.9,71,19.0,22.1,0.8
BBSR-04,Bhubaneswar Zone 04,20.288,85.845,2025-04-10,28.7,33.9,24.1,70,15.3,21.57,1.1
BBSR-04,Bhubaneswar Zone 04,20.288,85.845,2025-04-11,29.1,35.7,23.5,69,16.3,23.67,0.0
BBSR-04,Bhubaneswar Zone 04,20.288,85.845,2025-04-12,29.4,37.1,25.6,76,16.8,21.48,3.2
BBSR-04,Bhubaneswar Zone 04,20.288,85.845,2025-04-13,30.2,38.6,25.3,70,17.5,22.68,0.1
BBSR-04,Bhubaneswar Zone 04,20.288,85.845,2025-04-14,29.4,34.9,25.6,73,14.1,21.68,1.5
BBSR-04,Bhubaneswar Zone 04,20.288,85.845,2025-04-15,28.0,33.5,23.7,77,16.3,20.55,6.6
BBSR-04,Bhubaneswar Zone 04,20.288,85.845,2025-04-16,28.3,34.7,23.1,76,20.6,22.41,0.0
BBSR-04,Bhubaneswar Zone 04,20.288,85.845,2025-04-17,29.9,34.9,26.2,72,19.4,22.03,1.6
BBSR-04,Bhubaneswar Zone 04,20.288,85.845,2025-04-18,30.3,35.7,27.4,73,22.5,21.69,0.4
BBSR-04,Bhubaneswar Zone 04,20.288,85.845,2025-04-19,30.9,36.9,27.2,72,18.5,24.3,0.0
BBSR-04,Bhubaneswar Zone 04,20.288,85.845,2025-04-20,32.0,38.9,27.9,74,19.2,23.88,0.4
BBSR-04,Bhubaneswar Zone 04,20.288,85.845,2025-04-21,31.6,37.1,27.8,75,19.5,24.29,0.0
BBSR-04,Bhubaneswar Zone 04,20.288,85.845,2025-04-22,31.6,38.2,27.1,74,20.3,24.89,0.0
BBSR-04,Bhubaneswar Zone 04,20.288,85.845,2025-04-23,32.1,39.6,27.2,71,20.8,24.26,0.0
BBSR-04,Bhubaneswar Zone 04,20.288,85.845,2025-04-24,32.0,38.3,27.9,72,24.3,24.38,0.0
BBSR-04,Bhubaneswar Zone 04,20.288,85.845,2025-04-25,31.6,37.0,28.1,72,20.0,24.94,0.0
BBSR-04,Bhubaneswar Zone 04,20.288,85.845,2025-04-26,30.9,36.1,27.7,72,23.3,23.39,0.0
BBSR-04,Bhubaneswar Zone 04,20.288,85.845,2025-04-27,30.8,36.7,27.3,66,21.4,20.34,0.0
BBSR-04,Bhubaneswar Zone 04,20.288,85.845,2025-04-28,29.1,35.7,23.8,75,14.5,21.93,9.9
BBSR-04,Bhubaneswar Zone 04,20.288,85.845,2025-04-29,28.2,33.6,23.4,78,14.7,21.5,2.3
BBSR-04,Bhubaneswar Zone 04,20.288,85.845,2025-04-30,28.2,32.9,22.7,75,13.4,22.98,0.1
BBSR-04,Bhubaneswar Zone 04,20.288,85.845,2025-05-01,28.0,33.6,21.2,75,14.3,23.31,8.8
BBSR-04,Bhubaneswar Zone 04,20.288,85.845,2025-05-02,27.2,33.2,21.2,74,16.9,24.65,0.2
BBSR-04,Bhubaneswar Zone 04,20.288,85.845,2025-05-03,28.6,34.5,24.3,76,13.5,22.92,8.7
BBSR-04,Bhubaneswar Zone 04,20.288,85.845,2025-05-04,28.1,34.0,23.3,76,17.8,25.05,0.0
BBSR-04,Bhubaneswar Zone 04,20.288,85.845,2025-05-05,29.6,35.2,25.4,75,16.2,23.57,0.0
BBSR-04,Bhubaneswar Zone 04,20.288,85.845,2025-05-06,30.2,36.2,26.4,77,16.2,23.1,1.0
BBSR-04,Bhubaneswar Zone 04,20.288,85.845,2025-05-07,30.5,36.5,26.6,76,15.8,23.43,0.3
BBSR-04,Bhubaneswar Zone 04,20.288,85.845,2025-05-08,30.8,36.6,26.6,74,15.7,23.66,0.0
BBSR-04,Bhubaneswar Zone 04,20.288,85.845,2025-05-09,31.1,37.3,26.3,72,14.2,24.2,0.0
BBSR-04,Bhubaneswar Zone 04,20.288,85.845,2025-05-10,31.3,38.1,26.4,68,15.0,25.26,0.0
BBSR-04,Bhubaneswar Zone 04,20.288,85.845,2025-05-11,31.5,38.8,26.2,67,16.4,25.22,0.0
BBSR-04,Bhubaneswar Zone 04,20.288,85.845,2025-05-12,32.0,39.2,27.2,73,15.3,24.01,0.1
BBSR-04,Bhubaneswar Zone 04,20.288,85.845,2025-05-13,31.5,37.0,28.1,76,16.9,23.1,0.0
BBSR-04,Bhubaneswar Zone 04,20.288,85.845,2025-05-14,31.7,36.6,28.4,76,18.5,22.28,0.3
BBSR-04,Bhubaneswar Zone 04,20.288,85.845,2025-05-15,31.7,36.9,28.1,75,16.4,22.99,0.1
BBSR-04,Bhubaneswar Zone 04,20.288,85.845,2025-05-16,31.5,37.0,28.4,76,15.6,22.61,2.0
BBSR-04,Bhubaneswar Zone 04,20.288,85.845,2025-05-17,30.8,36.1,27.9,76,20.0,22.53,0.6
BBSR-04,Bhubaneswar Zone 04,20.288,85.845,2025-05-18,30.1,33.6,26.7,76,18.1,19.42,2.0
BBSR-04,Bhubaneswar Zone 04,20.288,85.845,2025-05-19,30.6,34.8,27.0,74,14.2,21.99,2.6
BBSR-04,Bhubaneswar Zone 04,20.288,85.845,2025-05-20,30.3,34.0,27.4,76,23.1,22.21,0.4
BBSR-04,Bhubaneswar Zone 04,20.288,85.845,2025-05-21,29.8,33.4,26.6,78,17.1,14.8,3.8
BBSR-04,Bhubaneswar Zone 04,20.288,85.845,2025-05-22,28.9,33.2,26.0,83,10.1,16.39,4.9
BBSR-04,Bhubaneswar Zone 04,20.288,85.845,2025-05-23,28.9,33.3,25.8,82,10.1,20.1,4.9
BBSR-04,Bhubaneswar Zone 04,20.288,85.845,2025-05-24,27.7,32.0,25.3,88,11.4,15.56,23.9
BBSR-04,Bhubaneswar Zone 04,20.288,85.845,2025-05-25,27.6,32.5,25.9,90,12.8,11.73,18.1
BBSR-04,Bhubaneswar Zone 04,20.288,85.845,2025-05-26,28.5,33.0,25.3,85,12.8,19.9,14.9
BBSR-04,Bhubaneswar Zone 04,20.288,85.845,2025-05-27,28.0,31.5,26.2,88,19.2,10.55,8.4
BBSR-04,Bhubaneswar Zone 04,20.288,85.845,2025-05-28,27.5,32.0,25.4,90,20.5,11.62,47.6
BBSR-04,Bhubaneswar Zone 04,20.288,85.845,2025-05-29,28.9,32.6,25.9,83,20.3,10.55,21.8
BBSR-04,Bhubaneswar Zone 04,20.288,85.845,2025-05-30,30.4,35.7,25.8,80,15.1,19.94,0.5
BBSR-04,Bhubaneswar Zone 04,20.288,85.845,2025-05-31,30.2,34.0,27.8,82,13.3,19.13,3.8
BBSR-04,Bhubaneswar Zone 04,20.288,85.845,2025-06-01,31.8,37.0,27.5,72,13.5,21.76,0.0
BBSR-04,Bhubaneswar Zone 04,20.288,85.845,2025-06-02,32.1,37.8,27.7,60,19.4,24.53,0.0
BBSR-04,Bhubaneswar Zone 04,20.288,85.845,2025-06-03,31.2,35.6,26.2,71,16.9,21.55,2.8
BBSR-04,Bhubaneswar Zone 04,20.288,85.845,2025-06-04,31.5,36.8,27.6,73,12.4,24.16,0.2
BBSR-04,Bhubaneswar Zone 04,20.288,85.845,2025-06-05,29.9,35.0,25.0,77,13.5,22.6,4.3
BBSR-04,Bhubaneswar Zone 04,20.288,85.845,2025-06-06,30.3,35.3,27.4,80,12.4,22.74,3.5
BBSR-04,Bhubaneswar Zone 04,20.288,85.845,2025-06-07,30.5,36.1,26.2,75,9.3,24.04,0.0
BBSR-04,Bhubaneswar Zone 04,20.288,85.845,2025-06-08,30.6,35.4,27.1,77,9.1,17.14,0.0
BBSR-04,Bhubaneswar Zone 04,20.288,85.845,2025-06-09,30.0,36.3,27.0,85,9.9,19.63,10.1
BBSR-04,Bhubaneswar Zone 04,20.288,85.845,2025-06-10,29.0,33.3,25.8,83,12.6,22.07,7.4
BBSR-04,Bhubaneswar Zone 04,20.288,85.845,2025-06-11,29.1,32.3,26.5,81,16.1,21.33,3.2
BBSR-04,Bhubaneswar Zone 04,20.288,85.845,2025-06-12,28.5,31.4,26.6,84,14.9,15.6,10.9
BBSR-04,Bhubaneswar Zone 04,20.288,85.845,2025-06-13,29.4,32.9,26.8,82,10.6,19.63,2.1
BBSR-04,Bhubaneswar Zone 04,20.288,85.845,2025-06-14,30.2,33.9,27.1,79,17.1,22.42,0.8
BBSR-04,Bhubaneswar Zone 04,20.288,85.845,2025-06-15,28.8,31.9,26.3,86,13.9,15.4,7.1
BBSR-04,Bhubaneswar Zone 04,20.288,85.845,2025-06-16,27.1,28.6,25.8,94,9.9,6.5,18.9
BBSR-04,Bhubaneswar Zone 04,20.288,85.845,2025-06-17,28.1,30.9,26.6,88,15.7,11.28,10.4
BBSR-04,Bhubaneswar Zone 04,20.288,85.845,2025-06-18,27.7,30.2,25.5,88,19.7,8.94,11.9
BBSR-04,Bhubaneswar Zone 04,20.288,85.845,2025-06-19,28.4,30.8,26.4,82,20.9,9.66,1.3
BBSR-04,Bhubaneswar Zone 04,20.288,85.845,2025-06-20,29.7,32.8,27.1,80,16.2,14.65,0.5
BBSR-04,Bhubaneswar Zone 04,20.288,85.845,2025-06-21,30.7,35.0,27.7,76,12.5,21.64,1.0
BBSR-04,Bhubaneswar Zone 04,20.288,85.845,2025-06-22,29.8,34.1,26.9,80,11.1,17.68,3.5
BBSR-04,Bhubaneswar Zone 04,20.288,85.845,2025-06-23,27.7,30.0,26.3,87,10.4,9.85,19.3
BBSR-04,Bhubaneswar Zone 04,20.288,85.845,2025-06-24,28.2,32.0,26.3,85,15.1,17.84,18.0
BBSR-04,Bhubaneswar Zone 04,20.288,85.845,2025-06-25,27.2,29.1,25.6,92,14.0,9.87,31.3
BBSR-04,Bhubaneswar Zone 04,20.288,85.845,2025-06-26,27.6,32.0,25.2,88,17.8,15.4,18.4
BBSR-04,Bhubaneswar Zone 04,20.288,85.845,2025-06-27,27.8,30.6,25.4,89,17.0,8.99,21.0
BBSR-04,Bhubaneswar Zone 04,20.288,85.845,2025-06-28,28.1,30.1,26.7,84,18.4,10.93,7.5
BBSR-04,Bhubaneswar Zone 04,20.288,85.845,2025-06-29,27.6,30.2,25.3,79,19.9,10.4,5.7
BBSR-04,Bhubaneswar Zone 04,20.288,85.845,2025-06-30,27.0,29.7,25.5,85,17.9,12.62,13.2
BBSR-04,Bhubaneswar Zone 04,20.288,85.845,2025-07-01,26.9,30.7,24.7,89,18.1,14.19,29.0
BBSR-04,Bhubaneswar Zone 04,20.288,85.845,2025-07-02,27.2,31.0,25.5,90,12.7,15.36,13.0
BBSR-04,Bhubaneswar Zone 04,20.288,85.845,2025-07-03,27.5,32.2,24.7,88,15.3,16.04,17.6
BBSR-04,Bhubaneswar Zone 04,20.288,85.845,2025-07-04,27.3,29.7,25.7,91,15.3,12.05,17.1
BBSR-04,Bhubaneswar Zone 04,20.288,85.845,2025-07-05,27.0,29.5,25.6,91,16.6,8.85,16.5
BBSR-04,Bhubaneswar Zone 04,20.288,85.845,2025-07-06,27.0,32.1,25.2,89,18.1,15.89,24.7
BBSR-04,Bhubaneswar Zone 04,20.288,85.845,2025-07-07,27.4,31.4,25.4,87,18.0,12.54,10.3
BBSR-04,Bhubaneswar Zone 04,20.288,85.845,2025-07-08,27.8,31.6,25.9,80,17.1,15.12,4.9
BBSR-04,Bhubaneswar Zone 04,20.288,85.845,2025-07-09,28.1,31.2,25.5,77,19.5,16.19,0.6
BBSR-04,Bhubaneswar Zone 04,20.288,85.845,2025-07-10,28.5,32.1,25.8,80,14.5,20.13,5.6
BBSR-04,Bhubaneswar Zone 04,20.288,85.845,2025-07-11,28.5,32.2,25.9,86,12.4,19.28,9.0
BBSR-04,Bhubaneswar Zone 04,20.288,85.845,2025-07-12,29.5,33.8,26.8,82,14.6,19.38,11.4
BBSR-04,Bhubaneswar Zone 04,20.288,85.845,2025-07-13,28.4,32.3,26.2,86,12.6,13.14,21.7
BBSR-04,Bhubaneswar Zone 04,20.288,85.845,2025-07-14,27.4,30.3,26.1,92,14.8,9.91,21.3
BBSR-04,Bhubaneswar Zone 04,20.288,85.845,2025-07-15,29.0,33.3,25.2,84,15.5,20.03,9.5
BBSR-04,Bhubaneswar Zone 04,20.288,85.845,2025-07-16,28.7,30.8,27.2,90,13.5,14.49,16.4
BBSR-04,Bhubaneswar Zone 04,20.288,85.845,2025-07-17,29.1,32.2,26.7,85,17.6,21.29,5.8
BBSR-04,Bhubaneswar Zone 04,20.288,85.845,2025-07-18,29.3,32.3,26.4,84,10.6,20.21,3.1
BBSR-04,Bhubaneswar Zone 04,20.288,85.845,2025-07-19,29.3,33.1,26.9,86,11.2,22.82,10.6
BBSR-04,Bhubaneswar Zone 04,20.288,85.845,2025-07-20,28.8,33.1,26.5,86,9.9,22.02,3.0
BBSR-04,Bhubaneswar Zone 04,20.288,85.845,2025-07-21,28.7,32.3,25.9,85,12.4,20.95,5.2
BBSR-04,Bhubaneswar Zone 04,20.288,85.845,2025-07-22,28.9,32.5,25.9,85,13.1,20.91,1.8
BBSR-04,Bhubaneswar Zone 04,20.288,85.845,2025-07-23,28.6,32.9,26.1,87,11.2,20.62,10.4
BBSR-04,Bhubaneswar Zone 04,20.288,85.845,2025-07-24,27.9,32.1,26.0,87,20.9,12.83,16.1
BBSR-04,Bhubaneswar Zone 04,20.288,85.845,2025-07-25,26.6,27.6,25.2,95,16.0,3.68,26.3
BBSR-04,Bhubaneswar Zone 04,20.288,85.845,2025-07-26,28.6,32.2,26.0,83,23.9,19.61,3.7
BBSR-04,Bhubaneswar Zone 04,20.288,85.845,2025-07-27,29.3,33.3,26.5,81,17.2,22.25,0.8
BBSR-04,Bhubaneswar Zone 04,20.288,85.845,2025-07-28,29.1,31.9,26.7,80,17.5,16.59,0.1
BBSR-04,Bhubaneswar Zone 04,20.288,85.845,2025-07-29,27.3,29.2,26.1,89,19.0,9.51,16.3
BBSR-04,Bhubaneswar Zone 04,20.288,85.845,2025-07-30,27.8,31.6,25.3,87,16.5,14.5,10.3
BBSR-04,Bhubaneswar Zone 04,20.288,85.845,2025-07-31,28.7,32.8,26.2,84,13.9,16.55,1.4
BBSR-04,Bhubaneswar Zone 04,20.288,85.845,2025-08-01,29.7,33.4,26.4,78,17.6,22.22,1.0
BBSR-04,Bhubaneswar Zone 04,20.288,85.845,2025-08-02,29.8,34.1,25.8,79,14.5,23.52,6.1
BBSR-04,Bhubaneswar Zone 04,20.288,85.845,2025-08-03,28.6,31.1,25.9,87,16.6,15.81,15.3
BBSR-04,Bhubaneswar Zone 04,20.288,85.845,2025-08-04,29.6,32.7,26.8,83,15.3,18.49,1.1
BBSR-04,Bhubaneswar Zone 04,20.288,85.845,2025-08-05,29.6,33.1,27.3,83,13.7,21.53,4.2
BBSR-04,Bhubaneswar Zone 04,20.288,85.845,2025-08-06,28.8,33.7,26.4,86,15.4,15.97,6.8
BBSR-04,Bhubaneswar Zone 04,20.288,85.845,2025-08-07,28.4,31.9,26.4,87,12.4,15.54,19.3
BBSR-04,Bhubaneswar Zone 04,20.288,85.845,2025-08-08,27.0,30.0,24.9,88,19.2,10.1,10.5
BBSR-04,Bhubaneswar Zone 04,20.288,85.845,2025-08-09,27.9,32.0,24.4,87,13.5,18.83,4.9
BBSR-04,Bhubaneswar Zone 04,20.288,85.845,2025-08-10,28.8,32.5,25.6,83,16.1,23.38,5.7
BBSR-04,Bhubaneswar Zone 04,20.288,85.845,2025-08-11,28.8,33.0,25.9,86,9.9,21.77,5.8
BBSR-04,Bhubaneswar Zone 04,20.288,85.845,2025-08-12,29.1,33.1,25.8,83,11.5,21.71,9.2
BBSR-04,Bhubaneswar Zone 04,20.288,85.845,2025-08-13,28.4,32.1,26.1,83,15.5,20.05,11.0
BBSR-04,Bhubaneswar Zone 04,20.288,85.845,2025-08-14,27.7,30.7,25.0,85,13.1,15.81,4.6
BBSR-04,Bhubaneswar Zone 04,20.288,85.845,2025-08-15,27.9,32.0,25.4,86,13.6,17.96,4.7
BBSR-04,Bhubaneswar Zone 04,20.288,85.845,2025-08-16,28.0,31.8,25.2,84,18.6,20.72,6.4
BBSR-04,Bhubaneswar Zone 04,20.288,85.845,2025-08-17,27.5,30.7,25.4,86,22.2,17.73,24.2
BBSR-04,Bhubaneswar Zone 04,20.288,85.845,2025-08-18,27.0,30.2,24.9,87,25.1,16.36,7.8
BBSR-04,Bhubaneswar Zone 04,20.288,85.845,2025-08-19,27.5,29.8,25.4,87,17.3,14.49,6.6
BBSR-04,Bhubaneswar Zone 04,20.288,85.845,2025-08-20,28.4,31.6,25.3,84,16.7,17.4,1.1
BBSR-04,Bhubaneswar Zone 04,20.288,85.845,2025-08-21,27.6,29.4,26.0,89,16.7,10.43,6.1
BBSR-04,Bhubaneswar Zone 04,20.288,85.845,2025-08-22,26.4,28.0,25.2,94,16.7,6.0,38.0
BBSR-04,Bhubaneswar Zone 04,20.288,85.845,2025-08-23,27.5,30.4,25.3,87,20.0,12.91,15.8
BBSR-04,Bhubaneswar Zone 04,20.288,85.845,2025-08-24,27.4,29.2,25.9,84,17.2,12.5,0.9
BBSR-04,Bhubaneswar Zone 04,20.288,85.845,2025-08-25,26.4,29.2,25.3,92,9.6,9.23,22.4
BBSR-04,Bhubaneswar Zone 04,20.288,85.845,2025-08-26,27.4,31.7,24.6,86,15.3,21.77,20.7
BBSR-04,Bhubaneswar Zone 04,20.288,85.845,2025-08-27,26.8,29.9,24.8,89,15.4,12.96,24.7
BBSR-04,Bhubaneswar Zone 04,20.288,85.845,2025-08-28,27.6,30.7,24.6,85,20.3,19.62,11.9
BBSR-04,Bhubaneswar Zone 04,20.288,85.845,2025-08-29,28.3,30.8,25.8,82,20.6,16.62,3.6
BBSR-04,Bhubaneswar Zone 04,20.288,85.845,2025-08-30,27.7,29.6,25.9,87,15.2,13.62,12.6
BBSR-04,Bhubaneswar Zone 04,20.288,85.845,2025-08-31,27.1,31.7,25.2,91,9.0,17.82,9.9
BBSR-04,Bhubaneswar Zone 04,20.288,85.845,2025-09-01,27.9,31.9,25.0,88,12.9,19.32,1.3
BBSR-04,Bhubaneswar Zone 04,20.288,85.845,2025-09-02,26.4,29.8,24.4,92,10.0,10.24,30.7
BBSR-04,Bhubaneswar Zone 04,20.288,85.845,2025-09-03,25.5,26.4,24.8,96,17.5,4.0,80.7
BBSR-04,Bhubaneswar Zone 04,20.288,85.845,2025-09-04,27.4,30.9,25.2,91,8.4,15.49,8.9
BBSR-04,Bhubaneswar Zone 04,20.288,85.845,2025-09-05,27.6,30.1,25.2,90,11.0,12.97,12.4
BBSR-04,Bhubaneswar Zone 04,20.288,85.845,2025-09-06,27.1,30.4,25.1,92,8.3,13.13,9.8
BBSR-04,Bhubaneswar Zone 04,20.288,85.845,2025-09-07,27.5,31.8,24.8,88,14.6,20.9,5.5
BBSR-04,Bhubaneswar Zone 04,20.288,85.845,2025-09-08,28.0,31.9,24.8,87,13.2,20.85,3.8
BBSR-04,Bhubaneswar Zone 04,20.288,85.845,2025-09-09,28.5,32.1,24.8,86,12.0,21.36,1.3
BBSR-04,Bhubaneswar Zone 04,20.288,85.845,2025-09-10,28.7,33.2,25.6,86,14.1,20.72,6.7
BBSR-04,Bhubaneswar Zone 04,20.288,85.845,2025-09-11,28.2,30.9,25.7,89,14.8,18.23,5.6
BBSR-04,Bhubaneswar Zone 04,20.288,85.845,2025-09-12,27.5,31.5,25.3,88,16.3,18.41,4.9
BBSR-04,Bhubaneswar Zone 04,20.288,85.845,2025-09-13,27.6,30.6,25.5,88,13.1,15.16,13.5
BBSR-04,Bhubaneswar Zone 04,20.288,85.845,2025-09-14,27.7,30.7,25.7,87,12.9,14.36,10.0
BBSR-04,Bhubaneswar Zone 04,20.288,85.845,2025-09-15,27.7,31.1,25.4,87,13.5,14.76,7.5
BBSR-04,Bhubaneswar Zone 04,20.288,85.845,2025-09-16,26.9,29.9,25.3,91,14.7,11.83,17.3
BBSR-04,Bhubaneswar Zone 04,20.288,85.845,2025-09-17,28.3,32.4,25.9,83,14.8,19.51,5.6
BBSR-04,Bhubaneswar Zone 04,20.288,85.845,2025-09-18,29.0,33.2,25.7,80,11.8,21.88,0.3
BBSR-04,Bhubaneswar Zone 04,20.288,85.845,2025-09-19,29.3,33.4,26.2,83,10.2,20.26,0.5
BBSR-04,Bhubaneswar Zone 04,20.288,85.845,2025-09-20,28.6,33.3,25.8,86,10.7,16.44,8.1
BBSR-04,Bhubaneswar Zone 04,20.288,85.845,2025-09-21,27.9,33.3,25.7,88,13.5,17.95,9.7
BBSR-04,Bhubaneswar Zone 04,20.288,85.845,2025-09-22,27.6,32.7,25.1,89,15.4,16.64,7.4
BBSR-04,Bhubaneswar Zone 04,20.288,85.845,2025-09-23,26.6,30.0,25.3,92,15.4,12.53,22.6
BBSR-04,Bhubaneswar Zone 04,20.288,85.845,2025-09-24,26.9,30.4,24.7,89,7.6,14.16,5.8
BBSR-04,Bhubaneswar Zone 04,20.288,85.845,2025-09-25,27.3,32.0,25.0,90,15.9,18.77,12.4
BBSR-04,Bhubaneswar Zone 04,20.288,85.845,2025-09-26,26.1,27.5,25.0,94,17.5,6.84,21.5
BBSR-04,Bhubaneswar Zone 04,20.288,85.845,2025-09-27,26.8,29.5,25.0,90,18.1,12.58,8.4
BBSR-04,Bhubaneswar Zone 04,20.288,85.845,2025-09-28,27.1,30.2,24.8,89,17.2,14.49,8.9
BBSR-04,Bhubaneswar Zone 04,20.288,85.845,2025-09-29,27.1,31.9,24.9,89,14.4,16.94,8.1
BBSR-04,Bhubaneswar Zone 04,20.288,85.845,2025-09-30,28.3,32.4,24.9,85,8.6,20.65,0.7
BBSR-04,Bhubaneswar Zone 04,20.288,85.845,2025-10-01,28.2,33.4,25.4,84,19.9,19.62,2.9
BBSR-04,Bhubaneswar Zone 04,20.288,85.845,2025-10-02,26.5,29.9,24.6,90,26.8,9.81,41.1
BBSR-04,Bhubaneswar Zone 04,20.288,85.845,2025-10-03,28.5,31.2,26.0,83,25.2,17.24,2.7
BBSR-04,Bhubaneswar Zone 04,20.288,85.845,2025-10-04,28.1,31.8,25.0,87,18.6,17.28,4.2
BBSR-04,Bhubaneswar Zone 04,20.288,85.845,2025-10-05,26.8,29.1,25.0,92,14.5,13.89,8.9
BBSR-04,Bhubaneswar Zone 04,20.288,85.845,2025-10-06,26.4,31.0,24.3,89,10.8,14.82,17.6
BBSR-04,Bhubaneswar Zone 04,20.288,85.845,2025-10-07,26.9,31.1,25.1,91,10.0,14.54,4.1
BBSR-04,Bhubaneswar Zone 04,20.288,85.845,2025-10-08,26.4,30.0,24.6,91,7.4,13.67,5.1
BBSR-04,Bhubaneswar Zone 04,20.288,85.845,2025-10-09,26.9,31.4,24.9,89,10.2,17.22,11.4
BBSR-04,Bhubaneswar Zone 04,20.288,85.845,2025-10-10,26.9,31.6,24.9,87,10.8,18.41,3.5
BBSR-04,Bhubaneswar Zone 04,20.288,85.845,2025-10-11,27.1,30.7,24.8,85,13.2,18.29,1.4
BBSR-04,Bhubaneswar Zone 04,20.288,85.845,2025-10-12,27.2,31.0,24.3,81,17.4,18.66,0.8
BBSR-04,Bhubaneswar Zone 04,20.288,85.845,2025-10-13,26.2,30.9,24.1,86,15.7,15.39,7.1
BBSR-04,Bhubaneswar Zone 04,20.288,85.845,2025-10-14,27.4,31.7,24.2,77,12.4,19.81,0.2
BBSR-04,Bhubaneswar Zone 04,20.288,85.845,2025-10-15,27.4,31.8,24.1,75,13.2,20.94,0.0
BBSR-04,Bhubaneswar Zone 04,20.288,85.845,2025-10-16,27.3,31.8,24.0,77,8.9,20.28,0.0
BBSR-04,Bhubaneswar Zone 04,20.288,85.845,2025-10-17,27.0,31.5,22.9,74,11.5,20.69,0.0
BBSR-04,Bhubaneswar Zone 04,20.288,85.845,2025-10-18,26.8,31.5,23.9,80,12.6,18.93,1.5
BBSR-04,Bhubaneswar Zone 04,20.288,85.845,2025-10-19,26.4,29.9,24.0,87,16.8,15.83,6.7
BBSR-04,Bhubaneswar Zone 04,20.288,85.845,2025-10-20,26.7,31.2,24.9,88,12.1,15.17,6.3
BBSR-04,Bhubaneswar Zone 04,20.288,85.845,2025-10-21,27.7,32.0,24.4,80,19.4,18.4,1.1
BBSR-04,Bhubaneswar Zone 04,20.288,85.845,2025-10-22,27.8,31.9,24.5,78,17.1,17.99,0.5
BBSR-04,Bhubaneswar Zone 04,20.288,85.845,2025-10-23,27.7,32.2,24.5,80,12.7,18.13,0.8
BBSR-04,Bhubaneswar Zone 04,20.288,85.845,2025-10-24,27.3,32.5,24.4,81,12.7,18.43,0.1
BBSR-04,Bhubaneswar Zone 04,20.288,85.845,2025-10-25,26.8,31.9,23.9,85,14.8,16.96,2.6
BBSR-04,Bhubaneswar Zone 04,20.288,85.845,2025-10-26,27.8,32.1,24.7,79,12.5,17.86,0.1
BBSR-04,Bhubaneswar Zone 04,20.288,85.845,2025-10-27,27.2,31.0,24.7,82,16.2,16.64,8.7
BBSR-04,Bhubaneswar Zone 04,20.288,85.845,2025-10-28,25.7,29.7,23.6,90,21.5,11.47,20.7
BBSR-04,Bhubaneswar Zone 04,20.288,85.845,2025-10-29,26.0,28.7,24.4,91,19.6,12.37,19.1
BBSR-04,Bhubaneswar Zone 04,20.288,85.845,2025-10-30,26.4,29.7,24.3,88,17.5,14.77,6.5
BBSR-04,Bhubaneswar Zone 04,20.288,85.845,2025-10-31,27.8,31.5,24.9,82,14.8,17.34,0.3
BBSR-04,Bhubaneswar Zone 04,20.288,85.845,2025-11-01,27.7,31.9,25.5,85,13.2,16.02,10.0
BBSR-04,Bhubaneswar Zone 04,20.288,85.845,2025-11-02,27.5,31.1,24.4,84,11.3,16.37,0.5
BBSR-04,Bhubaneswar Zone 04,20.288,85.845,2025-11-03,26.6,30.7,23.4,78,9.0,17.04,0.2
BBSR-04,Bhubaneswar Zone 04,20.288,85.845,2025-11-04,25.7,30.9,21.4,65,12.8,17.11,0.0
BBSR-04,Bhubaneswar Zone 04,20.288,85.845,2025-11-05,24.8,30.7,20.0,64,10.1,19.16,0.0
BBSR-04,Bhubaneswar Zone 04,20.288,85.845,2025-11-06,25.8,31.7,21.3,67,8.2,18.69,0.0
BBSR-04,Bhubaneswar Zone 04,20.288,85.845,2025-11-07,26.0,31.2,21.7,70,13.3,18.48,0.0
BBSR-04,Bhubaneswar Zone 04,20.288,85.845,2025-11-08,25.2,30.3,21.3,66,13.5,18.66,0.0
BBSR-04,Bhubaneswar Zone 04,20.288,85.845,2025-11-09,23.8,29.4,19.5,65,8.8,18.75,0.0
BBSR-04,Bhubaneswar Zone 04,20.288,85.845,2025-11-10,23.7,29.3,18.8,61,11.1,18.78,0.0
BBSR-04,Bhubaneswar Zone 04,20.288,85.845,2025-11-11,23.8,29.7,18.7,60,9.0,18.61,0.0
BBSR-04,Bhubaneswar Zone 04,20.288,85.845,2025-11-12,23.1,28.6,18.2,59,10.5,18.6,0.0
BBSR-04,Bhubaneswar Zone 04,20.288,85.845,2025-11-13,22.9,28.5,17.6,59,11.3,18.58,0.0
BBSR-04,Bhubaneswar Zone 04,20.288,85.845,2025-11-14,22.9,28.5,17.9,60,11.0,18.43,0.0
BBSR-04,Bhubaneswar Zone 04,20.288,85.845,2025-11-15,22.4,28.1,18.1,59,14.8,18.4,0.0
BBSR-04,Bhubaneswar Zone 04,20.288,85.845,2025-11-16,22.1,28.1,17.6,56,14.7,18.42,0.0
BBSR-04,Bhubaneswar Zone 04,20.288,85.845,2025-11-17,22.0,27.6,17.5,58,13.1,18.22,0.0
BBSR-04,Bhubaneswar Zone 04,20.288,85.845,2025-11-18,22.6,28.2,17.6,61,10.1,17.96,0.0
BBSR-04,Bhubaneswar Zone 04,20.288,85.845,2025-11-19,23.6,29.7,18.0,63,9.7,17.43,0.0
BBSR-04,Bhubaneswar Zone 04,20.288,85.845,2025-11-20,25.5,30.3,22.0,60,13.7,16.58,0.0
BBSR-04,Bhubaneswar Zone 04,20.288,85.845,2025-11-21,25.3,30.8,20.7,67,13.0,17.01,0.0
BBSR-04,Bhubaneswar Zone 04,20.288,85.845,2025-11-22,25.2,30.9,20.3,73,9.6,16.24,0.0
BBSR-04,Bhubaneswar Zone 04,20.288,85.845,2025-11-23,25.2,30.7,20.9,74,8.3,15.29,0.0
BBSR-04,Bhubaneswar Zone 04,20.288,85.845,2025-11-24,24.1,29.0,20.5,71,11.4,16.24,0.0
BBSR-04,Bhubaneswar Zone 04,20.288,85.845,2025-11-25,22.9,28.0,19.3,67,13.5,16.73,0.0
BBSR-04,Bhubaneswar Zone 04,20.288,85.845,2025-11-26,21.8,27.2,18.0,63,15.8,16.89,0.0
BBSR-04,Bhubaneswar Zone 04,20.288,85.845,2025-11-27,21.3,26.7,16.6,59,13.9,17.13,0.0
BBSR-04,Bhubaneswar Zone 04,20.288,85.845,2025-11-28,22.2,28.2,17.1,67,11.2,16.09,0.0
BBSR-04,Bhubaneswar Zone 04,20.288,85.845,2025-11-29,23.3,29.0,18.7,68,10.0,15.49,0.0
BBSR-04,Bhubaneswar Zone 04,20.288,85.845,2025-11-30,23.2,28.3,19.2,65,10.5,15.62,0.0
BBSR-04,Bhubaneswar Zone 04,20.288,85.845,2025-12-01,22.1,25.7,18.4,66,11.1,7.17,0.1
BBSR-04,Bhubaneswar Zone 04,20.288,85.845,2025-12-02,23.7,28.4,20.3,69,10.9,12.89,0.0
BBSR-04,Bhubaneswar Zone 04,20.288,85.845,2025-12-03,23.3,28.3,18.9,69,10.3,14.82,0.0
BBSR-04,Bhubaneswar Zone 04,20.288,85.845,2025-12-04,22.5,27.7,18.4,64,14.3,16.16,0.0
BBSR-04,Bhubaneswar Zone 04,20.288,85.845,2025-12-05,21.7,27.2,17.3,58,15.7,16.41,0.0
BBSR-04,Bhubaneswar Zone 04,20.288,85.845,2025-12-06,20.8,26.7,16.3,58,11.7,16.33,0.0
BBSR-04,Bhubaneswar Zone 04,20.288,85.845,2025-12-07,20.7,26.6,15.9,57,10.1,16.13,0.0
BBSR-04,Bhubaneswar Zone 04,20.288,85.845,2025-12-08,21.0,27.0,15.5,60,8.7,15.94,0.0
BBSR-04,Bhubaneswar Zone 04,20.288,85.845,2025-12-09,21.2,27.1,16.1,62,11.5,15.81,0.0
BBSR-04,Bhubaneswar Zone 04,20.288,85.845,2025-12-10,21.0,26.9,16.2,64,11.7,15.99,0.0
BBSR-04,Bhubaneswar Zone 04,20.288,85.845,2025-12-11,20.7,27.0,15.2,57,8.6,16.4,0.0
BBSR-04,Bhubaneswar Zone 04,20.288,85.845,2025-12-12,20.6,27.0,15.2,62,6.6,16.21,0.0
BBSR-04,Bhubaneswar Zone 04,20.288,85.845,2025-12-13,21.0,26.9,15.7,65,10.2,15.97,0.0
BBSR-04,Bhubaneswar Zone 04,20.288,85.845,2025-12-14,20.9,26.8,16.2,65,10.5,15.88,0.0
BBSR-04,Bhubaneswar Zone 04,20.288,85.845,2025-12-15,21.2,27.4,16.1,68,7.9,15.85,0.0
BBSR-04,Bhubaneswar Zone 04,20.288,85.845,2025-12-16,21.3,27.5,16.1,72,7.2,15.67,0.0
BBSR-04,Bhubaneswar Zone 04,20.288,85.845,2025-12-17,21.1,27.2,16.3,72,8.4,15.84,0.0
BBSR-04,Bhubaneswar Zone 04,20.288,85.845,2025-12-18,21.0,26.7,16.0,65,8.8,15.68,0.0
BBSR-04,Bhubaneswar Zone 04,20.288,85.845,2025-12-19,20.9,26.8,15.8,64,7.1,15.76,0.0
BBSR-04,Bhubaneswar Zone 04,20.288,85.845,2025-12-20,20.9,26.3,16.3,67,8.3,15.43,0.0
BBSR-04,Bhubaneswar Zone 04,20.288,85.845,2025-12-21,20.4,26.4,15.6,67,9.9,15.36,0.0
BBSR-04,Bhubaneswar Zone 04,20.288,85.845,2025-12-22,20.1,25.9,15.4,69,11.5,15.7,0.0
BBSR-04,Bhubaneswar Zone 04,20.288,85.845,2025-12-23,20.4,26.5,15.3,73,8.2,15.67,0.0
BBSR-04,Bhubaneswar Zone 04,20.288,85.845,2025-12-24,20.7,27.4,14.7,76,6.9,14.71,0.0
BBSR-04,Bhubaneswar Zone 04,20.288,85.845,2025-12-25,20.0,25.9,16.1,76,11.8,15.43,0.0
BBSR-04,Bhubaneswar Zone 04,20.288,85.845,2025-12-26,19.3,25.0,15.2,76,10.7,15.79,0.0
BBSR-04,Bhubaneswar Zone 04,20.288,85.845,2025-12-27,19.4,25.5,14.6,74,9.6,15.83,0.0
BBSR-04,Bhubaneswar Zone 04,20.288,85.845,2025-12-28,19.5,25.6,14.4,72,8.6,16.03,0.0
BBSR-04,Bhubaneswar Zone 04,20.288,85.845,2025-12-29,19.3,25.4,14.8,75,9.7,16.06,0.0
BBSR-04,Bhubaneswar Zone 04,20.288,85.845,2025-12-30,18.8,25.3,14.0,79,10.4,16.02,0.0
BBSR-04,Bhubaneswar Zone 04,20.288,85.845,2025-12-31,18.7,24.9,14.6,84,10.2,14.24,0.0
BBSR-05,Bhubaneswar Zone 05,20.302,85.866,2024-01-01,20.9,26.6,16.0,75,9.7,15.86,0.0
BBSR-05,Bhubaneswar Zone 05,20.302,85.866,2024-01-02,20.6,26.9,15.5,79,9.9,15.41,0.0
BBSR-05,Bhubaneswar Zone 05,20.302,85.866,2024-01-03,20.4,26.6,15.3,72,12.0,16.09,0.0
BBSR-05,Bhubaneswar Zone 05,20.302,85.866,2024-01-04,20.2,27.4,14.1,73,10.7,16.14,0.0
BBSR-05,Bhubaneswar Zone 05,20.302,85.866,2024-01-05,20.7,27.9,14.6,73,11.0,16.23,0.0
BBSR-05,Bhubaneswar Zone 05,20.302,85.866,2024-01-06,21.1,28.1,15.4,70,10.2,16.43,0.0
BBSR-05,Bhubaneswar Zone 05,20.302,85.866,2024-01-07,21.0,28.1,14.9,69,14.3,16.1,0.0
BBSR-05,Bhubaneswar Zone 05,20.302,85.866,2024-01-08,21.6,28.4,16.8,72,15.3,16.03,0.0
BBSR-05,Bhubaneswar Zone 05,20.302,85.866,2024-01-09,21.2,27.8,16.0,76,12.3,16.07,0.0
BBSR-05,Bhubaneswar Zone 05,20.302,85.866,2024-01-10,22.4,29.2,16.1,78,13.0,15.34,0.0
BBSR-05,Bhubaneswar Zone 05,20.302,85.866,2024-01-11,23.7,29.5,19.5,77,12.6,15.53,0.0
BBSR-05,Bhubaneswar Zone 05,20.302,85.866,2024-01-12,21.5,27.0,17.6,72,13.3,16.42,0.0
BBSR-05,Bhubaneswar Zone 05,20.302,85.866,2024-01-13,20.2,26.8,14.7,69,15.8,16.82,0.0
BBSR-05,Bhubaneswar Zone 05,20.302,85.866,2024-01-14,21.0,27.7,14.0,76,10.8,16.3,0.0
BBSR-05,Bhubaneswar Zone 05,20.302,85.866,2024-01-15,21.6,28.4,16.1,77,9.7,15.51,0.0
BBSR-05,Bhubaneswar Zone 05,20.302,85.866,2024-01-16,22.1,27.6,18.0,81,12.7,14.14,0.0
BBSR-05,Bhubaneswar Zone 05,20.302,85.866,2024-01-17,21.7,26.1,18.7,87,12.1,10.59,3.8
BBSR-05,Bhubaneswar Zone 05,20.302,85.866,2024-01-18,22.9,27.8,18.9,82,21.6,13.08,0.3
BBSR-05,Bhubaneswar Zone 05,20.302,85.866,2024-01-19,22.2,27.3,18.7,77,13.8,14.59,0.1
BBSR-05,Bhubaneswar Zone 05,20.302,85.866,2024-01-20,21.5,27.0,17.6,79,13.3,14.07,0.1
BBSR-05,Bhubaneswar Zone 05,20.302,85.866,2024-01-21,21.4,26.8,18.1,87,7.1,10.03,5.0
BBSR-05,Bhubaneswar Zone 05,20.302,85.866,2024-01-22,20.5,24.7,15.7,72,15.7,10.63,1.4
BBSR-05,Bhubaneswar Zone 05,20.302,85.866,2024-01-23,21.1,27.7,15.4,66,15.3,14.44,2.3
BBSR-05,Bhubaneswar Zone 05,20.302,85.866,2024-01-24,20.2,23.4,17.6,88,18.7,6.56,20.4
BBSR-05,Bhubaneswar Zone 05,20.302,85.866,2024-01-25,19.6,24.5,16.0,82,14.9,11.22,0.9
BBSR-05,Bhubaneswar Zone 05,20.302,85.866,2024-01-26,19.5,25.4,15.4,75,11.6,17.17,0.0
BBSR-05,Bhubaneswar Zone 05,20.302,85.866,2024-01-27,19.5,25.7,14.2,74,9.7,17.74,0.0
BBSR-05,Bhubaneswar Zone 05,20.302,85.866,2024-01-28,19.7,26.5,14.0,77,12.5,18.0,0.0
BBSR-05,Bhubaneswar Zone 05,20.302,85.866,2024-01-29,20.7,27.6,13.9,77,15.1,17.25,0.0
BBSR-05,Bhubaneswar Zone 05,20.302,85.866,2024-01-30,22.4,28.8,16.6,79,13.7,16.26,0.0
BBSR-05,Bhubaneswar Zone 05,20.302,85.866,2024-01-31,23.3,29.5,19.3,75,15.7,16.18,0.0
BBSR-05,Bhubaneswar Zone 05,20.302,85.866,2024-02-01,24.0,30.1,19.8,78,19.3,17.35,0.0
BBSR-05,Bhubaneswar Zone 05,20.302,85.866,2024-02-02,23.3,29.3,19.0,85,14.0,14.22,0.6
BBSR-05,Bhubaneswar Zone 05,20.302,85.866,2024-02-03,23.5,29.6,19.3,81,15.5,16.84,0.0
BBSR-05,Bhubaneswar Zone 05,20.302,85.866,2024-02-04,24.2,30.3,19.3,78,13.7,16.86,0.4
BBSR-05,Bhubaneswar Zone 05,20.302,85.866,2024-02-05,24.3,30.9,18.2,79,15.4,18.64,0.0
BBSR-05,Bhubaneswar Zone 05,20.302,85.866,2024-02-06,26.1,32.6,22.0,79,20.3,17.88,0.6
BBSR-05,Bhubaneswar Zone 05,20.302,85.866,2024-02-07,25.1,30.3,21.2,80,17.9,14.83,0.0
BBSR-05,Bhubaneswar Zone 05,20.302,85.866,2024-02-08,24.1,29.0,20.5,75,16.8,14.27,0.1
BBSR-05,Bhubaneswar Zone 05,20.302,85.866,2024-02-09,21.8,27.4,17.8,64,15.7,18.98,0.0
BBSR-05,Bhubaneswar Zone 05,20.302,85.866,2024-02-10,21.3,28.0,15.5,64,9.4,19.6,0.0
BBSR-05,Bhubaneswar Zone 05,20.302,85.866,2024-02-11,22.7,29.5,16.9,67,12.8,19.3,0.0
BBSR-05,Bhubaneswar Zone 05,20.302,85.866,2024-02-12,23.5,31.0,17.8,68,14.7,18.95,0.0
BBSR-05,Bhubaneswar Zone 05,20.302,85.866,2024-02-13,23.7,31.7,18.0,73,15.3,18.91,0.0
BBSR-05,Bhubaneswar Zone 05,20.302,85.866,2024-02-14,23.5,31.6,17.6,77,16.3,18.71,0.0
BBSR-05,Bhubaneswar Zone 05,20.302,85.866,2024-02-15,24.4,31.4,18.2,78,17.4,17.57,0.1
BBSR-05,Bhubaneswar Zone 05,20.302,85.866,2024-02-16,24.7,32.1,18.6,68,14.2,19.8,0.0
BBSR-05,Bhubaneswar Zone 05,20.302,85.866,2024-02-17,25.3,32.4,19.8,73,14.4,19.11,0.1
BBSR-05,Bhubaneswar Zone 05,20.302,85.866,2024-02-18,26.0,32.5,20.9,75,15.9,17.91,0.1
BBSR-05,Bhubaneswar Zone 05,20.302,85.866,2024-02-19,26.2,33.2,20.8,75,15.8,18.41,0.0
BBSR-05,Bhubaneswar Zone 05,20.302,85.866,2024-02-20,27.3,35.1,21.6,67,17.2,18.08,0.0
BBSR-05,Bhubaneswar Zone 05,20.302,85.866,2024-02-21,27.6,35.6,21.3,57,21.6,18.65,0.0
BBSR-05,Bhubaneswar Zone 05,20.302,85.866,2024-02-22,27.5,33.1,23.4,66,25.0,18.25,0.4
BBSR-05,Bhubaneswar Zone 05,20.302,85.866,2024-02-23,26.4,31.5,22.2,71,18.8,18.91,0.5
BBSR-05,Bhubaneswar Zone 05,20.302,85.866,2024-02-24,24.2,28.1,21.3,83,14.3,12.84,9.5
BBSR-05,Bhubaneswar Zone 05,20.302,85.866,2024-02-25,24.4,30.6,20.9,81,17.7,15.99,6.0
BBSR-05,Bhubaneswar Zone 05,20.302,85.866,2024-02-26,25.1,31.1,20.3,71,14.7,19.8,0.0
BBSR-05,Bhubaneswar Zone 05,20.302,85.866,2024-02-27,25.4,31.6,20.2,66,16.7,20.61,0.3
BBSR-05,Bhubaneswar Zone 05,20.302,85.866,2024-02-28,26.7,33.2,21.2,67,11.1,20.17,0.1
BBSR-05,Bhubaneswar Zone 05,20.302,85.866,2024-02-29,26.8,33.2,21.4,73,9.8,20.07,0.0
BBSR-05,Bhubaneswar Zone 05,20.302,85.866,2024-03-01,27.2,34.1,23.2,75,12.6,19.92,0.0
BBSR-05,Bhubaneswar Zone 05,20.302,85.866,2024-03-02,27.3,34.7,21.4,72,19.9,20.98,0.0
BBSR-05,Bhubaneswar Zone 05,20.302,85.866,2024-03-03,27.5,33.7,22.7,72,16.9,20.93,0.0
BBSR-05,Bhubaneswar Zone 05,20.302,85.866,2024-03-04,27.6,33.9,22.9,75,17.4,19.26,1.0
BBSR-05,Bhubaneswar Zone 05,20.302,85.866,2024-03-05,27.6,34.3,22.2,74,18.7,19.76,0.6
BBSR-05,Bhubaneswar Zone 05,20.302,85.866,2024-03-06,26.8,34.6,23.1,80,13.8,18.71,1.4
BBSR-05,Bhubaneswar Zone 05,20.302,85.866,2024-03-07,26.8,34.5,23.5,81,13.7,16.5,20.6
BBSR-05,Bhubaneswar Zone 05,20.302,85.866,2024-03-08,25.9,31.9,22.6,81,12.0,18.25,3.2
BBSR-05,Bhubaneswar Zone 05,20.302,85.866,2024-03-09,26.3,32.7,20.5,67,14.6,21.17,0.0
BBSR-05,Bhubaneswar Zone 05,20.302,85.866,2024-03-10,26.8,33.7,21.0,69,16.6,20.44,0.0
BBSR-05,Bhubaneswar Zone 05,20.302,85.866,2024-03-11,27.2,33.2,21.7,75,16.5,20.7,0.0
BBSR-05,Bhubaneswar Zone 05,20.302,85.866,2024-03-12,29.0,35.5,23.6,74,15.2,20.13,0.7
BBSR-05,Bhubaneswar Zone 05,20.302,85.866,2024-03-13,29.4,35.8,25.0,75,20.2,19.37,0.4
BBSR-05,Bhubaneswar Zone 05,20.302,85.866,2024-03-14,29.6,36.5,26.1,72,18.6,19.34,0.3
BBSR-05,Bhubaneswar Zone 05,20.302,85.866,2024-03-15,28.9,36.5,24.7,75,16.9,19.81,0.3
BBSR-05,Bhubaneswar Zone 05,20.302,85.866,2024-03-16,28.4,34.0,24.5,77,15.5,20.87,1.5
BBSR-05,Bhubaneswar Zone 05,20.302,85.866,2024-03-17,28.1,33.5,23.3,75,10.9,19.61,1.6
BBSR-05,Bhubaneswar Zone 05,20.302,85.866,2024-03-18,28.3,33.4,23.6,76,18.1,17.67,7.3
BBSR-05,Bhubaneswar Zone 05,20.302,85.866,2024-03-19,24.6,29.1,22.1,84,19.1,9.82,13.4
BBSR-05,Bhubaneswar Zone 05,20.302,85.866,2024-03-20,21.4,25.3,18.9,81,19.2,6.98,25.0
BBSR-05,Bhubaneswar Zone 05,20.302,85.866,2024-03-21,23.4,29.9,16.3,77,16.6,21.41,0.2
BBSR-05,Bhubaneswar Zone 05,20.302,85.866,2024-03-22,26.7,32.3,21.5,78,18.2,21.08,1.2
BBSR-05,Bhubaneswar Zone 05,20.302,85.866,2024-03-23,28.0,35.5,21.2,73,17.9,23.01,0.0
BBSR-05,Bhubaneswar Zone 05,20.302,85.866,2024-03-24,28.6,34.9,23.9,75,20.6,22.5,0.4
BBSR-05,Bhubaneswar Zone 05,20.302,85.866,2024-03-25,29.1,35.8,24.2,67,16.8,21.26,0.0
BBSR-05,Bhubaneswar Zone 05,20.302,85.866,2024-03-26,29.0,35.5,23.9,59,21.1,22.41,0.0
BBSR-05,Bhubaneswar Zone 05,20.302,85.866,2024-03-27,29.6,36.3,24.2,63,18.1,23.13,0.0
BBSR-05,Bhubaneswar Zone 05,20.302,85.866,2024-03-28,29.7,37.3,23.8,71,18.8,22.54,0.0
BBSR-05,Bhubaneswar Zone 05,20.302,85.866,2024-03-29,30.1,37.6,23.6,69,19.8,22.84,0.1
BBSR-05,Bhubaneswar Zone 05,20.302,85.866,2024-03-30,30.6,37.7,24.8,65,19.5,21.66,1.0
BBSR-05,Bhubaneswar Zone 05,20.302,85.866,2024-03-31,30.2,36.5,24.5,66,18.6,20.75,0.0
BBSR-05,Bhubaneswar Zone 05,20.302,85.866,2024-04-01,30.9,37.9,25.1,61,19.3,22.75,0.2
BBSR-05,Bhubaneswar Zone 05,20.302,85.866,2024-04-02,30.9,37.9,26.0,70,19.2,23.4,0.0
BBSR-05,Bhubaneswar Zone 05,20.302,85.866,2024-04-03,30.7,37.0,25.1,74,16.9,23.23,0.0
BBSR-05,Bhubaneswar Zone 05,20.302,85.866,2024-04-04,30.9,37.2,25.7,75,16.8,21.57,0.0
BBSR-05,Bhubaneswar Zone 05,20.302,85.866,2024-04-05,32.2,41.2,25.9,66,19.5,23.13,0.0
BBSR-05,Bhubaneswar Zone 05,20.302,85.866,2024-04-06,31.6,39.5,25.7,70,19.1,23.0,0.0
BBSR-05,Bhubaneswar Zone 05,20.302,85.866,2024-04-07,30.1,38.1,25.0,74,15.9,20.94,16.7
BBSR-05,Bhubaneswar Zone 05,20.302,85.866,2024-04-08,27.6,33.1,24.3,65,25.3,23.52,0.0
BBSR-05,Bhubaneswar Zone 05,20.302,85.866,2024-04-09,29.0,36.0,24.2,55,25.0,22.19,0.0
BBSR-05,Bhubaneswar Zone 05,20.302,85.866,2024-04-10,29.1,36.1,22.9,59,8.9,21.73,0.1
BBSR-05,Bhubaneswar Zone 05,20.302,85.866,2024-04-11,26.2,28.9,22.6,72,25.8,12.17,0.1
BBSR-05,Bhubaneswar Zone 05,20.302,85.866,2024-04-12,27.3,33.3,22.1,67,14.9,17.7,0.0
BBSR-05,Bhubaneswar Zone 05,20.302,85.866,2024-04-13,29.4,36.3,22.5,57,11.6,23.49,0.0
BBSR-05,Bhubaneswar Zone 05,20.302,85.866,2024-04-14,30.6,37.3,24.0,59,11.5,23.8,0.0
BBSR-05,Bhubaneswar Zone 05,20.302,85.866,2024-04-15,31.5,38.8,25.0,58,16.7,24.28,0.0
BBSR-05,Bhubaneswar Zone 05,20.302,85.866,2024-04-16,32.8,39.9,26.2,59,15.2,24.0,0.0
BBSR-05,Bhubaneswar Zone 05,20.302,85.866,2024-04-17,33.5,40.9,27.0,55,15.8,23.81,0.0
BBSR-05,Bhubaneswar Zone 05,20.302,85.866,2024-04-18,33.1,41.2,26.9,54,16.6,25.55,0.0
BBSR-05,Bhubaneswar Zone 05,20.302,85.866,2024-04-19,32.1,41.4,24.2,61,21.6,25.79,0.0
BBSR-05,Bhubaneswar Zone 05,20.302,85.866,2024-04-20,32.3,39.3,26.5,69,20.3,23.8,0.0
BBSR-05,Bhubaneswar Zone 05,20.302,85.866,2024-04-21,33.2,41.0,26.3,65,20.4,23.27,0.1
BBSR-05,Bhubaneswar Zone 05,20.302,85.866,2024-04-22,33.6,39.9,27.6,50,23.6,22.32,1.0
BBSR-05,Bhubaneswar Zone 05,20.302,85.866,2024-04-23,32.8,39.5,26.9,43,17.8,24.58,0.0
BBSR-05,Bhubaneswar Zone 05,20.302,85.866,2024-04-24,32.2,40.0,27.0,56,28.9,23.14,1.0
BBSR-05,Bhubaneswar Zone 05,20.302,85.866,2024-04-25,32.8,41.3,25.7,58,17.7,23.72,0.0
BBSR-05,Bhubaneswar Zone 05,20.302,85.866,2024-04-26,32.7,40.3,27.2,68,19.3,24.34,1.7
BBSR-05,Bhubaneswar Zone 05,20.302,85.866,2024-04-27,32.6,40.3,27.4,67,17.5,24.74,1.0
BBSR-05,Bhubaneswar Zone 05,20.302,85.866,2024-04-28,33.3,40.6,27.2,60,15.6,24.6,0.4
BBSR-05,Bhubaneswar Zone 05,20.302,85.866,2024-04-29,33.2,40.8,27.2,64,17.6,24.07,0.0
BBSR-05,Bhubaneswar Zone 05,20.302,85.866,2024-04-30,33.5,41.4,27.8,55,22.0,24.31,0.0
BBSR-05,Bhubaneswar Zone 05,20.302,85.866,2024-05-01,33.2,39.5,29.2,63,21.4,22.63,0.0
BBSR-05,Bhubaneswar Zone 05,20.302,85.866,2024-05-02,32.4,38.4,28.2,71,23.0,23.64,0.0
BBSR-05,Bhubaneswar Zone 05,20.302,85.866,2024-05-03,32.4,39.9,27.0,71,18.3,24.98,0.0
BBSR-05,Bhubaneswar Zone 05,20.302,85.866,2024-05-04,32.0,37.8,27.7,73,22.0,23.12,0.0
BBSR-05,Bhubaneswar Zone 05,20.302,85.866,2024-05-05,31.8,37.9,27.4,74,26.2,24.88,0.0
BBSR-05,Bhubaneswar Zone 05,20.302,85.866,2024-05-06,31.6,37.4,28.4,76,27.8,20.39,0.0
BBSR-05,Bhubaneswar Zone 05,20.302,85.866,2024-05-07,29.8,35.5,27.8,75,31.6,17.95,3.9
BBSR-05,Bhubaneswar Zone 05,20.302,85.866,2024-05-08,29.8,35.6,26.4,74,16.6,21.15,4.9
BBSR-05,Bhubaneswar Zone 05,20.302,85.866,2024-05-09,30.4,34.9,27.0,74,22.6,20.61,0.9
BBSR-05,Bhubaneswar Zone 05,20.302,85.866,2024-05-10,30.6,35.4,27.4,73,23.5,23.31,0.3
BBSR-05,Bhubaneswar Zone 05,20.302,85.866,2024-05-11,31.3,36.1,27.7,74,20.8,23.94,0.0
BBSR-05,Bhubaneswar Zone 05,20.302,85.866,2024-05-12,30.0,35.6,27.2,78,21.2,22.08,13.7
BBSR-05,Bhubaneswar Zone 05,20.302,85.866,2024-05-13,30.3,37.1,27.1,75,13.3,23.15,7.9
BBSR-05,Bhubaneswar Zone 05,20.302,85.866,2024-05-14,29.9,34.6,26.1,78,15.7,23.1,0.9
BBSR-05,Bhubaneswar Zone 05,20.302,85.866,2024-05-15,30.8,36.6,25.6,70,18.0,24.27,0.1
BBSR-05,Bhubaneswar Zone 05,20.302,85.866,2024-05-16,30.8,35.3,27.8,71,17.3,17.58,0.1
BBSR-05,Bhubaneswar Zone 05,20.302,85.866,2024-05-17,31.9,37.7,27.8,69,18.2,22.53,0.0
BBSR-05,Bhubaneswar Zone 05,20.302,85.866,2024-05-18,31.5,36.7,28.1,74,16.0,19.57,3.3
BBSR-05,Bhubaneswar Zone 05,20.302,85.866,2024-05-19,31.2,34.9,28.3,73,14.3,21.87,0.3
BBSR-05,Bhubaneswar Zone 05,20.302,85.866,2024-05-20,31.6,35.7,28.9,72,18.9,22.5,0.9
BBSR-05,Bhubaneswar Zone 05,20.302,85.866,2024-05-21,31.2,36.2,28.2,74,18.1,21.49,0.4
BBSR-05,Bhubaneswar Zone 05,20.302,85.866,2024-05-22,31.2,36.0,27.9,74,20.5,22.74,0.0
BBSR-05,Bhubaneswar Zone 05,20.302,85.866,2024-05-23,31.0,36.1,26.8,71,16.4,23.55,0.0
BBSR-05,Bhubaneswar Zone 05,20.302,85.866,2024-05-24,30.8,34.8,27.4,72,19.7,18.61,0.4
BBSR-05,Bhubaneswar Zone 05,20.302,85.866,2024-05-25,30.9,34.6,28.1,76,20.0,20.11,12.0
BBSR-05,Bhubaneswar Zone 05,20.302,85.866,2024-05-26,30.0,34.5,27.9,79,18.4,6.84,16.9
BBSR-05,Bhubaneswar Zone 05,20.302,85.866,2024-05-27,31.6,36.2,27.8,78,21.1,15.77,0.2
BBSR-05,Bhubaneswar Zone 05,20.302,85.866,2024-05-28,32.9,37.9,30.0,77,24.9,23.73,0.0
BBSR-05,Bhubaneswar Zone 05,20.302,85.866,2024-05-29,32.9,37.2,29.9,76,26.3,24.62,0.0
BBSR-05,Bhubaneswar Zone 05,20.302,85.866,2024-05-30,32.5,36.9,29.8,77,26.8,23.87,0.1
BBSR-05,Bhubaneswar Zone 05,20.302,85.866,2024-05-31,32.3,36.7,29.9,78,26.3,22.16,0.0
BBSR-05,Bhubaneswar Zone 05,20.302,85.866,2024-06-01,31.9,35.4,29.3,77,24.6,18.35,0.0
BBSR-05,Bhubaneswar Zone 05,20.302,85.866,2024-06-02,31.3,36.4,28.2,78,25.5,19.62,21.8
BBSR-05,Bhubaneswar Zone 05,20.302,85.866,2024-06-03,30.7,35.6,27.8,74,22.7,20.27,0.0
BBSR-05,Bhubaneswar Zone 05,20.302,85.866,2024-06-04,31.0,37.9,28.4,79,18.0,20.29,10.9
BBSR-05,Bhubaneswar Zone 05,20.302,85.866,2024-06-05,32.0,36.7,28.2,70,15.0,24.16,0.0
BBSR-05,Bhubaneswar Zone 05,20.302,85.866,2024-06-06,32.4,38.8,27.4,70,20.4,24.69,3.1
BBSR-05,Bhubaneswar Zone 05,20.302,85.866,2024-06-07,31.7,37.4,28.3,72,20.9,24.46,0.1
BBSR-05,Bhubaneswar Zone 05,20.302,85.866,2024-06-08,31.7,37.7,27.4,71,23.0,24.87,0.0
BBSR-05,Bhubaneswar Zone 05,20.302,85.866,2024-06-09,32.2,38.9,27.8,69,23.0,24.63,0.0
BBSR-05,Bhubaneswar Zone 05,20.302,85.866,2024-06-10,31.8,38.0,27.4,68,22.6,25.38,0.0
BBSR-05,Bhubaneswar Zone 05,20.302,85.866,2024-06-11,31.4,37.2,27.6,72,22.3,24.8,0.0
BBSR-05,Bhubaneswar Zone 05,20.302,85.866,2024-06-12,31.7,39.3,28.1,73,21.1,22.79,8.3
BBSR-05,Bhubaneswar Zone 05,20.302,85.866,2024-06-13,32.1,38.3,28.6,71,24.8,22.29,0.0
BBSR-05,Bhubaneswar Zone 05,20.302,85.866,2024-06-14,32.6,38.2,28.4,66,21.1,20.82,0.0
BBSR-05,Bhubaneswar Zone 05,20.302,85.866,2024-06-15,33.1,39.7,28.8,68,22.7,24.34,0.0
BBSR-05,Bhubaneswar Zone 05,20.302,85.866,2024-06-16,31.4,37.2,27.7,74,16.7,21.61,11.8
BBSR-05,Bhubaneswar Zone 05,20.302,85.866,2024-06-17,31.2,37.4,29.0,76,26.7,16.06,24.0
BBSR-05,Bhubaneswar Zone 05,20.302,85.866,2024-06-18,31.1,36.0,29.0,77,26.1,14.1,9.9
BBSR-05,Bhubaneswar Zone 05,20.302,85.866,2024-06-19,32.0,37.6,28.5,72,23.8,21.37,0.0
BBSR-05,Bhubaneswar Zone 05,20.302,85.866,2024-06-20,31.1,35.8,28.4,75,16.8,19.36,6.1
BBSR-05,Bhubaneswar Zone 05,20.302,85.866,2024-06-21,29.2,34.7,27.2,81,10.5,19.38,13.3
BBSR-05,Bhubaneswar Zone 05,20.302,85.866,2024-06-22,29.2,33.5,26.2,80,15.2,19.84,3.9
BBSR-05,Bhubaneswar Zone 05,20.302,85.866,2024-06-23,30.1,33.9,27.1,78,21.0,20.74,0.4
BBSR-05,Bhubaneswar Zone 05,20.302,85.866,2024-06-24,30.5,34.5,27.9,75,17.7,22.46,0.1
BBSR-05,Bhubaneswar Zone 05,20.302,85.866,2024-06-25,30.4,35.5,27.9,77,16.4,22.51,7.8
BBSR-05,Bhubaneswar Zone 05,20.302,85.866,2024-06-26,29.4,34.2,27.2,82,14.8,19.4,8.8
BBSR-05,Bhubaneswar Zone 05,20.302,85.866,2024-06-27,28.5,32.1,26.5,85,18.4,18.09,10.3
BBSR-05,Bhubaneswar Zone 05,20.302,85.866,2024-06-28,29.1,33.7,26.6,84,13.0,18.45,4.9
BBSR-05,Bhubaneswar Zone 05,20.302,85.866,2024-06-29,28.7,33.9,26.2,85,18.9,15.88,18.7
BBSR-05,Bhubaneswar Zone 05,20.302,85.866,2024-06-30,28.0,31.6,26.1,88,18.7,12.87,28.3
BBSR-05,Bhubaneswar Zone 05,20.302,85.866,2024-07-01,28.6,32.0,26.6,83,20.2,14.97,2.3
BBSR-05,Bhubaneswar Zone 05,20.302,85.866,2024-07-02,29.1,32.4,26.6,83,16.9,12.27,1.3
BBSR-05,Bhubaneswar Zone 05,20.302,85.866,2024-07-03,28.2,31.0,26.8,88,14.6,8.09,14.1
BBSR-05,Bhubaneswar Zone 05,20.302,85.866,2024-07-04,28.8,33.0,26.9,86,18.0,18.47,13.8
BBSR-05,Bhubaneswar Zone 05,20.302,85.866,2024-07-05,29.0,32.4,27.0,85,20.8,16.48,2.7
BBSR-05,Bhubaneswar Zone 05,20.302,85.866,2024-07-06,28.6,32.0,26.0,86,19.6,17.86,8.2
BBSR-05,Bhubaneswar Zone 05,20.302,85.866,2024-07-07,28.4,32.7,26.0,87,14.6,20.48,14.9
BBSR-05,Bhubaneswar Zone 05,20.302,85.866,2024-07-08,28.2,31.4,25.5,84,15.6,17.28,3.6
BBSR-05,Bhubaneswar Zone 05,20.302,85.866,2024-07-09,28.5,32.0,25.7,82,21.1,20.37,2.3
BBSR-05,Bhubaneswar Zone 05,20.302,85.866,2024-07-10,29.3,32.4,26.9,79,19.3,22.52,0.6
BBSR-05,Bhubaneswar Zone 05,20.302,85.866,2024-07-11,29.2,32.3,27.3,82,20.3,16.47,6.5
BBSR-05,Bhubaneswar Zone 05,20.302,85.866,2024-07-12,28.5,32.9,26.6,86,18.1,14.03,12.4
BBSR-05,Bhubaneswar Zone 05,20.302,85.866,2024-07-13,28.8,32.7,26.2,85,10.6,18.51,7.2
BBSR-05,Bhubaneswar Zone 05,20.302,85.866,2024-07-14,28.5,33.2,26.0,86,15.6,22.91,13.7
BBSR-05,Bhubaneswar Zone 05,20.302,85.866,2024-07-15,28.0,31.3,25.5,86,16.9,19.36,12.7
BBSR-05,Bhubaneswar Zone 05,20.302,85.866,2024-07-16,28.4,32.4,25.7,84,14.8,19.35,6.1
BBSR-05,Bhubaneswar Zone 05,20.302,85.866,2024-07-17,28.7,32.2,25.9,85,13.6,20.52,5.4
BBSR-05,Bhubaneswar Zone 05,20.302,85.866,2024-07-18,28.8,32.4,26.3,84,19.4,18.98,17.3
BBSR-05,Bhubaneswar Zone 05,20.302,85.866,2024-07-19,28.5,31.4,26.3,84,26.2,18.46,9.9
BBSR-05,Bhubaneswar Zone 05,20.302,85.866,2024-07-20,28.4,32.4,26.5,85,18.3,13.97,7.2
BBSR-05,Bhubaneswar Zone 05,20.302,85.866,2024-07-21,29.0,32.5,26.5,82,22.6,19.41,1.6
BBSR-05,Bhubaneswar Zone 05,20.302,85.866,2024-07-22,28.4,31.8,26.6,82,22.7,17.09,2.4
BBSR-05,Bhubaneswar Zone 05,20.302,85.866,2024-07-23,27.8,30.4,26.5,87,20.6,10.86,6.7
BBSR-05,Bhubaneswar Zone 05,20.302,85.866,2024-07-24,27.8,30.9,25.6,85,23.1,15.39,6.9
BBSR-05,Bhubaneswar Zone 05,20.302,85.866,2024-07-25,27.7,31.2,25.2,86,19.1,13.9,5.9
BBSR-05,Bhubaneswar Zone 05,20.302,85.866,2024-07-26,28.6,32.2,25.7,82,21.6,18.03,8.0
BBSR-05,Bhubaneswar Zone 05,20.302,85.866,2024-07-27,28.9,32.7,25.7,83,16.0,18.66,2.3
BBSR-05,Bhubaneswar Zone 05,20.302,85.866,2024-07-28,29.1,32.9,25.7,82,10.2,19.92,27.8
BBSR-05,Bhubaneswar Zone 05,20.302,85.866,2024-07-29,28.4,32.1,25.8,89,12.6,14.25,17.0
BBSR-05,Bhubaneswar Zone 05,20.302,85.866,2024-07-30,28.3,32.3,26.2,88,13.8,17.95,20.6
BBSR-05,Bhubaneswar Zone 05,20.302,85.866,2024-07-31,28.1,31.9,26.1,90,15.0,14.22,25.4
BBSR-05,Bhubaneswar Zone 05,20.302,85.866,2024-08-01,27.4,29.7,26.1,92,18.9,6.57,23.3
BBSR-05,Bhubaneswar Zone 05,20.302,85.866,2024-08-02,28.1,30.5,26.8,84,22.9,12.34,1.4
BBSR-05,Bhubaneswar Zone 05,20.302,85.866,2024-08-03,28.7,31.6,26.5,82,21.7,16.19,2.4
BBSR-05,Bhubaneswar Zone 05,20.302,85.866,2024-08-04,29.1,31.9,26.8,83,20.9,12.56,1.1
BBSR-05,Bhubaneswar Zone 05,20.302,85.866,2024-08-05,28.1,31.9,26.2,87,17.8,15.0,22.4
BBSR-05,Bhubaneswar Zone 05,20.302,85.866,2024-08-06,27.2,30.5,26.0,90,15.9,13.88,27.6
BBSR-05,Bhubaneswar Zone 05,20.302,85.866,2024-08-07,27.0,30.7,25.1,89,15.0,13.64,13.7
BBSR-05,Bhubaneswar Zone 05,20.302,85.866,2024-08-08,27.7,31.3,24.3,86,14.7,17.25,14.1
BBSR-05,Bhubaneswar Zone 05,20.302,85.866,2024-08-09,27.9,31.4,25.2,87,15.9,14.93,27.2
BBSR-05,Bhubaneswar Zone 05,20.302,85.866,2024-08-10,28.1,32.1,25.2,86,14.3,19.12,31.7
BBSR-05,Bhubaneswar Zone 05,20.302,85.866,2024-08-11,28.3,32.3,24.8,86,16.2,19.77,18.6
BBSR-05,Bhubaneswar Zone 05,20.302,85.866,2024-08-12,28.7,32.3,25.4,85,14.2,21.04,11.9
BBSR-05,Bhubaneswar Zone 05,20.302,85.866,2024-08-13,28.8,32.6,26.2,88,13.4,17.3,30.8
BBSR-05,Bhubaneswar Zone 05,20.302,85.866,2024-08-14,28.1,31.3,26.5,89,13.9,13.24,25.0
BBSR-05,Bhubaneswar Zone 05,20.302,85.866,2024-08-15,27.9,31.4,25.5,88,15.1,14.09,34.7
BBSR-05,Bhubaneswar Zone 05,20.302,85.866,2024-08-16,27.2,30.4,25.4,89,13.3,10.3,22.6
BBSR-05,Bhubaneswar Zone 05,20.302,85.866,2024-08-17,27.1,31.2,25.1,90,16.1,12.32,21.3
BBSR-05,Bhubaneswar Zone 05,20.302,85.866,2024-08-18,27.6,31.8,24.9,87,14.6,18.23,24.6
BBSR-05,Bhubaneswar Zone 05,20.302,85.866,2024-08-19,27.7,32.2,25.1,87,18.2,18.1,3.5
BBSR-05,Bhubaneswar Zone 05,20.302,85.866,2024-08-20,28.3,32.4,25.8,86,15.0,16.92,20.7
BBSR-05,Bhubaneswar Zone 05,20.302,85.866,2024-08-21,27.9,31.2,25.9,87,18.1,13.78,15.4
BBSR-05,Bhubaneswar Zone 05,20.302,85.866,2024-08-22,27.8,30.3,26.3,87,17.7,13.06,1.5
BBSR-05,Bhubaneswar Zone 05,20.302,85.866,2024-08-23,26.5,27.9,25.9,93,14.6,5.8,30.5
BBSR-05,Bhubaneswar Zone 05,20.302,85.866,2024-08-24,26.6,29.1,24.9,92,19.2,7.91,15.2
BBSR-05,Bhubaneswar Zone 05,20.302,85.866,2024-08-25,27.5,31.3,25.4,88,15.6,14.07,17.2
BBSR-05,Bhubaneswar Zone 05,20.302,85.866,2024-08-26,27.1,30.2,24.8,87,10.4,11.68,11.4
BBSR-05,Bhubaneswar Zone 05,20.302,85.866,2024-08-27,27.8,31.4,25.4,87,10.7,16.08,22.2
BBSR-05,Bhubaneswar Zone 05,20.302,85.866,2024-08-28,26.8,30.8,25.0,90,7.6,12.68,21.9
BBSR-05,Bhubaneswar Zone 05,20.302,85.866,2024-08-29,27.4,31.2,24.8,86,15.6,18.86,2.9
BBSR-05,Bhubaneswar Zone 05,20.302,85.866,2024-08-30,28.0,31.4,25.1,83,21.7,19.97,1.9
BBSR-05,Bhubaneswar Zone 05,20.302,85.866,2024-08-31,27.9,30.7,25.3,85,24.4,17.91,5.2
BBSR-05,Bhubaneswar Zone 05,20.302,85.866,2024-09-01,27.8,31.2,25.7,85,20.8,16.05,4.3
BBSR-05,Bhubaneswar Zone 05,20.302,85.866,2024-09-02,27.3,29.9,25.0,87,14.4,14.93,13.4
BBSR-05,Bhubaneswar Zone 05,20.302,85.866,2024-09-03,27.9,30.7,24.9,83,17.7,17.71,1.1
BBSR-05,Bhubaneswar Zone 05,20.302,85.866,2024-09-04,28.0,31.1,24.8,84,15.6,19.65,0.7
BBSR-05,Bhubaneswar Zone 05,20.302,85.866,2024-09-05,27.8,30.9,24.7,87,11.4,17.25,8.7
BBSR-05,Bhubaneswar Zone 05,20.302,85.866,2024-09-06,28.3,31.9,25.6,86,13.8,18.67,9.8
BBSR-05,Bhubaneswar Zone 05,20.302,85.866,2024-09-07,27.4,31.0,25.3,87,25.0,16.79,16.7
BBSR-05,Bhubaneswar Zone 05,20.302,85.866,2024-09-08,27.5,30.8,25.5,87,23.7,14.8,12.7
BBSR-05,Bhubaneswar Zone 05,20.302,85.866,2024-09-09,28.0,30.6,25.8,87,23.8,14.66,6.3
BBSR-05,Bhubaneswar Zone 05,20.302,85.866,2024-09-10,29.1,32.7,26.1,83,20.3,19.29,0.9
BBSR-05,Bhubaneswar Zone 05,20.302,85.866,2024-09-11,29.3,32.2,26.7,84,16.6,18.4,1.8
BBSR-05,Bhubaneswar Zone 05,20.302,85.866,2024-09-12,29.1,32.1,26.9,83,12.7,12.21,0.0
BBSR-05,Bhubaneswar Zone 05,20.302,85.866,2024-09-13,28.8,32.0,26.6,82,18.1,13.37,16.6
BBSR-05,Bhubaneswar Zone 05,20.302,85.866,2024-09-14,27.5,29.4,26.3,87,24.8,8.06,24.2
BBSR-05,Bhubaneswar Zone 05,20.302,85.866,2024-09-15,27.0,29.5,25.5,83,28.2,8.64,4.5
BBSR-05,Bhubaneswar Zone 05,20.302,85.866,2024-09-16,27.4,31.5,25.3,83,20.9,14.01,8.5
BBSR-05,Bhubaneswar Zone 05,20.302,85.866,2024-09-17,27.7,32.0,24.9,87,15.3,19.36,21.2
BBSR-05,Bhubaneswar Zone 05,20.302,85.866,2024-09-18,27.6,31.2,25.0,89,8.7,15.6,4.7
BBSR-05,Bhubaneswar Zone 05,20.302,85.866,2024-09-19,28.7,33.0,24.6,80,10.7,21.97,0.2
BBSR-05,Bhubaneswar Zone 05,20.302,85.866,2024-09-20,28.3,32.8,25.3,86,14.0,20.24,5.9
BBSR-05,Bhubaneswar Zone 05,20.302,85.866,2024-09-21,28.7,33.4,25.7,83,14.1,21.36,1.2
BBSR-05,Bhubaneswar Zone 05,20.302,85.866,2024-09-22,27.9,31.6,25.9,87,12.2,15.62,15.4
BBSR-05,Bhubaneswar Zone 05,20.302,85.866,2024-09-23,27.4,31.7,25.4,91,16.9,14.26,18.5
BBSR-05,Bhubaneswar Zone 05,20.302,85.866,2024-09-24,26.9,29.2,24.9,92,14.2,9.98,26.2
BBSR-05,Bhubaneswar Zone 05,20.302,85.866,2024-09-25,26.8,29.0,25.1,92,15.0,9.3,31.8
BBSR-05,Bhubaneswar Zone 05,20.302,85.866,2024-09-26,26.3,28.1,24.7,92,23.6,8.52,15.6
BBSR-05,Bhubaneswar Zone 05,20.302,85.866,2024-09-27,27.2,29.6,25.0,87,22.9,14.5,9.8
BBSR-05,Bhubaneswar Zone 05,20.302,85.866,2024-09-28,28.6,31.8,25.8,84,20.7,20.23,0.6
BBSR-05,Bhubaneswar Zone 05,20.302,85.866,2024-09-29,28.8,32.3,26.1,85,12.9,19.65,5.1
BBSR-05,Bhubaneswar Zone 05,20.302,85.866,2024-09-30,29.0,34.1,26.2,85,14.5,19.88,2.8
BBSR-05,Bhubaneswar Zone 05,20.302,85.866,2024-10-01,29.9,34.6,25.7,80,13.5,20.91,0.1
BBSR-05,Bhubaneswar Zone 05,20.302,85.866,2024-10-02,28.4,31.2,25.0,86,15.4,12.07,8.8
BBSR-05,Bhubaneswar Zone 05,20.302,85.866,2024-10-03,28.9,32.9,26.2,82,20.5,18.66,0.1
BBSR-05,Bhubaneswar Zone 05,20.302,85.866,2024-10-04,29.3,33.8,25.1,76,13.2,20.78,0.0
BBSR-05,Bhubaneswar Zone 05,20.302,85.866,2024-10-05,27.4,32.3,24.8,86,19.0,14.24,2.1
BBSR-05,Bhubaneswar Zone 05,20.302,85.866,2024-10-06,26.8,31.9,24.1,89,14.6,19.17,11.3
BBSR-05,Bhubaneswar Zone 05,20.302,85.866,2024-10-07,26.6,30.6,24.7,92,15.7,13.15,11.6
BBSR-05,Bhubaneswar Zone 05,20.302,85.866,2024-10-08,26.9,30.3,25.0,91,14.7,14.38,6.0
BBSR-05,Bhubaneswar Zone 05,20.302,85.866,2024-10-09,27.5,31.8,24.2,84,11.8,19.44,0.1
BBSR-05,Bhubaneswar Zone 05,20.302,85.866,2024-10-10,27.5,31.6,23.5,83,12.8,19.81,0.1
BBSR-05,Bhubaneswar Zone 05,20.302,85.866,2024-10-11,28.1,32.1,24.2,81,10.9,19.82,0.3
BBSR-05,Bhubaneswar Zone 05,20.302,85.866,2024-10-12,28.1,32.0,24.6,81,11.6,19.02,1.1
BBSR-05,Bhubaneswar Zone 05,20.302,85.866,2024-10-13,28.0,32.3,24.4,83,11.4,19.09,0.6
BBSR-05,Bhubaneswar Zone 05,20.302,85.866,2024-10-14,28.2,32.7,24.5,81,9.9,19.61,0.3
BBSR-05,Bhubaneswar Zone 05,20.302,85.866,2024-10-15,27.7,32.2,24.1,84,9.1,18.66,1.8
BBSR-05,Bhubaneswar Zone 05,20.302,85.866,2024-10-16,27.7,32.0,24.4,84,10.9,18.15,1.4
BBSR-05,Bhubaneswar Zone 05,20.302,85.866,2024-10-17,27.7,32.6,24.9,85,12.7,16.96,3.2
BBSR-05,Bhubaneswar Zone 05,20.302,85.866,2024-10-18,28.1,32.1,24.6,84,11.3,17.4,1.4
BBSR-05,Bhubaneswar Zone 05,20.302,85.866,2024-10-19,27.3,32.0,24.6,86,10.7,17.21,45.9
BBSR-05,Bhubaneswar Zone 05,20.302,85.866,2024-10-20,26.4,30.5,24.2,90,10.7,13.24,3.3
BBSR-05,Bhubaneswar Zone 05,20.302,85.866,2024-10-21,27.4,31.7,24.4,78,13.9,18.44,0.2
BBSR-05,Bhubaneswar Zone 05,20.302,85.866,2024-10-22,27.3,31.6,23.3,74,14.8,20.19,0.0
BBSR-05,Bhubaneswar Zone 05,20.302,85.866,2024-10-23,27.1,31.5,23.4,75,21.6,16.9,11.1
BBSR-05,Bhubaneswar Zone 05,20.302,85.866,2024-10-24,25.1,26.6,24.3,88,34.1,3.59,54.3
BBSR-05,Bhubaneswar Zone 05,20.302,85.866,2024-10-25,25.4,27.4,24.0,86,31.3,5.14,7.3
BBSR-05,Bhubaneswar Zone 05,20.302,85.866,2024-10-26,24.6,26.1,23.2,91,14.7,5.72,28.8
BBSR-05,Bhubaneswar Zone 05,20.302,85.866,2024-10-27,25.7,29.6,22.4,91,9.8,14.44,2.7
BBSR-05,Bhubaneswar Zone 05,20.302,85.866,2024-10-28,25.8,29.0,24.0,92,12.6,12.22,6.8
BBSR-05,Bhubaneswar Zone 05,20.302,85.866,2024-10-29,26.2,29.6,23.5,90,11.8,13.59,0.8
BBSR-05,Bhubaneswar Zone 05,20.302,85.866,2024-10-30,26.9,30.4,23.8,85,8.6,15.6,2.4
BBSR-05,Bhubaneswar Zone 05,20.302,85.866,2024-10-31,27.0,31.8,22.5,82,10.0,18.67,0.0
BBSR-05,Bhubaneswar Zone 05,20.302,85.866,2024-11-01,25.9,29.1,23.6,90,17.1,9.25,34.2
BBSR-05,Bhubaneswar Zone 05,20.302,85.866,2024-11-02,26.2,31.6,22.3,82,10.0,18.61,0.0
BBSR-05,Bhubaneswar Zone 05,20.302,85.866,2024-11-03,25.8,31.2,21.0,75,9.9,18.94,0.0
BBSR-05,Bhubaneswar Zone 05,20.302,85.866,2024-11-04,25.5,30.6,21.4,78,8.0,18.47,0.0
BBSR-05,Bhubaneswar Zone 05,20.302,85.866,2024-11-05,24.8,29.4,21.4,86,12.5,15.52,3.8
BBSR-05,Bhubaneswar Zone 05,20.302,85.866,2024-11-06,25.4,29.0,22.5,84,18.4,16.13,1.0
BBSR-05,Bhubaneswar Zone 05,20.302,85.866,2024-11-07,25.6,30.3,22.2,82,10.5,17.39,0.1
BBSR-05,Bhubaneswar Zone 05,20.302,85.866,2024-11-08,25.6,30.3,22.2,81,12.4,17.44,0.0
BBSR-05,Bhubaneswar Zone 05,20.302,85.866,2024-11-09,25.3,30.1,22.1,79,11.5,17.95,0.0
BBSR-05,Bhubaneswar Zone 05,20.302,85.866,2024-11-10,24.9,29.9,21.6,78,16.5,18.31,0.0
BBSR-05,Bhubaneswar Zone 05,20.302,85.866,2024-11-11,24.9,28.7,21.8,77,14.7,8.7,0.2
BBSR-05,Bhubaneswar Zone 05,20.302,85.866,2024-11-12,25.0,29.2,22.8,85,15.9,14.32,1.3
BBSR-05,Bhubaneswar Zone 05,20.302,85.866,2024-11-13,26.0,31.2,22.3,74,13.7,16.6,0.0
BBSR-05,Bhubaneswar Zone 05,20.302,85.866,2024-11-14,25.9,30.9,22.3,67,12.9,17.51,0.0
BBSR-05,Bhubaneswar Zone 05,20.302,85.866,2024-11-15,25.1,30.2,20.6,67,8.0,17.69,0.0
BBSR-05,Bhubaneswar Zone 05,20.302,85.866,2024-11-16,23.9,29.4,19.0,62,11.9,18.05,0.0
BBSR-05,Bhubaneswar Zone 05,20.302,85.866,2024-11-17,23.6,29.5,18.4,62,10.6,17.92,0.0
BBSR-05,Bhubaneswar Zone 05,20.302,85.866,2024-11-18,23.8,29.6,18.7,57,9.3,17.8,0.0
BBSR-05,Bhubaneswar Zone 05,20.302,85.866,2024-11-19,23.6,29.4,18.1,56,9.8,17.69,0.0
BBSR-05,Bhubaneswar Zone 05,20.302,85.866,2024-11-20,23.3,29.2,18.1,59,8.9,16.57,0.0
BBSR-05,Bhubaneswar Zone 05,20.302,85.866,2024-11-21,23.3,29.3,17.9,62,9.0,17.36,0.0
BBSR-05,Bhubaneswar Zone 05,20.302,85.866,2024-11-22,23.2,28.9,18.2,66,8.9,17.31,0.0
BBSR-05,Bhubaneswar Zone 05,20.302,85.866,2024-11-23,23.3,28.9,18.0,68,10.2,17.13,0.0
BBSR-05,Bhubaneswar Zone 05,20.302,85.866,2024-11-24,22.9,28.7,18.5,69,7.1,16.75,0.0
BBSR-05,Bhubaneswar Zone 05,20.302,85.866,2024-11-25,22.2,28.2,17.8,69,11.3,15.78,0.0
BBSR-05,Bhubaneswar Zone 05,20.302,85.866,2024-11-26,22.1,28.0,17.6,68,10.1,16.69,0.0
BBSR-05,Bhubaneswar Zone 05,20.302,85.866,2024-11-27,21.9,27.7,17.9,67,14.4,15.81,0.0
BBSR-05,Bhubaneswar Zone 05,20.302,85.866,2024-11-28,23.0,28.0,18.3,64,19.1,14.34,0.0
BBSR-05,Bhubaneswar Zone 05,20.302,85.866,2024-11-29,23.0,26.1,20.8,73,21.5,7.53,5.3
BBSR-05,Bhubaneswar Zone 05,20.302,85.866,2024-11-30,23.5,27.6,20.8,78,17.7,10.56,1.6
BBSR-05,Bhubaneswar Zone 05,20.302,85.866,2024-12-01,24.1,29.3,20.7,73,14.7,13.96,0.5
BBSR-05,Bhubaneswar Zone 05,20.302,85.866,2024-12-02,24.1,28.4,21.3,76,13.4,11.84,0.2
BBSR-05,Bhubaneswar Zone 05,20.302,85.866,2024-12-03,24.1,28.6,20.7,74,11.8,12.21,0.0
BBSR-05,Bhubaneswar Zone 05,20.302,85.866,2024-12-04,24.7,29.9,20.9,74,10.2,15.38,0.0
BBSR-05,Bhubaneswar Zone 05,20.302,85.866,2024-12-05,24.5,30.1,20.1,75,10.1,15.57,0.0
BBSR-05,Bhubaneswar Zone 05,20.302,85.866,2024-12-06,24.9,30.1,21.0,78,11.0,14.85,0.1
BBSR-05,Bhubaneswar Zone 05,20.302,85.866,2024-12-07,24.1,29.0,20.1,83,9.9,13.45,0.3
BBSR-05,Bhubaneswar Zone 05,20.302,85.866,2024-12-08,23.1,26.8,20.7,87,9.8,8.08,3.6
BBSR-05,Bhubaneswar Zone 05,20.302,85.866,2024-12-09,23.9,28.7,20.8,84,11.9,11.61,3.9
BBSR-05,Bhubaneswar Zone 05,20.302,85.866,2024-12-10,23.7,28.3,20.9,83,10.3,12.56,1.2
BBSR-05,Bhubaneswar Zone 05,20.302,85.866,2024-12-11,21.8,26.9,18.2,69,14.5,15.37,0.0
BBSR-05,Bhubaneswar Zone 05,20.302,85.866,2024-12-12,20.3,25.7,16.1,68,11.3,16.16,0.0
BBSR-05,Bhubaneswar Zone 05,20.302,85.866,2024-12-13,20.1,25.9,15.9,67,12.0,16.05,0.0
BBSR-05,Bhubaneswar Zone 05,20.302,85.866,2024-12-14,19.7,25.9,15.3,62,14.4,16.21,0.0
BBSR-05,Bhubaneswar Zone 05,20.302,85.866,2024-12-15,18.9,24.9,14.2,58,12.9,16.42,0.0
BBSR-05,Bhubaneswar Zone 05,20.302,85.866,2024-12-16,18.8,25.6,13.6,61,13.2,16.44,0.0
BBSR-05,Bhubaneswar Zone 05,20.302,85.866,2024-12-17,20.9,27.6,15.2,65,11.2,14.08,0.0
BBSR-05,Bhubaneswar Zone 05,20.302,85.866,2024-12-18,22.8,28.6,17.7,66,12.6,12.74,0.0
BBSR-05,Bhubaneswar Zone 05,20.302,85.866,2024-12-19,23.4,27.4,19.8,61,15.7,9.31,0.0
BBSR-05,Bhubaneswar Zone 05,20.302,85.866,2024-12-20,21.3,24.9,18.0,76,13.9,6.74,8.8
BBSR-05,Bhubaneswar Zone 05,20.302,85.866,2024-12-21,19.4,21.2,18.2,94,15.4,3.44,61.8
BBSR-05,Bhubaneswar Zone 05,20.302,85.866,2024-12-22,21.2,26.0,16.9,80,12.6,12.67,0.0
BBSR-05,Bhubaneswar Zone 05,20.302,85.866,2024-12-23,22.0,25.4,18.5,70,14.4,7.42,0.0
BBSR-05,Bhubaneswar Zone 05,20.302,85.866,2024-12-24,21.4,24.7,19.3,75,12.3,5.22,1.6
BBSR-05,Bhubaneswar Zone 05,20.302,85.866,2024-12-25,20.6,24.3,18.4,88,11.2,6.54,10.6
BBSR-05,Bhubaneswar Zone 05,20.302,85.866,2024-12-26,22.3,27.3,18.6,77,10.5,12.7,0.3
BBSR-05,Bhubaneswar Zone 05,20.302,85.866,2024-12-27,22.6,28.5,19.2,65,13.7,15.47,0.0
BBSR-05,Bhubaneswar Zone 05,20.302,85.866,2024-12-28,21.9,28.4,16.9,68,7.4,15.63,0.0
BBSR-05,Bhubaneswar Zone 05,20.302,85.866,2024-12-29,22.8,28.9,17.5,75,8.7,15.3,0.0
BBSR-05,Bhubaneswar Zone 05,20.302,85.866,2024-12-30,23.0,28.6,19.0,78,9.5,14.88,0.0
BBSR-05,Bhubaneswar Zone 05,20.302,85.866,2024-12-31,21.4,26.8,17.7,78,12.3,14.99,0.0
BBSR-05,Bhubaneswar Zone 05,20.302,85.866,2025-01-01,19.8,24.7,16.1,78,10.3,16.02,0.0
BBSR-05,Bhubaneswar Zone 05,20.302,85.866,2025-01-02,19.0,24.6,14.8,72,12.5,16.2,0.0
BBSR-05,Bhubaneswar Zone 05,20.302,85.866,2025-01-03,18.7,24.7,14.6,75,10.5,16.25,0.0
BBSR-05,Bhubaneswar Zone 05,20.302,85.866,2025-01-04,18.8,24.8,14.1,75,9.9,16.34,0.0
BBSR-05,Bhubaneswar Zone 05,20.302,85.866,2025-01-05,19.7,26.0,14.6,79,9.0,16.1,0.0
BBSR-05,Bhubaneswar Zone 05,20.302,85.866,2025-01-06,20.5,26.9,15.0,76,8.9,15.67,0.0
BBSR-05,Bhubaneswar Zone 05,20.302,85.866,2025-01-07,21.3,27.4,16.5,72,10.6,16.39,0.0
BBSR-05,Bhubaneswar Zone 05,20.302,85.866,2025-01-08,20.4,26.3,16.1,70,11.5,16.61,0.0
BBSR-05,Bhubaneswar Zone 05,20.302,85.866,2025-01-09,19.3,25.5,15.4,76,10.3,16.56,0.0
BBSR-05,Bhubaneswar Zone 05,20.302,85.866,2025-01-10,18.7,25.0,13.8,79,10.9,16.54,0.0
BBSR-05,Bhubaneswar Zone 05,20.302,85.866,2025-01-11,18.9,25.8,13.9,76,11.5,16.71,0.0
BBSR-05,Bhubaneswar Zone 05,20.302,85.866,2025-01-12,19.4,25.9,14.7,74,8.1,16.63,0.0
BBSR-05,Bhubaneswar Zone 05,20.302,85.866,2025-01-13,20.3,27.5,13.8,75,5.6,16.42,0.0
BBSR-05,Bhubaneswar Zone 05,20.302,85.866,2025-01-14,21.5,28.2,16.9,78,13.5,15.93,0.0
BBSR-05,Bhubaneswar Zone 05,20.302,85.866,2025-01-15,21.2,26.8,17.1,72,13.0,15.97,0.0
BBSR-05,Bhubaneswar Zone 05,20.302,85.866,2025-01-16,20.0,25.5,15.9,69,12.9,17.07,0.0
BBSR-05,Bhubaneswar Zone 05,20.302,85.866,2025-01-17,19.7,25.9,15.1,66,13.6,17.46,0.0
BBSR-05,Bhubaneswar Zone 05,20.302,85.866,2025-01-18,20.2,26.3,15.3,69,12.1,17.19,0.0
BBSR-05,Bhubaneswar Zone 05,20.302,85.866,2025-01-19,20.7,27.5,15.3,71,8.8,17.47,0.0
BBSR-05,Bhubaneswar Zone 05,20.302,85.866,2025-01-20,20.9,27.9,15.5,72,10.0,17.6,0.0
BBSR-05,Bhubaneswar Zone 05,20.302,85.866,2025-01-21,21.5,29.1,15.0,68,7.7,17.79,0.0
BBSR-05,Bhubaneswar Zone 05,20.302,85.866,2025-01-22,22.3,29.9,15.8,73,10.2,17.74,0.0
BBSR-05,Bhubaneswar Zone 05,20.302,85.866,2025-01-23,23.5,30.6,18.7,79,13.2,17.01,0.0
BBSR-05,Bhubaneswar Zone 05,20.302,85.866,2025-01-24,23.4,29.9,19.6,81,14.5,16.29,0.0
BBSR-05,Bhubaneswar Zone 05,20.302,85.866,2025-01-25,23.6,29.7,19.4,79,10.2,16.21,0.0
BBSR-05,Bhubaneswar Zone 05,20.302,85.866,2025-01-26,23.2,28.5,19.5,81,10.9,14.14,0.5
BBSR-05,Bhubaneswar Zone 05,20.302,85.866,2025-01-27,22.7,28.5,18.8,79,10.1,16.06,0.0
BBSR-05,Bhubaneswar Zone 05,20.302,85.866,2025-01-28,23.6,29.9,19.2,80,16.3,16.4,0.0
BBSR-05,Bhubaneswar Zone 05,20.302,85.866,2025-01-29,24.2,30.0,19.7,79,16.1,15.45,0.1
BBSR-05,Bhubaneswar Zone 05,20.302,85.866,2025-01-30,24.2,30.6,19.9,79,18.8,15.44,0.0
BBSR-05,Bhubaneswar Zone 05,20.302,85.866,2025-01-31,25.6,32.6,21.1,78,15.1,16.97,0.0
BBSR-05,Bhubaneswar Zone 05,20.302,85.866,2025-02-01,26.1,33.4,22.0,78,12.7,17.58,0.0
BBSR-05,Bhubaneswar Zone 05,20.302,85.866,2025-02-02,26.7,33.7,22.4,72,12.9,18.01,0.0
BBSR-05,Bhubaneswar Zone 05,20.302,85.866,2025-02-03,26.0,33.0,20.3,75,13.3,18.05,0.0
BBSR-05,Bhubaneswar Zone 05,20.302,85.866,2025-02-04,26.4,32.0,22.7,80,13.3,17.61,0.0
BBSR-05,Bhubaneswar Zone 05,20.302,85.866,2025-02-05,27.3,33.7,23.8,76,14.8,17.5,0.0
BBSR-05,Bhubaneswar Zone 05,20.302,85.866,2025-02-06,26.8,32.9,21.8,69,12.3,17.56,0.0
BBSR-05,Bhubaneswar Zone 05,20.302,85.866,2025-02-07,25.3,31.2,20.8,68,13.3,17.82,0.0
BBSR-05,Bhubaneswar Zone 05,20.302,85.866,2025-02-08,24.6,31.0,20.1,72,13.9,18.64,0.0
BBSR-05,Bhubaneswar Zone 05,20.302,85.866,2025-02-09,24.5,30.9,19.2,71,10.0,18.88,0.0
BBSR-05,Bhubaneswar Zone 05,20.302,85.866,2025-02-10,25.4,32.5,20.2,74,17.3,19.4,0.0
BBSR-05,Bhubaneswar Zone 05,20.302,85.866,2025-02-11,26.4,33.9,21.5,72,14.3,19.0,0.0
BBSR-05,Bhubaneswar Zone 05,20.302,85.866,2025-02-12,27.5,34.9,22.4,69,15.6,18.77,0.0
BBSR-05,Bhubaneswar Zone 05,20.302,85.866,2025-02-13,27.3,33.8,22.2,60,13.3,20.02,0.0
BBSR-05,Bhubaneswar Zone 05,20.302,85.866,2025-02-14,25.6,32.2,20.6,58,13.7,20.39,0.0
BBSR-05,Bhubaneswar Zone 05,20.302,85.866,2025-02-15,25.1,32.3,19.6,61,11.2,20.49,0.0
BBSR-05,Bhubaneswar Zone 05,20.302,85.866,2025-02-16,26.0,33.9,20.2,65,15.2,20.57,0.0
BBSR-05,Bhubaneswar Zone 05,20.302,85.866,2025-02-17,26.6,33.7,22.2,71,16.4,19.88,0.0
BBSR-05,Bhubaneswar Zone 05,20.302,85.866,2025-02-18,26.7,33.4,22.2,74,16.6,18.71,0.0
BBSR-05,Bhubaneswar Zone 05,20.302,85.866,2025-02-19,26.9,33.6,23.1,75,14.6,18.86,0.3
BBSR-05,Bhubaneswar Zone 05,20.302,85.866,2025-02-20,26.8,32.8,22.9,71,17.8,18.58,1.1
BBSR-05,Bhubaneswar Zone 05,20.302,85.866,2025-02-21,26.2,33.9,21.1,74,16.9,19.03,0.1
BBSR-05,Bhubaneswar Zone 05,20.302,85.866,2025-02-22,26.5,32.7,22.2,77,13.6,18.09,1.1
BBSR-05,Bhubaneswar Zone 05,20.302,85.866,2025-02-23,25.6,32.0,20.8,76,15.0,19.19,0.1
BBSR-05,Bhubaneswar Zone 05,20.302,85.866,2025-02-24,25.9,31.5,22.1,77,13.5,18.59,0.2
BBSR-05,Bhubaneswar Zone 05,20.302,85.866,2025-02-25,25.7,31.8,20.0,76,12.9,18.87,1.1
BBSR-05,Bhubaneswar Zone 05,20.302,85.866,2025-02-26,25.6,31.0,20.8,74,13.2,18.89,0.2
BBSR-05,Bhubaneswar Zone 05,20.302,85.866,2025-02-27,26.0,32.6,20.4,71,16.6,19.89,0.0
BBSR-05,Bhubaneswar Zone 05,20.302,85.866,2025-02-28,26.5,33.6,20.7,72,14.8,20.83,0.0
BBSR-05,Bhubaneswar Zone 05,20.302,85.866,2025-03-01,27.3,35.1,22.6,67,15.9,21.45,0.0
BBSR-05,Bhubaneswar Zone 05,20.302,85.866,2025-03-02,28.2,37.0,22.2,67,16.5,21.04,0.0
BBSR-05,Bhubaneswar Zone 05,20.302,85.866,2025-03-03,28.6,36.4,22.7,67,13.0,20.66,0.0
BBSR-05,Bhubaneswar Zone 05,20.302,85.866,2025-03-04,28.6,35.8,24.4,64,14.9,21.27,0.0
BBSR-05,Bhubaneswar Zone 05,20.302,85.866,2025-03-05,28.6,34.7,23.7,57,10.9,21.25,0.0
BBSR-05,Bhubaneswar Zone 05,20.302,85.866,2025-03-06,25.9,32.5,21.1,34,14.1,23.01,0.0
BBSR-05,Bhubaneswar Zone 05,20.302,85.866,2025-03-07,25.6,33.4,18.8,57,15.1,22.9,0.0
BBSR-05,Bhubaneswar Zone 05,20.302,85.866,2025-03-08,27.1,35.3,21.3,68,15.7,22.49,0.0
BBSR-05,Bhubaneswar Zone 05,20.302,85.866,2025-03-09,27.2,34.5,22.3,72,19.8,21.12,0.0
BBSR-05,Bhubaneswar Zone 05,20.302,85.866,2025-03-10,26.7,34.4,20.8,68,14.6,21.31,0.0
BBSR-05,Bhubaneswar Zone 05,20.302,85.866,2025-03-11,27.5,35.4,21.8,60,20.0,22.56,0.0
BBSR-05,Bhubaneswar Zone 05,20.302,85.866,2025-03-12,28.4,37.1,21.8,60,18.0,22.52,0.0
BBSR-05,Bhubaneswar Zone 05,20.302,85.866,2025-03-13,30.0,39.2,23.8,60,17.7,22.24,0.0
BBSR-05,Bhubaneswar Zone 05,20.302,85.866,2025-03-14,30.2,38.1,25.3,69,18.9,21.42,0.0
BBSR-05,Bhubaneswar Zone 05,20.302,85.866,2025-03-15,30.4,40.2,25.0,67,19.1,21.7,0.0
BBSR-05,Bhubaneswar Zone 05,20.302,85.866,2025-03-16,30.4,39.3,24.7,61,20.8,21.92,0.0
BBSR-05,Bhubaneswar Zone 05,20.302,85.866,2025-03-17,30.5,38.2,24.7,57,18.6,21.64,0.0
BBSR-05,Bhubaneswar Zone 05,20.302,85.866,2025-03-18,29.7,36.1,24.6,64,15.2,22.15,0.0
BBSR-05,Bhubaneswar Zone 05,20.302,85.866,2025-03-19,29.1,35.3,24.8,75,16.3,21.29,0.6
BBSR-05,Bhubaneswar Zone 05,20.302,85.866,2025-03-20,29.1,36.4,24.7,67,19.3,22.91,0.0
BBSR-05,Bhubaneswar Zone 05,20.302,85.866,2025-03-21,28.2,34.5,24.1,71,23.9,22.39,0.3
BBSR-05,Bhubaneswar Zone 05,20.302,85.866,2025-03-22,23.8,26.5,21.5,86,14.7,9.55,7.9
BBSR-05,Bhubaneswar Zone 05,20.302,85.866,2025-03-23,25.0,31.8,20.7,78,19.7,19.19,46.9
BBSR-05,Bhubaneswar Zone 05,20.302,85.866,2025-03-24,25.8,33.3,20.1,77,16.4,21.45,2.2
BBSR-05,Bhubaneswar Zone 05,20.302,85.866,2025-03-25,27.4,34.4,21.9,71,14.3,22.97,0.0
BBSR-05,Bhubaneswar Zone 05,20.302,85.866,2025-03-26,28.6,36.4,23.2,72,17.2,23.33,0.0
BBSR-05,Bhubaneswar Zone 05,20.302,85.866,2025-03-27,29.5,37.8,24.2,68,16.2,24.2,0.0
BBSR-05,Bhubaneswar Zone 05,20.302,85.866,2025-03-28,30.2,39.2,23.2,64,15.5,24.32,0.0
BBSR-05,Bhubaneswar Zone 05,20.302,85.866,2025-03-29,30.2,38.4,24.3,73,15.7,22.96,0.0
BBSR-05,Bhubaneswar Zone 05,20.302,85.866,2025-03-30,29.6,36.1,25.8,80,17.4,22.62,0.0
BBSR-05,Bhubaneswar Zone 05,20.302,85.866,2025-03-31,29.4,35.5,25.7,76,18.4,23.72,0.0
BBSR-05,Bhubaneswar Zone 05,20.302,85.866,2025-04-01,29.2,34.9,25.5,72,17.0,23.9,0.0
BBSR-05,Bhubaneswar Zone 05,20.302,85.866,2025-04-02,28.8,34.4,25.0,72,16.0,23.78,0.1
BBSR-05,Bhubaneswar Zone 05,20.302,85.866,2025-04-03,28.6,35.6,23.7,72,16.1,24.34,0.0
BBSR-05,Bhubaneswar Zone 05,20.302,85.866,2025-04-04,29.2,35.9,23.6,70,11.5,20.26,0.1
BBSR-05,Bhubaneswar Zone 05,20.302,85.866,2025-04-05,30.4,38.3,23.9,62,18.9,23.03,0.0
BBSR-05,Bhubaneswar Zone 05,20.302,85.866,2025-04-06,30.7,38.6,25.1,68,19.2,23.36,0.0
BBSR-05,Bhubaneswar Zone 05,20.302,85.866,2025-04-07,29.9,36.8,25.7,72,18.2,22.14,0.0
BBSR-05,Bhubaneswar Zone 05,20.302,85.866,2025-04-08,29.2,35.1,25.3,71,17.7,21.68,0.1
BBSR-05,Bhubaneswar Zone 05,20.302,85.866,2025-04-09,28.4,33.9,23.9,71,19.0,22.1,0.8
BBSR-05,Bhubaneswar Zone 05,20.302,85.866,2025-04-10,28.7,33.9,24.1,70,15.3,21.57,1.1
BBSR-05,Bhubaneswar Zone 05,20.302,85.866,2025-04-11,29.1,35.7,23.5,69,16.3,23.67,0.0
BBSR-05,Bhubaneswar Zone 05,20.302,85.866,2025-04-12,29.4,37.1,25.6,76,16.8,21.48,3.2
BBSR-05,Bhubaneswar Zone 05,20.302,85.866,2025-04-13,30.2,38.6,25.3,70,17.5,22.68,0.1
BBSR-05,Bhubaneswar Zone 05,20.302,85.866,2025-04-14,29.4,34.9,25.6,73,14.1,21.68,1.5
BBSR-05,Bhubaneswar Zone 05,20.302,85.866,2025-04-15,28.0,33.5,23.7,77,16.3,20.55,6.6
BBSR-05,Bhubaneswar Zone 05,20.302,85.866,2025-04-16,28.3,34.7,23.1,76,20.6,22.41,0.0
BBSR-05,Bhubaneswar Zone 05,20.302,85.866,2025-04-17,29.9,34.9,26.2,72,19.4,22.03,1.6
BBSR-05,Bhubaneswar Zone 05,20.302,85.866,2025-04-18,30.3,35.7,27.4,73,22.5,21.69,0.4
BBSR-05,Bhubaneswar Zone 05,20.302,85.866,2025-04-19,30.9,36.9,27.2,72,18.5,24.3,0.0
BBSR-05,Bhubaneswar Zone 05,20.302,85.866,2025-04-20,32.0,38.9,27.9,74,19.2,23.88,0.4
BBSR-05,Bhubaneswar Zone 05,20.302,85.866,2025-04-21,31.6,37.1,27.8,75,19.5,24.29,0.0
BBSR-05,Bhubaneswar Zone 05,20.302,85.866,2025-04-22,31.6,38.2,27.1,74,20.3,24.89,0.0
BBSR-05,Bhubaneswar Zone 05,20.302,85.866,2025-04-23,32.1,39.6,27.2,71,20.8,24.26,0.0
BBSR-05,Bhubaneswar Zone 05,20.302,85.866,2025-04-24,32.0,38.3,27.9,72,24.3,24.38,0.0
BBSR-05,Bhubaneswar Zone 05,20.302,85.866,2025-04-25,31.6,37.0,28.1,72,20.0,24.94,0.0
BBSR-05,Bhubaneswar Zone 05,20.302,85.866,2025-04-26,30.9,36.1,27.7,72,23.3,23.39,0.0
BBSR-05,Bhubaneswar Zone 05,20.302,85.866,2025-04-27,30.8,36.7,27.3,66,21.4,20.34,0.0
BBSR-05,Bhubaneswar Zone 05,20.302,85.866,2025-04-28,29.1,35.7,23.8,75,14.5,21.93,9.9
BBSR-05,Bhubaneswar Zone 05,20.302,85.866,2025-04-29,28.2,33.6,23.4,78,14.7,21.5,2.3
BBSR-05,Bhubaneswar Zone 05,20.302,85.866,2025-04-30,28.2,32.9,22.7,75,13.4,22.98,0.1
BBSR-05,Bhubaneswar Zone 05,20.302,85.866,2025-05-01,28.0,33.6,21.2,75,14.3,23.31,8.8
BBSR-05,Bhubaneswar Zone 05,20.302,85.866,2025-05-02,27.2,33.2,21.2,74,16.9,24.65,0.2
BBSR-05,Bhubaneswar Zone 05,20.302,85.866,2025-05-03,28.6,34.5,24.3,76,13.5,22.92,8.7
BBSR-05,Bhubaneswar Zone 05,20.302,85.866,2025-05-04,28.1,34.0,23.3,76,17.8,25.05,0.0
BBSR-05,Bhubaneswar Zone 05,20.302,85.866,2025-05-05,29.6,35.2,25.4,75,16.2,23.57,0.0
BBSR-05,Bhubaneswar Zone 05,20.302,85.866,2025-05-06,30.2,36.2,26.4,77,16.2,23.1,1.0
BBSR-05,Bhubaneswar Zone 05,20.302,85.866,2025-05-07,30.5,36.5,26.6,76,15.8,23.43,0.3
BBSR-05,Bhubaneswar Zone 05,20.302,85.866,2025-05-08,30.8,36.6,26.6,74,15.7,23.66,0.0
BBSR-05,Bhubaneswar Zone 05,20.302,85.866,2025-05-09,31.1,37.3,26.3,72,14.2,24.2,0.0
BBSR-05,Bhubaneswar Zone 05,20.302,85.866,2025-05-10,31.3,38.1,26.4,68,15.0,25.26,0.0
BBSR-05,Bhubaneswar Zone 05,20.302,85.866,2025-05-11,31.5,38.8,26.2,67,16.4,25.22,0.0
BBSR-05,Bhubaneswar Zone 05,20.302,85.866,2025-05-12,32.0,39.2,27.2,73,15.3,24.01,0.1
BBSR-05,Bhubaneswar Zone 05,20.302,85.866,2025-05-13,31.5,37.0,28.1,76,16.9,23.1,0.0
BBSR-05,Bhubaneswar Zone 05,20.302,85.866,2025-05-14,31.7,36.6,28.4,76,18.5,22.28,0.3
BBSR-05,Bhubaneswar Zone 05,20.302,85.866,2025-05-15,31.7,36.9,28.1,75,16.4,22.99,0.1
BBSR-05,Bhubaneswar Zone 05,20.302,85.866,2025-05-16,31.5,37.0,28.4,76,15.6,22.61,2.0
BBSR-05,Bhubaneswar Zone 05,20.302,85.866,2025-05-17,30.8,36.1,27.9,76,20.0,22.53,0.6
BBSR-05,Bhubaneswar Zone 05,20.302,85.866,2025-05-18,30.1,33.6,26.7,76,18.1,19.42,2.0
BBSR-05,Bhubaneswar Zone 05,20.302,85.866,2025-05-19,30.6,34.8,27.0,74,14.2,21.99,2.6
BBSR-05,Bhubaneswar Zone 05,20.302,85.866,2025-05-20,30.3,34.0,27.4,76,23.1,22.21,0.4
BBSR-05,Bhubaneswar Zone 05,20.302,85.866,2025-05-21,29.8,33.4,26.6,78,17.1,14.8,3.8
BBSR-05,Bhubaneswar Zone 05,20.302,85.866,2025-05-22,28.9,33.2,26.0,83,10.1,16.39,4.9
BBSR-05,Bhubaneswar Zone 05,20.302,85.866,2025-05-23,28.9,33.3,25.8,82,10.1,20.1,4.9
BBSR-05,Bhubaneswar Zone 05,20.302,85.866,2025-05-24,27.7,32.0,25.3,88,11.4,15.56,23.9
BBSR-05,Bhubaneswar Zone 05,20.302,85.866,2025-05-25,27.6,32.5,25.9,90,12.8,11.73,18.1
BBSR-05,Bhubaneswar Zone 05,20.302,85.866,2025-05-26,28.5,33.0,25.3,85,12.8,19.9,14.9
BBSR-05,Bhubaneswar Zone 05,20.302,85.866,2025-05-27,28.0,31.5,26.2,88,19.2,10.55,8.4
BBSR-05,Bhubaneswar Zone 05,20.302,85.866,2025-05-28,27.5,32.0,25.4,90,20.5,11.62,47.6
BBSR-05,Bhubaneswar Zone 05,20.302,85.866,2025-05-29,28.9,32.6,25.9,83,20.3,10.55,21.8
BBSR-05,Bhubaneswar Zone 05,20.302,85.866,2025-05-30,30.4,35.7,25.8,80,15.1,19.94,0.5
BBSR-05,Bhubaneswar Zone 05,20.302,85.866,2025-05-31,30.2,34.0,27.8,82,13.3,19.13,3.8
BBSR-05,Bhubaneswar Zone 05,20.302,85.866,2025-06-01,31.8,37.0,27.5,72,13.5,21.76,0.0
BBSR-05,Bhubaneswar Zone 05,20.302,85.866,2025-06-02,32.1,37.8,27.7,60,19.4,24.53,0.0
BBSR-05,Bhubaneswar Zone 05,20.302,85.866,2025-06-03,31.2,35.6,26.2,71,16.9,21.55,2.8
BBSR-05,Bhubaneswar Zone 05,20.302,85.866,2025-06-04,31.5,36.8,27.6,73,12.4,24.16,0.2
BBSR-05,Bhubaneswar Zone 05,20.302,85.866,2025-06-05,29.9,35.0,25.0,77,13.5,22.6,4.3
BBSR-05,Bhubaneswar Zone 05,20.302,85.866,2025-06-06,30.3,35.3,27.4,80,12.4,22.74,3.5
BBSR-05,Bhubaneswar Zone 05,20.302,85.866,2025-06-07,30.5,36.1,26.2,75,9.3,24.04,0.0
BBSR-05,Bhubaneswar Zone 05,20.302,85.866,2025-06-08,30.6,35.4,27.1,77,9.1,17.14,0.0
BBSR-05,Bhubaneswar Zone 05,20.302,85.866,2025-06-09,30.0,36.3,27.0,85,9.9,19.63,10.1
BBSR-05,Bhubaneswar Zone 05,20.302,85.866,2025-06-10,29.0,33.3,25.8,83,12.6,22.07,7.4
BBSR-05,Bhubaneswar Zone 05,20.302,85.866,2025-06-11,29.1,32.3,26.5,81,16.1,21.33,3.2
BBSR-05,Bhubaneswar Zone 05,20.302,85.866,2025-06-12,28.5,31.4,26.6,84,14.9,15.6,10.9
BBSR-05,Bhubaneswar Zone 05,20.302,85.866,2025-06-13,29.4,32.9,26.8,82,10.6,19.63,2.1
BBSR-05,Bhubaneswar Zone 05,20.302,85.866,2025-06-14,30.2,33.9,27.1,79,17.1,22.42,0.8
BBSR-05,Bhubaneswar Zone 05,20.302,85.866,2025-06-15,28.8,31.9,26.3,86,13.9,15.4,7.1
BBSR-05,Bhubaneswar Zone 05,20.302,85.866,2025-06-16,27.1,28.6,25.8,94,9.9,6.5,18.9
BBSR-05,Bhubaneswar Zone 05,20.302,85.866,2025-06-17,28.1,30.9,26.6,88,15.7,11.28,10.4
BBSR-05,Bhubaneswar Zone 05,20.302,85.866,2025-06-18,27.7,30.2,25.5,88,19.7,8.94,11.9
BBSR-05,Bhubaneswar Zone 05,20.302,85.866,2025-06-19,28.4,30.8,26.4,82,20.9,9.66,1.3
BBSR-05,Bhubaneswar Zone 05,20.302,85.866,2025-06-20,29.7,32.8,27.1,80,16.2,14.65,0.5
BBSR-05,Bhubaneswar Zone 05,20.302,85.866,2025-06-21,30.7,35.0,27.7,76,12.5,21.64,1.0
BBSR-05,Bhubaneswar Zone 05,20.302,85.866,2025-06-22,29.8,34.1,26.9,80,11.1,17.68,3.5
BBSR-05,Bhubaneswar Zone 05,20.302,85.866,2025-06-23,27.7,30.0,26.3,87,10.4,9.85,19.3
BBSR-05,Bhubaneswar Zone 05,20.302,85.866,2025-06-24,28.2,32.0,26.3,85,15.1,17.84,18.0
BBSR-05,Bhubaneswar Zone 05,20.302,85.866,2025-06-25,27.2,29.1,25.6,92,14.0,9.87,31.3
BBSR-05,Bhubaneswar Zone 05,20.302,85.866,2025-06-26,27.6,32.0,25.2,88,17.8,15.4,18.4
BBSR-05,Bhubaneswar Zone 05,20.302,85.866,2025-06-27,27.8,30.6,25.4,89,17.0,8.99,21.0
BBSR-05,Bhubaneswar Zone 05,20.302,85.866,2025-06-28,28.1,30.1,26.7,84,18.4,10.93,7.5
BBSR-05,Bhubaneswar Zone 05,20.302,85.866,2025-06-29,27.6,30.2,25.3,79,19.9,10.4,5.7
BBSR-05,Bhubaneswar Zone 05,20.302,85.866,2025-06-30,27.0,29.7,25.5,85,17.9,12.62,13.2
BBSR-05,Bhubaneswar Zone 05,20.302,85.866,2025-07-01,26.9,30.7,24.7,89,18.1,14.19,29.0
BBSR-05,Bhubaneswar Zone 05,20.302,85.866,2025-07-02,27.2,31.0,25.5,90,12.7,15.36,13.0
BBSR-05,Bhubaneswar Zone 05,20.302,85.866,2025-07-03,27.5,32.2,24.7,88,15.3,16.04,17.6
BBSR-05,Bhubaneswar Zone 05,20.302,85.866,2025-07-04,27.3,29.7,25.7,91,15.3,12.05,17.1
BBSR-05,Bhubaneswar Zone 05,20.302,85.866,2025-07-05,27.0,29.5,25.6,91,16.6,8.85,16.5
BBSR-05,Bhubaneswar Zone 05,20.302,85.866,2025-07-06,27.0,32.1,25.2,89,18.1,15.89,24.7
BBSR-05,Bhubaneswar Zone 05,20.302,85.866,2025-07-07,27.4,31.4,25.4,87,18.0,12.54,10.3
BBSR-05,Bhubaneswar Zone 05,20.302,85.866,2025-07-08,27.8,31.6,25.9,80,17.1,15.12,4.9
BBSR-05,Bhubaneswar Zone 05,20.302,85.866,2025-07-09,28.1,31.2,25.5,77,19.5,16.19,0.6
BBSR-05,Bhubaneswar Zone 05,20.302,85.866,2025-07-10,28.5,32.1,25.8,80,14.5,20.13,5.6
BBSR-05,Bhubaneswar Zone 05,20.302,85.866,2025-07-11,28.5,32.2,25.9,86,12.4,19.28,9.0
BBSR-05,Bhubaneswar Zone 05,20.302,85.866,2025-07-12,29.5,33.8,26.8,82,14.6,19.38,11.4
BBSR-05,Bhubaneswar Zone 05,20.302,85.866,2025-07-13,28.4,32.3,26.2,86,12.6,13.14,21.7
BBSR-05,Bhubaneswar Zone 05,20.302,85.866,2025-07-14,27.4,30.3,26.1,92,14.8,9.91,21.3
BBSR-05,Bhubaneswar Zone 05,20.302,85.866,2025-07-15,29.0,33.3,25.2,84,15.5,20.03,9.5
BBSR-05,Bhubaneswar Zone 05,20.302,85.866,2025-07-16,28.7,30.8,27.2,90,13.5,14.49,16.4
BBSR-05,Bhubaneswar Zone 05,20.302,85.866,2025-07-17,29.1,32.2,26.7,85,17.6,21.29,5.8
BBSR-05,Bhubaneswar Zone 05,20.302,85.866,2025-07-18,29.3,32.3,26.4,84,10.6,20.21,3.1
BBSR-05,Bhubaneswar Zone 05,20.302,85.866,2025-07-19,29.3,33.1,26.9,86,11.2,22.82,10.6
BBSR-05,Bhubaneswar Zone 05,20.302,85.866,2025-07-20,28.8,33.1,26.5,86,9.9,22.02,3.0
BBSR-05,Bhubaneswar Zone 05,20.302,85.866,2025-07-21,28.7,32.3,25.9,85,12.4,20.95,5.2
BBSR-05,Bhubaneswar Zone 05,20.302,85.866,2025-07-22,28.9,32.5,25.9,85,13.1,20.91,1.8
BBSR-05,Bhubaneswar Zone 05,20.302,85.866,2025-07-23,28.6,32.9,26.1,87,11.2,20.62,10.4
BBSR-05,Bhubaneswar Zone 05,20.302,85.866,2025-07-24,27.9,32.1,26.0,87,20.9,12.83,16.1
BBSR-05,Bhubaneswar Zone 05,20.302,85.866,2025-07-25,26.6,27.6,25.2,95,16.0,3.68,26.3
BBSR-05,Bhubaneswar Zone 05,20.302,85.866,2025-07-26,28.6,32.2,26.0,83,23.9,19.61,3.7
BBSR-05,Bhubaneswar Zone 05,20.302,85.866,2025-07-27,29.3,33.3,26.5,81,17.2,22.25,0.8
BBSR-05,Bhubaneswar Zone 05,20.302,85.866,2025-07-28,29.1,31.9,26.7,80,17.5,16.59,0.1
BBSR-05,Bhubaneswar Zone 05,20.302,85.866,2025-07-29,27.3,29.2,26.1,89,19.0,9.51,16.3
BBSR-05,Bhubaneswar Zone 05,20.302,85.866,2025-07-30,27.8,31.6,25.3,87,16.5,14.5,10.3
BBSR-05,Bhubaneswar Zone 05,20.302,85.866,2025-07-31,28.7,32.8,26.2,84,13.9,16.55,1.4
BBSR-05,Bhubaneswar Zone 05,20.302,85.866,2025-08-01,29.7,33.4,26.4,78,17.6,22.22,1.0
BBSR-05,Bhubaneswar Zone 05,20.302,85.866,2025-08-02,29.8,34.1,25.8,79,14.5,23.52,6.1
BBSR-05,Bhubaneswar Zone 05,20.302,85.866,2025-08-03,28.6,31.1,25.9,87,16.6,15.81,15.3
BBSR-05,Bhubaneswar Zone 05,20.302,85.866,2025-08-04,29.6,32.7,26.8,83,15.3,18.49,1.1
BBSR-05,Bhubaneswar Zone 05,20.302,85.866,2025-08-05,29.6,33.1,27.3,83,13.7,21.53,4.2
BBSR-05,Bhubaneswar Zone 05,20.302,85.866,2025-08-06,28.8,33.7,26.4,86,15.4,15.97,6.8
BBSR-05,Bhubaneswar Zone 05,20.302,85.866,2025-08-07,28.4,31.9,26.4,87,12.4,15.54,19.3
BBSR-05,Bhubaneswar Zone 05,20.302,85.866,2025-08-08,27.0,30.0,24.9,88,19.2,10.1,10.5
BBSR-05,Bhubaneswar Zone 05,20.302,85.866,2025-08-09,27.9,32.0,24.4,87,13.5,18.83,4.9
BBSR-05,Bhubaneswar Zone 05,20.302,85.866,2025-08-10,28.8,32.5,25.6,83,16.1,23.38,5.7
BBSR-05,Bhubaneswar Zone 05,20.302,85.866,2025-08-11,28.8,33.0,25.9,86,9.9,21.77,5.8
BBSR-05,Bhubaneswar Zone 05,20.302,85.866,2025-08-12,29.1,33.1,25.8,83,11.5,21.71,9.2
BBSR-05,Bhubaneswar Zone 05,20.302,85.866,2025-08-13,28.4,32.1,26.1,83,15.5,20.05,11.0
BBSR-05,Bhubaneswar Zone 05,20.302,85.866,2025-08-14,27.7,30.7,25.0,85,13.1,15.81,4.6
BBSR-05,Bhubaneswar Zone 05,20.302,85.866,2025-08-15,27.9,32.0,25.4,86,13.6,17.96,4.7
BBSR-05,Bhubaneswar Zone 05,20.302,85.866,2025-08-16,28.0,31.8,25.2,84,18.6,20.72,6.4
BBSR-05,Bhubaneswar Zone 05,20.302,85.866,2025-08-17,27.5,30.7,25.4,86,22.2,17.73,24.2
BBSR-05,Bhubaneswar Zone 05,20.302,85.866,2025-08-18,27.0,30.2,24.9,87,25.1,16.36,7.8
BBSR-05,Bhubaneswar Zone 05,20.302,85.866,2025-08-19,27.5,29.8,25.4,87,17.3,14.49,6.6
BBSR-05,Bhubaneswar Zone 05,20.302,85.866,2025-08-20,28.4,31.6,25.3,84,16.7,17.4,1.1
BBSR-05,Bhubaneswar Zone 05,20.302,85.866,2025-08-21,27.6,29.4,26.0,89,16.7,10.43,6.1
BBSR-05,Bhubaneswar Zone 05,20.302,85.866,2025-08-22,26.4,28.0,25.2,94,16.7,6.0,38.0
BBSR-05,Bhubaneswar Zone 05,20.302,85.866,2025-08-23,27.5,30.4,25.3,87,20.0,12.91,15.8
BBSR-05,Bhubaneswar Zone 05,20.302,85.866,2025-08-24,27.4,29.2,25.9,84,17.2,12.5,0.9
BBSR-05,Bhubaneswar Zone 05,20.302,85.866,2025-08-25,26.4,29.2,25.3,92,9.6,9.23,22.4
BBSR-05,Bhubaneswar Zone 05,20.302,85.866,2025-08-26,27.4,31.7,24.6,86,15.3,21.77,20.7
BBSR-05,Bhubaneswar Zone 05,20.302,85.866,2025-08-27,26.8,29.9,24.8,89,15.4,12.96,24.7
BBSR-05,Bhubaneswar Zone 05,20.302,85.866,2025-08-28,27.6,30.7,24.6,85,20.3,19.62,11.9
BBSR-05,Bhubaneswar Zone 05,20.302,85.866,2025-08-29,28.3,30.8,25.8,82,20.6,16.62,3.6
BBSR-05,Bhubaneswar Zone 05,20.302,85.866,2025-08-30,27.7,29.6,25.9,87,15.2,13.62,12.6
BBSR-05,Bhubaneswar Zone 05,20.302,85.866,2025-08-31,27.1,31.7,25.2,91,9.0,17.82,9.9
BBSR-05,Bhubaneswar Zone 05,20.302,85.866,2025-09-01,27.9,31.9,25.0,88,12.9,19.32,1.3
BBSR-05,Bhubaneswar Zone 05,20.302,85.866,2025-09-02,26.4,29.8,24.4,92,10.0,10.24,30.7
BBSR-05,Bhubaneswar Zone 05,20.302,85.866,2025-09-03,25.5,26.4,24.8,96,17.5,4.0,80.7
BBSR-05,Bhubaneswar Zone 05,20.302,85.866,2025-09-04,27.4,30.9,25.2,91,8.4,15.49,8.9
BBSR-05,Bhubaneswar Zone 05,20.302,85.866,2025-09-05,27.6,30.1,25.2,90,11.0,12.97,12.4
BBSR-05,Bhubaneswar Zone 05,20.302,85.866,2025-09-06,27.1,30.4,25.1,92,8.3,13.13,9.8
BBSR-05,Bhubaneswar Zone 05,20.302,85.866,2025-09-07,27.5,31.8,24.8,88,14.6,20.9,5.5
BBSR-05,Bhubaneswar Zone 05,20.302,85.866,2025-09-08,28.0,31.9,24.8,87,13.2,20.85,3.8
BBSR-05,Bhubaneswar Zone 05,20.302,85.866,2025-09-09,28.5,32.1,24.8,86,12.0,21.36,1.3
BBSR-05,Bhubaneswar Zone 05,20.302,85.866,2025-09-10,28.7,33.2,25.6,86,14.1,20.72,6.7
BBSR-05,Bhubaneswar Zone 05,20.302,85.866,2025-09-11,28.2,30.9,25.7,89,14.8,18.23,5.6
BBSR-05,Bhubaneswar Zone 05,20.302,85.866,2025-09-12,27.5,31.5,25.3,88,16.3,18.41,4.9
BBSR-05,Bhubaneswar Zone 05,20.302,85.866,2025-09-13,27.6,30.6,25.5,88,13.1,15.16,13.5
BBSR-05,Bhubaneswar Zone 05,20.302,85.866,2025-09-14,27.7,30.7,25.7,87,12.9,14.36,10.0
BBSR-05,Bhubaneswar Zone 05,20.302,85.866,2025-09-15,27.7,31.1,25.4,87,13.5,14.76,7.5
BBSR-05,Bhubaneswar Zone 05,20.302,85.866,2025-09-16,26.9,29.9,25.3,91,14.7,11.83,17.3
BBSR-05,Bhubaneswar Zone 05,20.302,85.866,2025-09-17,28.3,32.4,25.9,83,14.8,19.51,5.6
BBSR-05,Bhubaneswar Zone 05,20.302,85.866,2025-09-18,29.0,33.2,25.7,80,11.8,21.88,0.3
BBSR-05,Bhubaneswar Zone 05,20.302,85.866,2025-09-19,29.3,33.4,26.2,83,10.2,20.26,0.5
BBSR-05,Bhubaneswar Zone 05,20.302,85.866,2025-09-20,28.6,33.3,25.8,86,10.7,16.44,8.1
BBSR-05,Bhubaneswar Zone 05,20.302,85.866,2025-09-21,27.9,33.3,25.7,88,13.5,17.95,9.7
BBSR-05,Bhubaneswar Zone 05,20.302,85.866,2025-09-22,27.6,32.7,25.1,89,15.4,16.64,7.4
BBSR-05,Bhubaneswar Zone 05,20.302,85.866,2025-09-23,26.6,30.0,25.3,92,15.4,12.53,22.6
BBSR-05,Bhubaneswar Zone 05,20.302,85.866,2025-09-24,26.9,30.4,24.7,89,7.6,14.16,5.8
BBSR-05,Bhubaneswar Zone 05,20.302,85.866,2025-09-25,27.3,32.0,25.0,90,15.9,18.77,12.4
BBSR-05,Bhubaneswar Zone 05,20.302,85.866,2025-09-26,26.1,27.5,25.0,94,17.5,6.84,21.5
BBSR-05,Bhubaneswar Zone 05,20.302,85.866,2025-09-27,26.8,29.5,25.0,90,18.1,12.58,8.4
BBSR-05,Bhubaneswar Zone 05,20.302,85.866,2025-09-28,27.1,30.2,24.8,89,17.2,14.49,8.9
BBSR-05,Bhubaneswar Zone 05,20.302,85.866,2025-09-29,27.1,31.9,24.9,89,14.4,16.94,8.1
BBSR-05,Bhubaneswar Zone 05,20.302,85.866,2025-09-30,28.3,32.4,24.9,85,8.6,20.65,0.7
BBSR-05,Bhubaneswar Zone 05,20.302,85.866,2025-10-01,28.2,33.4,25.4,84,19.9,19.62,2.9
BBSR-05,Bhubaneswar Zone 05,20.302,85.866,2025-10-02,26.5,29.9,24.6,90,26.8,9.81,41.1
BBSR-05,Bhubaneswar Zone 05,20.302,85.866,2025-10-03,28.5,31.2,26.0,83,25.2,17.24,2.7
BBSR-05,Bhubaneswar Zone 05,20.302,85.866,2025-10-04,28.1,31.8,25.0,87,18.6,17.28,4.2
BBSR-05,Bhubaneswar Zone 05,20.302,85.866,2025-10-05,26.8,29.1,25.0,92,14.5,13.89,8.9
BBSR-05,Bhubaneswar Zone 05,20.302,85.866,2025-10-06,26.4,31.0,24.3,89,10.8,14.82,17.6
BBSR-05,Bhubaneswar Zone 05,20.302,85.866,2025-10-07,26.9,31.1,25.1,91,10.0,14.54,4.1
BBSR-05,Bhubaneswar Zone 05,20.302,85.866,2025-10-08,26.4,30.0,24.6,91,7.4,13.67,5.1
BBSR-05,Bhubaneswar Zone 05,20.302,85.866,2025-10-09,26.9,31.4,24.9,89,10.2,17.22,11.4
BBSR-05,Bhubaneswar Zone 05,20.302,85.866,2025-10-10,26.9,31.6,24.9,87,10.8,18.41,3.5
BBSR-05,Bhubaneswar Zone 05,20.302,85.866,2025-10-11,27.1,30.7,24.8,85,13.2,18.29,1.4
BBSR-05,Bhubaneswar Zone 05,20.302,85.866,2025-10-12,27.2,31.0,24.3,81,17.4,18.66,0.8
BBSR-05,Bhubaneswar Zone 05,20.302,85.866,2025-10-13,26.2,30.9,24.1,86,15.7,15.39,7.1
BBSR-05,Bhubaneswar Zone 05,20.302,85.866,2025-10-14,27.4,31.7,24.2,77,12.4,19.81,0.2
BBSR-05,Bhubaneswar Zone 05,20.302,85.866,2025-10-15,27.4,31.8,24.1,75,13.2,20.94,0.0
BBSR-05,Bhubaneswar Zone 05,20.302,85.866,2025-10-16,27.3,31.8,24.0,77,8.9,20.28,0.0
BBSR-05,Bhubaneswar Zone 05,20.302,85.866,2025-10-17,27.0,31.5,22.9,74,11.5,20.69,0.0
BBSR-05,Bhubaneswar Zone 05,20.302,85.866,2025-10-18,26.8,31.5,23.9,80,12.6,18.93,1.5
BBSR-05,Bhubaneswar Zone 05,20.302,85.866,2025-10-19,26.4,29.9,24.0,87,16.8,15.83,6.7
BBSR-05,Bhubaneswar Zone 05,20.302,85.866,2025-10-20,26.7,31.2,24.9,88,12.1,15.17,6.3
BBSR-05,Bhubaneswar Zone 05,20.302,85.866,2025-10-21,27.7,32.0,24.4,80,19.4,18.4,1.1
BBSR-05,Bhubaneswar Zone 05,20.302,85.866,2025-10-22,27.8,31.9,24.5,78,17.1,17.99,0.5
BBSR-05,Bhubaneswar Zone 05,20.302,85.866,2025-10-23,27.7,32.2,24.5,80,12.7,18.13,0.8
BBSR-05,Bhubaneswar Zone 05,20.302,85.866,2025-10-24,27.3,32.5,24.4,81,12.7,18.43,0.1
BBSR-05,Bhubaneswar Zone 05,20.302,85.866,2025-10-25,26.8,31.9,23.9,85,14.8,16.96,2.6
BBSR-05,Bhubaneswar Zone 05,20.302,85.866,2025-10-26,27.8,32.1,24.7,79,12.5,17.86,0.1
BBSR-05,Bhubaneswar Zone 05,20.302,85.866,2025-10-27,27.2,31.0,24.7,82,16.2,16.64,8.7
BBSR-05,Bhubaneswar Zone 05,20.302,85.866,2025-10-28,25.7,29.7,23.6,90,21.5,11.47,20.7
BBSR-05,Bhubaneswar Zone 05,20.302,85.866,2025-10-29,26.0,28.7,24.4,91,19.6,12.37,19.1
BBSR-05,Bhubaneswar Zone 05,20.302,85.866,2025-10-30,26.4,29.7,24.3,88,17.5,14.77,6.5
BBSR-05,Bhubaneswar Zone 05,20.302,85.866,2025-10-31,27.8,31.5,24.9,82,14.8,17.34,0.3
BBSR-05,Bhubaneswar Zone 05,20.302,85.866,2025-11-01,27.7,31.9,25.5,85,13.2,16.02,10.0
BBSR-05,Bhubaneswar Zone 05,20.302,85.866,2025-11-02,27.5,31.1,24.4,84,11.3,16.37,0.5
BBSR-05,Bhubaneswar Zone 05,20.302,85.866,2025-11-03,26.6,30.7,23.4,78,9.0,17.04,0.2
BBSR-05,Bhubaneswar Zone 05,20.302,85.866,2025-11-04,25.7,30.9,21.4,65,12.8,17.11,0.0
BBSR-05,Bhubaneswar Zone 05,20.302,85.866,2025-11-05,24.8,30.7,20.0,64,10.1,19.16,0.0
BBSR-05,Bhubaneswar Zone 05,20.302,85.866,2025-11-06,25.8,31.7,21.3,67,8.2,18.69,0.0
BBSR-05,Bhubaneswar Zone 05,20.302,85.866,2025-11-07,26.0,31.2,21.7,70,13.3,18.48,0.0
BBSR-05,Bhubaneswar Zone 05,20.302,85.866,2025-11-08,25.2,30.3,21.3,66,13.5,18.66,0.0
BBSR-05,Bhubaneswar Zone 05,20.302,85.866,2025-11-09,23.8,29.4,19.5,65,8.8,18.75,0.0
BBSR-05,Bhubaneswar Zone 05,20.302,85.866,2025-11-10,23.7,29.3,18.8,61,11.1,18.78,0.0
BBSR-05,Bhubaneswar Zone 05,20.302,85.866,2025-11-11,23.8,29.7,18.7,60,9.0,18.61,0.0
BBSR-05,Bhubaneswar Zone 05,20.302,85.866,2025-11-12,23.1,28.6,18.2,59,10.5,18.6,0.0
BBSR-05,Bhubaneswar Zone 05,20.302,85.866,2025-11-13,22.9,28.5,17.6,59,11.3,18.58,0.0
BBSR-05,Bhubaneswar Zone 05,20.302,85.866,2025-11-14,22.9,28.5,17.9,60,11.0,18.43,0.0
BBSR-05,Bhubaneswar Zone 05,20.302,85.866,2025-11-15,22.4,28.1,18.1,59,14.8,18.4,0.0
BBSR-05,Bhubaneswar Zone 05,20.302,85.866,2025-11-16,22.1,28.1,17.6,56,14.7,18.42,0.0
BBSR-05,Bhubaneswar Zone 05,20.302,85.866,2025-11-17,22.0,27.6,17.5,58,13.1,18.22,0.0
BBSR-05,Bhubaneswar Zone 05,20.302,85.866,2025-11-18,22.6,28.2,17.6,61,10.1,17.96,0.0
BBSR-05,Bhubaneswar Zone 05,20.302,85.866,2025-11-19,23.6,29.7,18.0,63,9.7,17.43,0.0
BBSR-05,Bhubaneswar Zone 05,20.302,85.866,2025-11-20,25.5,30.3,22.0,60,13.7,16.58,0.0
BBSR-05,Bhubaneswar Zone 05,20.302,85.866,2025-11-21,25.3,30.8,20.7,67,13.0,17.01,0.0
BBSR-05,Bhubaneswar Zone 05,20.302,85.866,2025-11-22,25.2,30.9,20.3,73,9.6,16.24,0.0
BBSR-05,Bhubaneswar Zone 05,20.302,85.866,2025-11-23,25.2,30.7,20.9,74,8.3,15.29,0.0
BBSR-05,Bhubaneswar Zone 05,20.302,85.866,2025-11-24,24.1,29.0,20.5,71,11.4,16.24,0.0
BBSR-05,Bhubaneswar Zone 05,20.302,85.866,2025-11-25,22.9,28.0,19.3,67,13.5,16.73,0.0
BBSR-05,Bhubaneswar Zone 05,20.302,85.866,2025-11-26,21.8,27.2,18.0,63,15.8,16.89,0.0
BBSR-05,Bhubaneswar Zone 05,20.302,85.866,2025-11-27,21.3,26.7,16.6,59,13.9,17.13,0.0
BBSR-05,Bhubaneswar Zone 05,20.302,85.866,2025-11-28,22.2,28.2,17.1,67,11.2,16.09,0.0
BBSR-05,Bhubaneswar Zone 05,20.302,85.866,2025-11-29,23.3,29.0,18.7,68,10.0,15.49,0.0
BBSR-05,Bhubaneswar Zone 05,20.302,85.866,2025-11-30,23.2,28.3,19.2,65,10.5,15.62,0.0
BBSR-05,Bhubaneswar Zone 05,20.302,85.866,2025-12-01,22.1,25.7,18.4,66,11.1,7.17,0.1
BBSR-05,Bhubaneswar Zone 05,20.302,85.866,2025-12-02,23.7,28.4,20.3,69,10.9,12.89,0.0
BBSR-05,Bhubaneswar Zone 05,20.302,85.866,2025-12-03,23.3,28.3,18.9,69,10.3,14.82,0.0
BBSR-05,Bhubaneswar Zone 05,20.302,85.866,2025-12-04,22.5,27.7,18.4,64,14.3,16.16,0.0
BBSR-05,Bhubaneswar Zone 05,20.302,85.866,2025-12-05,21.7,27.2,17.3,58,15.7,16.41,0.0
BBSR-05,Bhubaneswar Zone 05,20.302,85.866,2025-12-06,20.8,26.7,16.3,58,11.7,16.33,0.0
BBSR-05,Bhubaneswar Zone 05,20.302,85.866,2025-12-07,20.7,26.6,15.9,57,10.1,16.13,0.0
BBSR-05,Bhubaneswar Zone 05,20.302,85.866,2025-12-08,21.0,27.0,15.5,60,8.7,15.94,0.0
BBSR-05,Bhubaneswar Zone 05,20.302,85.866,2025-12-09,21.2,27.1,16.1,62,11.5,15.81,0.0
BBSR-05,Bhubaneswar Zone 05,20.302,85.866,2025-12-10,21.0,26.9,16.2,64,11.7,15.99,0.0
BBSR-05,Bhubaneswar Zone 05,20.302,85.866,2025-12-11,20.7,27.0,15.2,57,8.6,16.4,0.0
BBSR-05,Bhubaneswar Zone 05,20.302,85.866,2025-12-12,20.6,27.0,15.2,62,6.6,16.21,0.0
BBSR-05,Bhubaneswar Zone 05,20.302,85.866,2025-12-13,21.0,26.9,15.7,65,10.2,15.97,0.0
BBSR-05,Bhubaneswar Zone 05,20.302,85.866,2025-12-14,20.9,26.8,16.2,65,10.5,15.88,0.0
BBSR-05,Bhubaneswar Zone 05,20.302,85.866,2025-12-15,21.2,27.4,16.1,68,7.9,15.85,0.0
BBSR-05,Bhubaneswar Zone 05,20.302,85.866,2025-12-16,21.3,27.5,16.1,72,7.2,15.67,0.0
BBSR-05,Bhubaneswar Zone 05,20.302,85.866,2025-12-17,21.1,27.2,16.3,72,8.4,15.84,0.0
BBSR-05,Bhubaneswar Zone 05,20.302,85.866,2025-12-18,21.0,26.7,16.0,65,8.8,15.68,0.0
BBSR-05,Bhubaneswar Zone 05,20.302,85.866,2025-12-19,20.9,26.8,15.8,64,7.1,15.76,0.0
BBSR-05,Bhubaneswar Zone 05,20.302,85.866,2025-12-20,20.9,26.3,16.3,67,8.3,15.43,0.0
BBSR-05,Bhubaneswar Zone 05,20.302,85.866,2025-12-21,20.4,26.4,15.6,67,9.9,15.36,0.0
BBSR-05,Bhubaneswar Zone 05,20.302,85.866,2025-12-22,20.1,25.9,15.4,69,11.5,15.7,0.0
BBSR-05,Bhubaneswar Zone 05,20.302,85.866,2025-12-23,20.4,26.5,15.3,73,8.2,15.67,0.0
BBSR-05,Bhubaneswar Zone 05,20.302,85.866,2025-12-24,20.7,27.4,14.7,76,6.9,14.71,0.0
BBSR-05,Bhubaneswar Zone 05,20.302,85.866,2025-12-25,20.0,25.9,16.1,76,11.8,15.43,0.0
BBSR-05,Bhubaneswar Zone 05,20.302,85.866,2025-12-26,19.3,25.0,15.2,76,10.7,15.79,0.0
BBSR-05,Bhubaneswar Zone 05,20.302,85.866,2025-12-27,19.4,25.5,14.6,74,9.6,15.83,0.0
BBSR-05,Bhubaneswar Zone 05,20.302,85.866,2025-12-28,19.5,25.6,14.4,72,8.6,16.03,0.0
BBSR-05,Bhubaneswar Zone 05,20.302,85.866,2025-12-29,19.3,25.4,14.8,75,9.7,16.06,0.0
BBSR-05,Bhubaneswar Zone 05,20.302,85.866,2025-12-30,18.8,25.3,14.0,79,10.4,16.02,0.0
BBSR-05,Bhubaneswar Zone 05,20.302,85.866,2025-12-31,18.7,24.9,14.6,84,10.2,14.24,0.0
BBSR-06,Bhubaneswar Zone 06,20.27,85.839,2024-01-01,20.9,26.6,16.0,75,9.7,15.86,0.0
BBSR-06,Bhubaneswar Zone 06,20.27,85.839,2024-01-02,20.6,26.9,15.5,79,9.9,15.41,0.0
BBSR-06,Bhubaneswar Zone 06,20.27,85.839,2024-01-03,20.4,26.6,15.3,72,12.0,16.09,0.0
BBSR-06,Bhubaneswar Zone 06,20.27,85.839,2024-01-04,20.2,27.4,14.1,73,10.7,16.14,0.0
BBSR-06,Bhubaneswar Zone 06,20.27,85.839,2024-01-05,20.7,27.9,14.6,73,11.0,16.23,0.0
BBSR-06,Bhubaneswar Zone 06,20.27,85.839,2024-01-06,21.1,28.1,15.4,70,10.2,16.43,0.0
BBSR-06,Bhubaneswar Zone 06,20.27,85.839,2024-01-07,21.0,28.1,14.9,69,14.3,16.1,0.0
BBSR-06,Bhubaneswar Zone 06,20.27,85.839,2024-01-08,21.6,28.4,16.8,72,15.3,16.03,0.0
BBSR-06,Bhubaneswar Zone 06,20.27,85.839,2024-01-09,21.2,27.8,16.0,76,12.3,16.07,0.0
BBSR-06,Bhubaneswar Zone 06,20.27,85.839,2024-01-10,22.4,29.2,16.1,78,13.0,15.34,0.0
BBSR-06,Bhubaneswar Zone 06,20.27,85.839,2024-01-11,23.7,29.5,19.5,77,12.6,15.53,0.0
BBSR-06,Bhubaneswar Zone 06,20.27,85.839,2024-01-12,21.5,27.0,17.6,72,13.3,16.42,0.0
BBSR-06,Bhubaneswar Zone 06,20.27,85.839,2024-01-13,20.2,26.8,14.7,69,15.8,16.82,0.0
BBSR-06,Bhubaneswar Zone 06,20.27,85.839,2024-01-14,21.0,27.7,14.0,76,10.8,16.3,0.0
BBSR-06,Bhubaneswar Zone 06,20.27,85.839,2024-01-15,21.6,28.4,16.1,77,9.7,15.51,0.0
BBSR-06,Bhubaneswar Zone 06,20.27,85.839,2024-01-16,22.1,27.6,18.0,81,12.7,14.14,0.0
BBSR-06,Bhubaneswar Zone 06,20.27,85.839,2024-01-17,21.7,26.1,18.7,87,12.1,10.59,3.8
BBSR-06,Bhubaneswar Zone 06,20.27,85.839,2024-01-18,22.9,27.8,18.9,82,21.6,13.08,0.3
BBSR-06,Bhubaneswar Zone 06,20.27,85.839,2024-01-19,22.2,27.3,18.7,77,13.8,14.59,0.1
BBSR-06,Bhubaneswar Zone 06,20.27,85.839,2024-01-20,21.5,27.0,17.6,79,13.3,14.07,0.1
BBSR-06,Bhubaneswar Zone 06,20.27,85.839,2024-01-21,21.4,26.8,18.1,87,7.1,10.03,5.0
BBSR-06,Bhubaneswar Zone 06,20.27,85.839,2024-01-22,20.5,24.7,15.7,72,15.7,10.63,1.4
BBSR-06,Bhubaneswar Zone 06,20.27,85.839,2024-01-23,21.1,27.7,15.4,66,15.3,14.44,2.3
BBSR-06,Bhubaneswar Zone 06,20.27,85.839,2024-01-24,20.2,23.4,17.6,88,18.7,6.56,20.4
BBSR-06,Bhubaneswar Zone 06,20.27,85.839,2024-01-25,19.6,24.5,16.0,82,14.9,11.22,0.9
BBSR-06,Bhubaneswar Zone 06,20.27,85.839,2024-01-26,19.5,25.4,15.4,75,11.6,17.17,0.0
BBSR-06,Bhubaneswar Zone 06,20.27,85.839,2024-01-27,19.5,25.7,14.2,74,9.7,17.74,0.0
BBSR-06,Bhubaneswar Zone 06,20.27,85.839,2024-01-28,19.7,26.5,14.0,77,12.5,18.0,0.0
BBSR-06,Bhubaneswar Zone 06,20.27,85.839,2024-01-29,20.7,27.6,13.9,77,15.1,17.25,0.0
BBSR-06,Bhubaneswar Zone 06,20.27,85.839,2024-01-30,22.4,28.8,16.6,79,13.7,16.26,0.0
BBSR-06,Bhubaneswar Zone 06,20.27,85.839,2024-01-31,23.3,29.5,19.3,75,15.7,16.18,0.0
BBSR-06,Bhubaneswar Zone 06,20.27,85.839,2024-02-01,24.0,30.1,19.8,78,19.3,17.35,0.0
BBSR-06,Bhubaneswar Zone 06,20.27,85.839,2024-02-02,23.3,29.3,19.0,85,14.0,14.22,0.6
BBSR-06,Bhubaneswar Zone 06,20.27,85.839,2024-02-03,23.5,29.6,19.3,81,15.5,16.84,0.0
BBSR-06,Bhubaneswar Zone 06,20.27,85.839,2024-02-04,24.2,30.3,19.3,78,13.7,16.86,0.4
BBSR-06,Bhubaneswar Zone 06,20.27,85.839,2024-02-05,24.3,30.9,18.2,79,15.4,18.64,0.0
BBSR-06,Bhubaneswar Zone 06,20.27,85.839,2024-02-06,26.1,32.6,22.0,79,20.3,17.88,0.6
BBSR-06,Bhubaneswar Zone 06,20.27,85.839,2024-02-07,25.1,30.3,21.2,80,17.9,14.83,0.0
BBSR-06,Bhubaneswar Zone 06,20.27,85.839,2024-02-08,24.1,29.0,20.5,75,16.8,14.27,0.1
BBSR-06,Bhubaneswar Zone 06,20.27,85.839,2024-02-09,21.8,27.4,17.8,64,15.7,18.98,0.0
BBSR-06,Bhubaneswar Zone 06,20.27,85.839,2024-02-10,21.3,28.0,15.5,64,9.4,19.6,0.0
BBSR-06,Bhubaneswar Zone 06,20.27,85.839,2024-02-11,22.7,29.5,16.9,67,12.8,19.3,0.0
BBSR-06,Bhubaneswar Zone 06,20.27,85.839,2024-02-12,23.5,31.0,17.8,68,14.7,18.95,0.0
BBSR-06,Bhubaneswar Zone 06,20.27,85.839,2024-02-13,23.7,31.7,18.0,73,15.3,18.91,0.0
BBSR-06,Bhubaneswar Zone 06,20.27,85.839,2024-02-14,23.5,31.6,17.6,77,16.3,18.71,0.0
BBSR-06,Bhubaneswar Zone 06,20.27,85.839,2024-02-15,24.4,31.4,18.2,78,17.4,17.57,0.1
BBSR-06,Bhubaneswar Zone 06,20.27,85.839,2024-02-16,24.7,32.1,18.6,68,14.2,19.8,0.0
BBSR-06,Bhubaneswar Zone 06,20.27,85.839,2024-02-17,25.3,32.4,19.8,73,14.4,19.11,0.1
BBSR-06,Bhubaneswar Zone 06,20.27,85.839,2024-02-18,26.0,32.5,20.9,75,15.9,17.91,0.1
BBSR-06,Bhubaneswar Zone 06,20.27,85.839,2024-02-19,26.2,33.2,20.8,75,15.8,18.41,0.0
BBSR-06,Bhubaneswar Zone 06,20.27,85.839,2024-02-20,27.3,35.1,21.6,67,17.2,18.08,0.0
BBSR-06,Bhubaneswar Zone 06,20.27,85.839,2024-02-21,27.6,35.6,21.3,57,21.6,18.65,0.0
BBSR-06,Bhubaneswar Zone 06,20.27,85.839,2024-02-22,27.5,33.1,23.4,66,25.0,18.25,0.4
BBSR-06,Bhubaneswar Zone 06,20.27,85.839,2024-02-23,26.4,31.5,22.2,71,18.8,18.91,0.5
BBSR-06,Bhubaneswar Zone 06,20.27,85.839,2024-02-24,24.2,28.1,21.3,83,14.3,12.84,9.5
BBSR-06,Bhubaneswar Zone 06,20.27,85.839,2024-02-25,24.4,30.6,20.9,81,17.7,15.99,6.0
BBSR-06,Bhubaneswar Zone 06,20.27,85.839,2024-02-26,25.1,31.1,20.3,71,14.7,19.8,0.0
BBSR-06,Bhubaneswar Zone 06,20.27,85.839,2024-02-27,25.4,31.6,20.2,66,16.7,20.61,0.3
BBSR-06,Bhubaneswar Zone 06,20.27,85.839,2024-02-28,26.7,33.2,21.2,67,11.1,20.17,0.1
BBSR-06,Bhubaneswar Zone 06,20.27,85.839,2024-02-29,26.8,33.2,21.4,73,9.8,20.07,0.0
BBSR-06,Bhubaneswar Zone 06,20.27,85.839,2024-03-01,27.2,34.1,23.2,75,12.6,19.92,0.0
BBSR-06,Bhubaneswar Zone 06,20.27,85.839,2024-03-02,27.3,34.7,21.4,72,19.9,20.98,0.0
BBSR-06,Bhubaneswar Zone 06,20.27,85.839,2024-03-03,27.5,33.7,22.7,72,16.9,20.93,0.0
BBSR-06,Bhubaneswar Zone 06,20.27,85.839,2024-03-04,27.6,33.9,22.9,75,17.4,19.26,1.0
BBSR-06,Bhubaneswar Zone 06,20.27,85.839,2024-03-05,27.6,34.3,22.2,74,18.7,19.76,0.6
BBSR-06,Bhubaneswar Zone 06,20.27,85.839,2024-03-06,26.8,34.6,23.1,80,13.8,18.71,1.4
BBSR-06,Bhubaneswar Zone 06,20.27,85.839,2024-03-07,26.8,34.5,23.5,81,13.7,16.5,20.6
BBSR-06,Bhubaneswar Zone 06,20.27,85.839,2024-03-08,25.9,31.9,22.6,81,12.0,18.25,3.2
BBSR-06,Bhubaneswar Zone 06,20.27,85.839,2024-03-09,26.3,32.7,20.5,67,14.6,21.17,0.0
BBSR-06,Bhubaneswar Zone 06,20.27,85.839,2024-03-10,26.8,33.7,21.0,69,16.6,20.44,0.0
BBSR-06,Bhubaneswar Zone 06,20.27,85.839,2024-03-11,27.2,33.2,21.7,75,16.5,20.7,0.0
BBSR-06,Bhubaneswar Zone 06,20.27,85.839,2024-03-12,29.0,35.5,23.6,74,15.2,20.13,0.7
BBSR-06,Bhubaneswar Zone 06,20.27,85.839,2024-03-13,29.4,35.8,25.0,75,20.2,19.37,0.4
BBSR-06,Bhubaneswar Zone 06,20.27,85.839,2024-03-14,29.6,36.5,26.1,72,18.6,19.34,0.3
BBSR-06,Bhubaneswar Zone 06,20.27,85.839,2024-03-15,28.9,36.5,24.7,75,16.9,19.81,0.3
BBSR-06,Bhubaneswar Zone 06,20.27,85.839,2024-03-16,28.4,34.0,24.5,77,15.5,20.87,1.5
BBSR-06,Bhubaneswar Zone 06,20.27,85.839,2024-03-17,28.1,33.5,23.3,75,10.9,19.61,1.6
BBSR-06,Bhubaneswar Zone 06,20.27,85.839,2024-03-18,28.3,33.4,23.6,76,18.1,17.67,7.3
BBSR-06,Bhubaneswar Zone 06,20.27,85.839,2024-03-19,24.6,29.1,22.1,84,19.1,9.82,13.4
BBSR-06,Bhubaneswar Zone 06,20.27,85.839,2024-03-20,21.4,25.3,18.9,81,19.2,6.98,25.0
BBSR-06,Bhubaneswar Zone 06,20.27,85.839,2024-03-21,23.4,29.9,16.3,77,16.6,21.41,0.2
BBSR-06,Bhubaneswar Zone 06,20.27,85.839,2024-03-22,26.7,32.3,21.5,78,18.2,21.08,1.2
BBSR-06,Bhubaneswar Zone 06,20.27,85.839,2024-03-23,28.0,35.5,21.2,73,17.9,23.01,0.0
BBSR-06,Bhubaneswar Zone 06,20.27,85.839,2024-03-24,28.6,34.9,23.9,75,20.6,22.5,0.4
BBSR-06,Bhubaneswar Zone 06,20.27,85.839,2024-03-25,29.1,35.8,24.2,67,16.8,21.26,0.0
BBSR-06,Bhubaneswar Zone 06,20.27,85.839,2024-03-26,29.0,35.5,23.9,59,21.1,22.41,0.0
BBSR-06,Bhubaneswar Zone 06,20.27,85.839,2024-03-27,29.6,36.3,24.2,63,18.1,23.13,0.0
BBSR-06,Bhubaneswar Zone 06,20.27,85.839,2024-03-28,29.7,37.3,23.8,71,18.8,22.54,0.0
BBSR-06,Bhubaneswar Zone 06,20.27,85.839,2024-03-29,30.1,37.6,23.6,69,19.8,22.84,0.1
BBSR-06,Bhubaneswar Zone 06,20.27,85.839,2024-03-30,30.6,37.7,24.8,65,19.5,21.66,1.0
BBSR-06,Bhubaneswar Zone 06,20.27,85.839,2024-03-31,30.2,36.5,24.5,66,18.6,20.75,0.0
BBSR-06,Bhubaneswar Zone 06,20.27,85.839,2024-04-01,30.9,37.9,25.1,61,19.3,22.75,0.2
BBSR-06,Bhubaneswar Zone 06,20.27,85.839,2024-04-02,30.9,37.9,26.0,70,19.2,23.4,0.0
BBSR-06,Bhubaneswar Zone 06,20.27,85.839,2024-04-03,30.7,37.0,25.1,74,16.9,23.23,0.0
BBSR-06,Bhubaneswar Zone 06,20.27,85.839,2024-04-04,30.9,37.2,25.7,75,16.8,21.57,0.0
BBSR-06,Bhubaneswar Zone 06,20.27,85.839,2024-04-05,32.2,41.2,25.9,66,19.5,23.13,0.0
BBSR-06,Bhubaneswar Zone 06,20.27,85.839,2024-04-06,31.6,39.5,25.7,70,19.1,23.0,0.0
BBSR-06,Bhubaneswar Zone 06,20.27,85.839,2024-04-07,30.1,38.1,25.0,74,15.9,20.94,16.7
BBSR-06,Bhubaneswar Zone 06,20.27,85.839,2024-04-08,27.6,33.1,24.3,65,25.3,23.52,0.0
BBSR-06,Bhubaneswar Zone 06,20.27,85.839,2024-04-09,29.0,36.0,24.2,55,25.0,22.19,0.0
BBSR-06,Bhubaneswar Zone 06,20.27,85.839,2024-04-10,29.1,36.1,22.9,59,8.9,21.73,0.1
BBSR-06,Bhubaneswar Zone 06,20.27,85.839,2024-04-11,26.2,28.9,22.6,72,25.8,12.17,0.1
BBSR-06,Bhubaneswar Zone 06,20.27,85.839,2024-04-12,27.3,33.3,22.1,67,14.9,17.7,0.0
BBSR-06,Bhubaneswar Zone 06,20.27,85.839,2024-04-13,29.4,36.3,22.5,57,11.6,23.49,0.0
BBSR-06,Bhubaneswar Zone 06,20.27,85.839,2024-04-14,30.6,37.3,24.0,59,11.5,23.8,0.0
BBSR-06,Bhubaneswar Zone 06,20.27,85.839,2024-04-15,31.5,38.8,25.0,58,16.7,24.28,0.0
BBSR-06,Bhubaneswar Zone 06,20.27,85.839,2024-04-16,32.8,39.9,26.2,59,15.2,24.0,0.0
BBSR-06,Bhubaneswar Zone 06,20.27,85.839,2024-04-17,33.5,40.9,27.0,55,15.8,23.81,0.0
BBSR-06,Bhubaneswar Zone 06,20.27,85.839,2024-04-18,33.1,41.2,26.9,54,16.6,25.55,0.0
BBSR-06,Bhubaneswar Zone 06,20.27,85.839,2024-04-19,32.1,41.4,24.2,61,21.6,25.79,0.0
BBSR-06,Bhubaneswar Zone 06,20.27,85.839,2024-04-20,32.3,39.3,26.5,69,20.3,23.8,0.0
BBSR-06,Bhubaneswar Zone 06,20.27,85.839,2024-04-21,33.2,41.0,26.3,65,20.4,23.27,0.1
BBSR-06,Bhubaneswar Zone 06,20.27,85.839,2024-04-22,33.6,39.9,27.6,50,23.6,22.32,1.0
BBSR-06,Bhubaneswar Zone 06,20.27,85.839,2024-04-23,32.8,39.5,26.9,43,17.8,24.58,0.0
BBSR-06,Bhubaneswar Zone 06,20.27,85.839,2024-04-24,32.2,40.0,27.0,56,28.9,23.14,1.0
BBSR-06,Bhubaneswar Zone 06,20.27,85.839,2024-04-25,32.8,41.3,25.7,58,17.7,23.72,0.0
BBSR-06,Bhubaneswar Zone 06,20.27,85.839,2024-04-26,32.7,40.3,27.2,68,19.3,24.34,1.7
BBSR-06,Bhubaneswar Zone 06,20.27,85.839,2024-04-27,32.6,40.3,27.4,67,17.5,24.74,1.0
BBSR-06,Bhubaneswar Zone 06,20.27,85.839,2024-04-28,33.3,40.6,27.2,60,15.6,24.6,0.4
BBSR-06,Bhubaneswar Zone 06,20.27,85.839,2024-04-29,33.2,40.8,27.2,64,17.6,24.07,0.0
BBSR-06,Bhubaneswar Zone 06,20.27,85.839,2024-04-30,33.5,41.4,27.8,55,22.0,24.31,0.0
BBSR-06,Bhubaneswar Zone 06,20.27,85.839,2024-05-01,33.2,39.5,29.2,63,21.4,22.63,0.0
BBSR-06,Bhubaneswar Zone 06,20.27,85.839,2024-05-02,32.4,38.4,28.2,71,23.0,23.64,0.0
BBSR-06,Bhubaneswar Zone 06,20.27,85.839,2024-05-03,32.4,39.9,27.0,71,18.3,24.98,0.0
BBSR-06,Bhubaneswar Zone 06,20.27,85.839,2024-05-04,32.0,37.8,27.7,73,22.0,23.12,0.0
BBSR-06,Bhubaneswar Zone 06,20.27,85.839,2024-05-05,31.8,37.9,27.4,74,26.2,24.88,0.0
BBSR-06,Bhubaneswar Zone 06,20.27,85.839,2024-05-06,31.6,37.4,28.4,76,27.8,20.39,0.0
BBSR-06,Bhubaneswar Zone 06,20.27,85.839,2024-05-07,29.8,35.5,27.8,75,31.6,17.95,3.9
BBSR-06,Bhubaneswar Zone 06,20.27,85.839,2024-05-08,29.8,35.6,26.4,74,16.6,21.15,4.9
BBSR-06,Bhubaneswar Zone 06,20.27,85.839,2024-05-09,30.4,34.9,27.0,74,22.6,20.61,0.9
BBSR-06,Bhubaneswar Zone 06,20.27,85.839,2024-05-10,30.6,35.4,27.4,73,23.5,23.31,0.3
BBSR-06,Bhubaneswar Zone 06,20.27,85.839,2024-05-11,31.3,36.1,27.7,74,20.8,23.94,0.0
BBSR-06,Bhubaneswar Zone 06,20.27,85.839,2024-05-12,30.0,35.6,27.2,78,21.2,22.08,13.7
BBSR-06,Bhubaneswar Zone 06,20.27,85.839,2024-05-13,30.3,37.1,27.1,75,13.3,23.15,7.9
BBSR-06,Bhubaneswar Zone 06,20.27,85.839,2024-05-14,29.9,34.6,26.1,78,15.7,23.1,0.9
BBSR-06,Bhubaneswar Zone 06,20.27,85.839,2024-05-15,30.8,36.6,25.6,70,18.0,24.27,0.1
BBSR-06,Bhubaneswar Zone 06,20.27,85.839,2024-05-16,30.8,35.3,27.8,71,17.3,17.58,0.1
BBSR-06,Bhubaneswar Zone 06,20.27,85.839,2024-05-17,31.9,37.7,27.8,69,18.2,22.53,0.0
BBSR-06,Bhubaneswar Zone 06,20.27,85.839,2024-05-18,31.5,36.7,28.1,74,16.0,19.57,3.3
BBSR-06,Bhubaneswar Zone 06,20.27,85.839,2024-05-19,31.2,34.9,28.3,73,14.3,21.87,0.3
BBSR-06,Bhubaneswar Zone 06,20.27,85.839,2024-05-20,31.6,35.7,28.9,72,18.9,22.5,0.9
BBSR-06,Bhubaneswar Zone 06,20.27,85.839,2024-05-21,31.2,36.2,28.2,74,18.1,21.49,0.4
BBSR-06,Bhubaneswar Zone 06,20.27,85.839,2024-05-22,31.2,36.0,27.9,74,20.5,22.74,0.0
BBSR-06,Bhubaneswar Zone 06,20.27,85.839,2024-05-23,31.0,36.1,26.8,71,16.4,23.55,0.0
BBSR-06,Bhubaneswar Zone 06,20.27,85.839,2024-05-24,30.8,34.8,27.4,72,19.7,18.61,0.4
BBSR-06,Bhubaneswar Zone 06,20.27,85.839,2024-05-25,30.9,34.6,28.1,76,20.0,20.11,12.0
BBSR-06,Bhubaneswar Zone 06,20.27,85.839,2024-05-26,30.0,34.5,27.9,79,18.4,6.84,16.9
BBSR-06,Bhubaneswar Zone 06,20.27,85.839,2024-05-27,31.6,36.2,27.8,78,21.1,15.77,0.2
BBSR-06,Bhubaneswar Zone 06,20.27,85.839,2024-05-28,32.9,37.9,30.0,77,24.9,23.73,0.0
BBSR-06,Bhubaneswar Zone 06,20.27,85.839,2024-05-29,32.9,37.2,29.9,76,26.3,24.62,0.0
BBSR-06,Bhubaneswar Zone 06,20.27,85.839,2024-05-30,32.5,36.9,29.8,77,26.8,23.87,0.1
BBSR-06,Bhubaneswar Zone 06,20.27,85.839,2024-05-31,32.3,36.7,29.9,78,26.3,22.16,0.0
BBSR-06,Bhubaneswar Zone 06,20.27,85.839,2024-06-01,31.9,35.4,29.3,77,24.6,18.35,0.0
BBSR-06,Bhubaneswar Zone 06,20.27,85.839,2024-06-02,31.3,36.4,28.2,78,25.5,19.62,21.8
BBSR-06,Bhubaneswar Zone 06,20.27,85.839,2024-06-03,30.7,35.6,27.8,74,22.7,20.27,0.0
BBSR-06,Bhubaneswar Zone 06,20.27,85.839,2024-06-04,31.0,37.9,28.4,79,18.0,20.29,10.9
BBSR-06,Bhubaneswar Zone 06,20.27,85.839,2024-06-05,32.0,36.7,28.2,70,15.0,24.16,0.0
BBSR-06,Bhubaneswar Zone 06,20.27,85.839,2024-06-06,32.4,38.8,27.4,70,20.4,24.69,3.1
BBSR-06,Bhubaneswar Zone 06,20.27,85.839,2024-06-07,31.7,37.4,28.3,72,20.9,24.46,0.1
BBSR-06,Bhubaneswar Zone 06,20.27,85.839,2024-06-08,31.7,37.7,27.4,71,23.0,24.87,0.0
BBSR-06,Bhubaneswar Zone 06,20.27,85.839,2024-06-09,32.2,38.9,27.8,69,23.0,24.63,0.0
BBSR-06,Bhubaneswar Zone 06,20.27,85.839,2024-06-10,31.8,38.0,27.4,68,22.6,25.38,0.0
BBSR-06,Bhubaneswar Zone 06,20.27,85.839,2024-06-11,31.4,37.2,27.6,72,22.3,24.8,0.0
BBSR-06,Bhubaneswar Zone 06,20.27,85.839,2024-06-12,31.7,39.3,28.1,73,21.1,22.79,8.3
BBSR-06,Bhubaneswar Zone 06,20.27,85.839,2024-06-13,32.1,38.3,28.6,71,24.8,22.29,0.0
BBSR-06,Bhubaneswar Zone 06,20.27,85.839,2024-06-14,32.6,38.2,28.4,66,21.1,20.82,0.0
BBSR-06,Bhubaneswar Zone 06,20.27,85.839,2024-06-15,33.1,39.7,28.8,68,22.7,24.34,0.0
BBSR-06,Bhubaneswar Zone 06,20.27,85.839,2024-06-16,31.4,37.2,27.7,74,16.7,21.61,11.8
BBSR-06,Bhubaneswar Zone 06,20.27,85.839,2024-06-17,31.2,37.4,29.0,76,26.7,16.06,24.0
BBSR-06,Bhubaneswar Zone 06,20.27,85.839,2024-06-18,31.1,36.0,29.0,77,26.1,14.1,9.9
BBSR-06,Bhubaneswar Zone 06,20.27,85.839,2024-06-19,32.0,37.6,28.5,72,23.8,21.37,0.0
BBSR-06,Bhubaneswar Zone 06,20.27,85.839,2024-06-20,31.1,35.8,28.4,75,16.8,19.36,6.1
BBSR-06,Bhubaneswar Zone 06,20.27,85.839,2024-06-21,29.2,34.7,27.2,81,10.5,19.38,13.3
BBSR-06,Bhubaneswar Zone 06,20.27,85.839,2024-06-22,29.2,33.5,26.2,80,15.2,19.84,3.9
BBSR-06,Bhubaneswar Zone 06,20.27,85.839,2024-06-23,30.1,33.9,27.1,78,21.0,20.74,0.4
BBSR-06,Bhubaneswar Zone 06,20.27,85.839,2024-06-24,30.5,34.5,27.9,75,17.7,22.46,0.1
BBSR-06,Bhubaneswar Zone 06,20.27,85.839,2024-06-25,30.4,35.5,27.9,77,16.4,22.51,7.8
BBSR-06,Bhubaneswar Zone 06,20.27,85.839,2024-06-26,29.4,34.2,27.2,82,14.8,19.4,8.8
BBSR-06,Bhubaneswar Zone 06,20.27,85.839,2024-06-27,28.5,32.1,26.5,85,18.4,18.09,10.3
BBSR-06,Bhubaneswar Zone 06,20.27,85.839,2024-06-28,29.1,33.7,26.6,84,13.0,18.45,4.9
BBSR-06,Bhubaneswar Zone 06,20.27,85.839,2024-06-29,28.7,33.9,26.2,85,18.9,15.88,18.7
BBSR-06,Bhubaneswar Zone 06,20.27,85.839,2024-06-30,28.0,31.6,26.1,88,18.7,12.87,28.3
BBSR-06,Bhubaneswar Zone 06,20.27,85.839,2024-07-01,28.6,32.0,26.6,83,20.2,14.97,2.3
BBSR-06,Bhubaneswar Zone 06,20.27,85.839,2024-07-02,29.1,32.4,26.6,83,16.9,12.27,1.3
BBSR-06,Bhubaneswar Zone 06,20.27,85.839,2024-07-03,28.2,31.0,26.8,88,14.6,8.09,14.1
BBSR-06,Bhubaneswar Zone 06,20.27,85.839,2024-07-04,28.8,33.0,26.9,86,18.0,18.47,13.8
BBSR-06,Bhubaneswar Zone 06,20.27,85.839,2024-07-05,29.0,32.4,27.0,85,20.8,16.48,2.7
BBSR-06,Bhubaneswar Zone 06,20.27,85.839,2024-07-06,28.6,32.0,26.0,86,19.6,17.86,8.2
BBSR-06,Bhubaneswar Zone 06,20.27,85.839,2024-07-07,28.4,32.7,26.0,87,14.6,20.48,14.9
BBSR-06,Bhubaneswar Zone 06,20.27,85.839,2024-07-08,28.2,31.4,25.5,84,15.6,17.28,3.6
BBSR-06,Bhubaneswar Zone 06,20.27,85.839,2024-07-09,28.5,32.0,25.7,82,21.1,20.37,2.3
BBSR-06,Bhubaneswar Zone 06,20.27,85.839,2024-07-10,29.3,32.4,26.9,79,19.3,22.52,0.6
BBSR-06,Bhubaneswar Zone 06,20.27,85.839,2024-07-11,29.2,32.3,27.3,82,20.3,16.47,6.5
BBSR-06,Bhubaneswar Zone 06,20.27,85.839,2024-07-12,28.5,32.9,26.6,86,18.1,14.03,12.4
BBSR-06,Bhubaneswar Zone 06,20.27,85.839,2024-07-13,28.8,32.7,26.2,85,10.6,18.51,7.2
BBSR-06,Bhubaneswar Zone 06,20.27,85.839,2024-07-14,28.5,33.2,26.0,86,15.6,22.91,13.7
BBSR-06,Bhubaneswar Zone 06,20.27,85.839,2024-07-15,28.0,31.3,25.5,86,16.9,19.36,12.7
BBSR-06,Bhubaneswar Zone 06,20.27,85.839,2024-07-16,28.4,32.4,25.7,84,14.8,19.35,6.1
BBSR-06,Bhubaneswar Zone 06,20.27,85.839,2024-07-17,28.7,32.2,25.9,85,13.6,20.52,5.4
BBSR-06,Bhubaneswar Zone 06,20.27,85.839,2024-07-18,28.8,32.4,26.3,84,19.4,18.98,17.3
BBSR-06,Bhubaneswar Zone 06,20.27,85.839,2024-07-19,28.5,31.4,26.3,84,26.2,18.46,9.9
BBSR-06,Bhubaneswar Zone 06,20.27,85.839,2024-07-20,28.4,32.4,26.5,85,18.3,13.97,7.2
BBSR-06,Bhubaneswar Zone 06,20.27,85.839,2024-07-21,29.0,32.5,26.5,82,22.6,19.41,1.6
BBSR-06,Bhubaneswar Zone 06,20.27,85.839,2024-07-22,28.4,31.8,26.6,82,22.7,17.09,2.4
BBSR-06,Bhubaneswar Zone 06,20.27,85.839,2024-07-23,27.8,30.4,26.5,87,20.6,10.86,6.7
BBSR-06,Bhubaneswar Zone 06,20.27,85.839,2024-07-24,27.8,30.9,25.6,85,23.1,15.39,6.9
BBSR-06,Bhubaneswar Zone 06,20.27,85.839,2024-07-25,27.7,31.2,25.2,86,19.1,13.9,5.9
BBSR-06,Bhubaneswar Zone 06,20.27,85.839,2024-07-26,28.6,32.2,25.7,82,21.6,18.03,8.0
BBSR-06,Bhubaneswar Zone 06,20.27,85.839,2024-07-27,28.9,32.7,25.7,83,16.0,18.66,2.3
BBSR-06,Bhubaneswar Zone 06,20.27,85.839,2024-07-28,29.1,32.9,25.7,82,10.2,19.92,27.8
BBSR-06,Bhubaneswar Zone 06,20.27,85.839,2024-07-29,28.4,32.1,25.8,89,12.6,14.25,17.0
BBSR-06,Bhubaneswar Zone 06,20.27,85.839,2024-07-30,28.3,32.3,26.2,88,13.8,17.95,20.6
BBSR-06,Bhubaneswar Zone 06,20.27,85.839,2024-07-31,28.1,31.9,26.1,90,15.0,14.22,25.4
BBSR-06,Bhubaneswar Zone 06,20.27,85.839,2024-08-01,27.4,29.7,26.1,92,18.9,6.57,23.3
BBSR-06,Bhubaneswar Zone 06,20.27,85.839,2024-08-02,28.1,30.5,26.8,84,22.9,12.34,1.4
BBSR-06,Bhubaneswar Zone 06,20.27,85.839,2024-08-03,28.7,31.6,26.5,82,21.7,16.19,2.4
BBSR-06,Bhubaneswar Zone 06,20.27,85.839,2024-08-04,29.1,31.9,26.8,83,20.9,12.56,1.1
BBSR-06,Bhubaneswar Zone 06,20.27,85.839,2024-08-05,28.1,31.9,26.2,87,17.8,15.0,22.4
BBSR-06,Bhubaneswar Zone 06,20.27,85.839,2024-08-06,27.2,30.5,26.0,90,15.9,13.88,27.6
BBSR-06,Bhubaneswar Zone 06,20.27,85.839,2024-08-07,27.0,30.7,25.1,89,15.0,13.64,13.7
BBSR-06,Bhubaneswar Zone 06,20.27,85.839,2024-08-08,27.7,31.3,24.3,86,14.7,17.25,14.1
BBSR-06,Bhubaneswar Zone 06,20.27,85.839,2024-08-09,27.9,31.4,25.2,87,15.9,14.93,27.2
BBSR-06,Bhubaneswar Zone 06,20.27,85.839,2024-08-10,28.1,32.1,25.2,86,14.3,19.12,31.7
BBSR-06,Bhubaneswar Zone 06,20.27,85.839,2024-08-11,28.3,32.3,24.8,86,16.2,19.77,18.6
BBSR-06,Bhubaneswar Zone 06,20.27,85.839,2024-08-12,28.7,32.3,25.4,85,14.2,21.04,11.9
BBSR-06,Bhubaneswar Zone 06,20.27,85.839,2024-08-13,28.8,32.6,26.2,88,13.4,17.3,30.8
BBSR-06,Bhubaneswar Zone 06,20.27,85.839,2024-08-14,28.1,31.3,26.5,89,13.9,13.24,25.0
BBSR-06,Bhubaneswar Zone 06,20.27,85.839,2024-08-15,27.9,31.4,25.5,88,15.1,14.09,34.7
BBSR-06,Bhubaneswar Zone 06,20.27,85.839,2024-08-16,27.2,30.4,25.4,89,13.3,10.3,22.6
BBSR-06,Bhubaneswar Zone 06,20.27,85.839,2024-08-17,27.1,31.2,25.1,90,16.1,12.32,21.3
BBSR-06,Bhubaneswar Zone 06,20.27,85.839,2024-08-18,27.6,31.8,24.9,87,14.6,18.23,24.6
BBSR-06,Bhubaneswar Zone 06,20.27,85.839,2024-08-19,27.7,32.2,25.1,87,18.2,18.1,3.5
BBSR-06,Bhubaneswar Zone 06,20.27,85.839,2024-08-20,28.3,32.4,25.8,86,15.0,16.92,20.7
BBSR-06,Bhubaneswar Zone 06,20.27,85.839,2024-08-21,27.9,31.2,25.9,87,18.1,13.78,15.4
BBSR-06,Bhubaneswar Zone 06,20.27,85.839,2024-08-22,27.8,30.3,26.3,87,17.7,13.06,1.5
BBSR-06,Bhubaneswar Zone 06,20.27,85.839,2024-08-23,26.5,27.9,25.9,93,14.6,5.8,30.5
BBSR-06,Bhubaneswar Zone 06,20.27,85.839,2024-08-24,26.6,29.1,24.9,92,19.2,7.91,15.2
BBSR-06,Bhubaneswar Zone 06,20.27,85.839,2024-08-25,27.5,31.3,25.4,88,15.6,14.07,17.2
BBSR-06,Bhubaneswar Zone 06,20.27,85.839,2024-08-26,27.1,30.2,24.8,87,10.4,11.68,11.4
BBSR-06,Bhubaneswar Zone 06,20.27,85.839,2024-08-27,27.8,31.4,25.4,87,10.7,16.08,22.2
BBSR-06,Bhubaneswar Zone 06,20.27,85.839,2024-08-28,26.8,30.8,25.0,90,7.6,12.68,21.9
BBSR-06,Bhubaneswar Zone 06,20.27,85.839,2024-08-29,27.4,31.2,24.8,86,15.6,18.86,2.9
BBSR-06,Bhubaneswar Zone 06,20.27,85.839,2024-08-30,28.0,31.4,25.1,83,21.7,19.97,1.9
BBSR-06,Bhubaneswar Zone 06,20.27,85.839,2024-08-31,27.9,30.7,25.3,85,24.4,17.91,5.2
BBSR-06,Bhubaneswar Zone 06,20.27,85.839,2024-09-01,27.8,31.2,25.7,85,20.8,16.05,4.3
BBSR-06,Bhubaneswar Zone 06,20.27,85.839,2024-09-02,27.3,29.9,25.0,87,14.4,14.93,13.4
BBSR-06,Bhubaneswar Zone 06,20.27,85.839,2024-09-03,27.9,30.7,24.9,83,17.7,17.71,1.1
BBSR-06,Bhubaneswar Zone 06,20.27,85.839,2024-09-04,28.0,31.1,24.8,84,15.6,19.65,0.7
BBSR-06,Bhubaneswar Zone 06,20.27,85.839,2024-09-05,27.8,30.9,24.7,87,11.4,17.25,8.7
BBSR-06,Bhubaneswar Zone 06,20.27,85.839,2024-09-06,28.3,31.9,25.6,86,13.8,18.67,9.8
BBSR-06,Bhubaneswar Zone 06,20.27,85.839,2024-09-07,27.4,31.0,25.3,87,25.0,16.79,16.7
BBSR-06,Bhubaneswar Zone 06,20.27,85.839,2024-09-08,27.5,30.8,25.5,87,23.7,14.8,12.7
BBSR-06,Bhubaneswar Zone 06,20.27,85.839,2024-09-09,28.0,30.6,25.8,87,23.8,14.66,6.3
BBSR-06,Bhubaneswar Zone 06,20.27,85.839,2024-09-10,29.1,32.7,26.1,83,20.3,19.29,0.9
BBSR-06,Bhubaneswar Zone 06,20.27,85.839,2024-09-11,29.3,32.2,26.7,84,16.6,18.4,1.8
BBSR-06,Bhubaneswar Zone 06,20.27,85.839,2024-09-12,29.1,32.1,26.9,83,12.7,12.21,0.0
BBSR-06,Bhubaneswar Zone 06,20.27,85.839,2024-09-13,28.8,32.0,26.6,82,18.1,13.37,16.6
BBSR-06,Bhubaneswar Zone 06,20.27,85.839,2024-09-14,27.5,29.4,26.3,87,24.8,8.06,24.2
BBSR-06,Bhubaneswar Zone 06,20.27,85.839,2024-09-15,27.0,29.5,25.5,83,28.2,8.64,4.5
BBSR-06,Bhubaneswar Zone 06,20.27,85.839,2024-09-16,27.4,31.5,25.3,83,20.9,14.01,8.5
BBSR-06,Bhubaneswar Zone 06,20.27,85.839,2024-09-17,27.7,32.0,24.9,87,15.3,19.36,21.2
BBSR-06,Bhubaneswar Zone 06,20.27,85.839,2024-09-18,27.6,31.2,25.0,89,8.7,15.6,4.7
BBSR-06,Bhubaneswar Zone 06,20.27,85.839,2024-09-19,28.7,33.0,24.6,80,10.7,21.97,0.2
BBSR-06,Bhubaneswar Zone 06,20.27,85.839,2024-09-20,28.3,32.8,25.3,86,14.0,20.24,5.9
BBSR-06,Bhubaneswar Zone 06,20.27,85.839,2024-09-21,28.7,33.4,25.7,83,14.1,21.36,1.2
BBSR-06,Bhubaneswar Zone 06,20.27,85.839,2024-09-22,27.9,31.6,25.9,87,12.2,15.62,15.4
BBSR-06,Bhubaneswar Zone 06,20.27,85.839,2024-09-23,27.4,31.7,25.4,91,16.9,14.26,18.5
BBSR-06,Bhubaneswar Zone 06,20.27,85.839,2024-09-24,26.9,29.2,24.9,92,14.2,9.98,26.2
BBSR-06,Bhubaneswar Zone 06,20.27,85.839,2024-09-25,26.8,29.0,25.1,92,15.0,9.3,31.8
BBSR-06,Bhubaneswar Zone 06,20.27,85.839,2024-09-26,26.3,28.1,24.7,92,23.6,8.52,15.6
BBSR-06,Bhubaneswar Zone 06,20.27,85.839,2024-09-27,27.2,29.6,25.0,87,22.9,14.5,9.8
BBSR-06,Bhubaneswar Zone 06,20.27,85.839,2024-09-28,28.6,31.8,25.8,84,20.7,20.23,0.6
BBSR-06,Bhubaneswar Zone 06,20.27,85.839,2024-09-29,28.8,32.3,26.1,85,12.9,19.65,5.1
BBSR-06,Bhubaneswar Zone 06,20.27,85.839,2024-09-30,29.0,34.1,26.2,85,14.5,19.88,2.8
BBSR-06,Bhubaneswar Zone 06,20.27,85.839,2024-10-01,29.9,34.6,25.7,80,13.5,20.91,0.1
BBSR-06,Bhubaneswar Zone 06,20.27,85.839,2024-10-02,28.4,31.2,25.0,86,15.4,12.07,8.8
BBSR-06,Bhubaneswar Zone 06,20.27,85.839,2024-10-03,28.9,32.9,26.2,82,20.5,18.66,0.1
BBSR-06,Bhubaneswar Zone 06,20.27,85.839,2024-10-04,29.3,33.8,25.1,76,13.2,20.78,0.0
BBSR-06,Bhubaneswar Zone 06,20.27,85.839,2024-10-05,27.4,32.3,24.8,86,19.0,14.24,2.1
BBSR-06,Bhubaneswar Zone 06,20.27,85.839,2024-10-06,26.8,31.9,24.1,89,14.6,19.17,11.3
BBSR-06,Bhubaneswar Zone 06,20.27,85.839,2024-10-07,26.6,30.6,24.7,92,15.7,13.15,11.6
BBSR-06,Bhubaneswar Zone 06,20.27,85.839,2024-10-08,26.9,30.3,25.0,91,14.7,14.38,6.0
BBSR-06,Bhubaneswar Zone 06,20.27,85.839,2024-10-09,27.5,31.8,24.2,84,11.8,19.44,0.1
BBSR-06,Bhubaneswar Zone 06,20.27,85.839,2024-10-10,27.5,31.6,23.5,83,12.8,19.81,0.1
BBSR-06,Bhubaneswar Zone 06,20.27,85.839,2024-10-11,28.1,32.1,24.2,81,10.9,19.82,0.3
BBSR-06,Bhubaneswar Zone 06,20.27,85.839,2024-10-12,28.1,32.0,24.6,81,11.6,19.02,1.1
BBSR-06,Bhubaneswar Zone 06,20.27,85.839,2024-10-13,28.0,32.3,24.4,83,11.4,19.09,0.6
BBSR-06,Bhubaneswar Zone 06,20.27,85.839,2024-10-14,28.2,32.7,24.5,81,9.9,19.61,0.3
BBSR-06,Bhubaneswar Zone 06,20.27,85.839,2024-10-15,27.7,32.2,24.1,84,9.1,18.66,1.8
BBSR-06,Bhubaneswar Zone 06,20.27,85.839,2024-10-16,27.7,32.0,24.4,84,10.9,18.15,1.4
BBSR-06,Bhubaneswar Zone 06,20.27,85.839,2024-10-17,27.7,32.6,24.9,85,12.7,16.96,3.2
BBSR-06,Bhubaneswar Zone 06,20.27,85.839,2024-10-18,28.1,32.1,24.6,84,11.3,17.4,1.4
BBSR-06,Bhubaneswar Zone 06,20.27,85.839,2024-10-19,27.3,32.0,24.6,86,10.7,17.21,45.9
BBSR-06,Bhubaneswar Zone 06,20.27,85.839,2024-10-20,26.4,30.5,24.2,90,10.7,13.24,3.3
BBSR-06,Bhubaneswar Zone 06,20.27,85.839,2024-10-21,27.4,31.7,24.4,78,13.9,18.44,0.2
BBSR-06,Bhubaneswar Zone 06,20.27,85.839,2024-10-22,27.3,31.6,23.3,74,14.8,20.19,0.0
BBSR-06,Bhubaneswar Zone 06,20.27,85.839,2024-10-23,27.1,31.5,23.4,75,21.6,16.9,11.1
BBSR-06,Bhubaneswar Zone 06,20.27,85.839,2024-10-24,25.1,26.6,24.3,88,34.1,3.59,54.3
BBSR-06,Bhubaneswar Zone 06,20.27,85.839,2024-10-25,25.4,27.4,24.0,86,31.3,5.14,7.3
BBSR-06,Bhubaneswar Zone 06,20.27,85.839,2024-10-26,24.6,26.1,23.2,91,14.7,5.72,28.8
BBSR-06,Bhubaneswar Zone 06,20.27,85.839,2024-10-27,25.7,29.6,22.4,91,9.8,14.44,2.7
BBSR-06,Bhubaneswar Zone 06,20.27,85.839,2024-10-28,25.8,29.0,24.0,92,12.6,12.22,6.8
BBSR-06,Bhubaneswar Zone 06,20.27,85.839,2024-10-29,26.2,29.6,23.5,90,11.8,13.59,0.8
BBSR-06,Bhubaneswar Zone 06,20.27,85.839,2024-10-30,26.9,30.4,23.8,85,8.6,15.6,2.4
BBSR-06,Bhubaneswar Zone 06,20.27,85.839,2024-10-31,27.0,31.8,22.5,82,10.0,18.67,0.0
BBSR-06,Bhubaneswar Zone 06,20.27,85.839,2024-11-01,25.9,29.1,23.6,90,17.1,9.25,34.2
BBSR-06,Bhubaneswar Zone 06,20.27,85.839,2024-11-02,26.2,31.6,22.3,82,10.0,18.61,0.0
BBSR-06,Bhubaneswar Zone 06,20.27,85.839,2024-11-03,25.8,31.2,21.0,75,9.9,18.94,0.0
BBSR-06,Bhubaneswar Zone 06,20.27,85.839,2024-11-04,25.5,30.6,21.4,78,8.0,18.47,0.0
BBSR-06,Bhubaneswar Zone 06,20.27,85.839,2024-11-05,24.8,29.4,21.4,86,12.5,15.52,3.8
BBSR-06,Bhubaneswar Zone 06,20.27,85.839,2024-11-06,25.4,29.0,22.5,84,18.4,16.13,1.0
BBSR-06,Bhubaneswar Zone 06,20.27,85.839,2024-11-07,25.6,30.3,22.2,82,10.5,17.39,0.1
BBSR-06,Bhubaneswar Zone 06,20.27,85.839,2024-11-08,25.6,30.3,22.2,81,12.4,17.44,0.0
BBSR-06,Bhubaneswar Zone 06,20.27,85.839,2024-11-09,25.3,30.1,22.1,79,11.5,17.95,0.0
BBSR-06,Bhubaneswar Zone 06,20.27,85.839,2024-11-10,24.9,29.9,21.6,78,16.5,18.31,0.0
BBSR-06,Bhubaneswar Zone 06,20.27,85.839,2024-11-11,24.9,28.7,21.8,77,14.7,8.7,0.2
BBSR-06,Bhubaneswar Zone 06,20.27,85.839,2024-11-12,25.0,29.2,22.8,85,15.9,14.32,1.3
BBSR-06,Bhubaneswar Zone 06,20.27,85.839,2024-11-13,26.0,31.2,22.3,74,13.7,16.6,0.0
BBSR-06,Bhubaneswar Zone 06,20.27,85.839,2024-11-14,25.9,30.9,22.3,67,12.9,17.51,0.0
BBSR-06,Bhubaneswar Zone 06,20.27,85.839,2024-11-15,25.1,30.2,20.6,67,8.0,17.69,0.0
BBSR-06,Bhubaneswar Zone 06,20.27,85.839,2024-11-16,23.9,29.4,19.0,62,11.9,18.05,0.0
BBSR-06,Bhubaneswar Zone 06,20.27,85.839,2024-11-17,23.6,29.5,18.4,62,10.6,17.92,0.0
BBSR-06,Bhubaneswar Zone 06,20.27,85.839,2024-11-18,23.8,29.6,18.7,57,9.3,17.8,0.0
BBSR-06,Bhubaneswar Zone 06,20.27,85.839,2024-11-19,23.6,29.4,18.1,56,9.8,17.69,0.0
BBSR-06,Bhubaneswar Zone 06,20.27,85.839,2024-11-20,23.3,29.2,18.1,59,8.9,16.57,0.0
BBSR-06,Bhubaneswar Zone 06,20.27,85.839,2024-11-21,23.3,29.3,17.9,62,9.0,17.36,0.0
BBSR-06,Bhubaneswar Zone 06,20.27,85.839,2024-11-22,23.2,28.9,18.2,66,8.9,17.31,0.0
BBSR-06,Bhubaneswar Zone 06,20.27,85.839,2024-11-23,23.3,28.9,18.0,68,10.2,17.13,0.0
BBSR-06,Bhubaneswar Zone 06,20.27,85.839,2024-11-24,22.9,28.7,18.5,69,7.1,16.75,0.0
BBSR-06,Bhubaneswar Zone 06,20.27,85.839,2024-11-25,22.2,28.2,17.8,69,11.3,15.78,0.0
BBSR-06,Bhubaneswar Zone 06,20.27,85.839,2024-11-26,22.1,28.0,17.6,68,10.1,16.69,0.0
BBSR-06,Bhubaneswar Zone 06,20.27,85.839,2024-11-27,21.9,27.7,17.9,67,14.4,15.81,0.0
BBSR-06,Bhubaneswar Zone 06,20.27,85.839,2024-11-28,23.0,28.0,18.3,64,19.1,14.34,0.0
BBSR-06,Bhubaneswar Zone 06,20.27,85.839,2024-11-29,23.0,26.1,20.8,73,21.5,7.53,5.3
BBSR-06,Bhubaneswar Zone 06,20.27,85.839,2024-11-30,23.5,27.6,20.8,78,17.7,10.56,1.6
BBSR-06,Bhubaneswar Zone 06,20.27,85.839,2024-12-01,24.1,29.3,20.7,73,14.7,13.96,0.5
BBSR-06,Bhubaneswar Zone 06,20.27,85.839,2024-12-02,24.1,28.4,21.3,76,13.4,11.84,0.2
BBSR-06,Bhubaneswar Zone 06,20.27,85.839,2024-12-03,24.1,28.6,20.7,74,11.8,12.21,0.0
BBSR-06,Bhubaneswar Zone 06,20.27,85.839,2024-12-04,24.7,29.9,20.9,74,10.2,15.38,0.0
BBSR-06,Bhubaneswar Zone 06,20.27,85.839,2024-12-05,24.5,30.1,20.1,75,10.1,15.57,0.0
BBSR-06,Bhubaneswar Zone 06,20.27,85.839,2024-12-06,24.9,30.1,21.0,78,11.0,14.85,0.1
BBSR-06,Bhubaneswar Zone 06,20.27,85.839,2024-12-07,24.1,29.0,20.1,83,9.9,13.45,0.3
BBSR-06,Bhubaneswar Zone 06,20.27,85.839,2024-12-08,23.1,26.8,20.7,87,9.8,8.08,3.6
BBSR-06,Bhubaneswar Zone 06,20.27,85.839,2024-12-09,23.9,28.7,20.8,84,11.9,11.61,3.9
BBSR-06,Bhubaneswar Zone 06,20.27,85.839,2024-12-10,23.7,28.3,20.9,83,10.3,12.56,1.2
BBSR-06,Bhubaneswar Zone 06,20.27,85.839,2024-12-11,21.8,26.9,18.2,69,14.5,15.37,0.0
BBSR-06,Bhubaneswar Zone 06,20.27,85.839,2024-12-12,20.3,25.7,16.1,68,11.3,16.16,0.0
BBSR-06,Bhubaneswar Zone 06,20.27,85.839,2024-12-13,20.1,25.9,15.9,67,12.0,16.05,0.0
BBSR-06,Bhubaneswar Zone 06,20.27,85.839,2024-12-14,19.7,25.9,15.3,62,14.4,16.21,0.0
BBSR-06,Bhubaneswar Zone 06,20.27,85.839,2024-12-15,18.9,24.9,14.2,58,12.9,16.42,0.0
BBSR-06,Bhubaneswar Zone 06,20.27,85.839,2024-12-16,18.8,25.6,13.6,61,13.2,16.44,0.0
BBSR-06,Bhubaneswar Zone 06,20.27,85.839,2024-12-17,20.9,27.6,15.2,65,11.2,14.08,0.0
BBSR-06,Bhubaneswar Zone 06,20.27,85.839,2024-12-18,22.8,28.6,17.7,66,12.6,12.74,0.0
BBSR-06,Bhubaneswar Zone 06,20.27,85.839,2024-12-19,23.4,27.4,19.8,61,15.7,9.31,0.0
BBSR-06,Bhubaneswar Zone 06,20.27,85.839,2024-12-20,21.3,24.9,18.0,76,13.9,6.74,8.8
BBSR-06,Bhubaneswar Zone 06,20.27,85.839,2024-12-21,19.4,21.2,18.2,94,15.4,3.44,61.8
BBSR-06,Bhubaneswar Zone 06,20.27,85.839,2024-12-22,21.2,26.0,16.9,80,12.6,12.67,0.0
BBSR-06,Bhubaneswar Zone 06,20.27,85.839,2024-12-23,22.0,25.4,18.5,70,14.4,7.42,0.0
BBSR-06,Bhubaneswar Zone 06,20.27,85.839,2024-12-24,21.4,24.7,19.3,75,12.3,5.22,1.6
BBSR-06,Bhubaneswar Zone 06,20.27,85.839,2024-12-25,20.6,24.3,18.4,88,11.2,6.54,10.6
BBSR-06,Bhubaneswar Zone 06,20.27,85.839,2024-12-26,22.3,27.3,18.6,77,10.5,12.7,0.3
BBSR-06,Bhubaneswar Zone 06,20.27,85.839,2024-12-27,22.6,28.5,19.2,65,13.7,15.47,0.0
BBSR-06,Bhubaneswar Zone 06,20.27,85.839,2024-12-28,21.9,28.4,16.9,68,7.4,15.63,0.0
BBSR-06,Bhubaneswar Zone 06,20.27,85.839,2024-12-29,22.8,28.9,17.5,75,8.7,15.3,0.0
BBSR-06,Bhubaneswar Zone 06,20.27,85.839,2024-12-30,23.0,28.6,19.0,78,9.5,14.88,0.0
BBSR-06,Bhubaneswar Zone 06,20.27,85.839,2024-12-31,21.4,26.8,17.7,78,12.3,14.99,0.0
BBSR-06,Bhubaneswar Zone 06,20.27,85.839,2025-01-01,19.8,24.7,16.1,78,10.3,16.02,0.0
BBSR-06,Bhubaneswar Zone 06,20.27,85.839,2025-01-02,19.0,24.6,14.8,72,12.5,16.2,0.0
BBSR-06,Bhubaneswar Zone 06,20.27,85.839,2025-01-03,18.7,24.7,14.6,75,10.5,16.25,0.0
BBSR-06,Bhubaneswar Zone 06,20.27,85.839,2025-01-04,18.8,24.8,14.1,75,9.9,16.34,0.0
BBSR-06,Bhubaneswar Zone 06,20.27,85.839,2025-01-05,19.7,26.0,14.6,79,9.0,16.1,0.0
BBSR-06,Bhubaneswar Zone 06,20.27,85.839,2025-01-06,20.5,26.9,15.0,76,8.9,15.67,0.0
BBSR-06,Bhubaneswar Zone 06,20.27,85.839,2025-01-07,21.3,27.4,16.5,72,10.6,16.39,0.0
BBSR-06,Bhubaneswar Zone 06,20.27,85.839,2025-01-08,20.4,26.3,16.1,70,11.5,16.61,0.0
BBSR-06,Bhubaneswar Zone 06,20.27,85.839,2025-01-09,19.3,25.5,15.4,76,10.3,16.56,0.0
BBSR-06,Bhubaneswar Zone 06,20.27,85.839,2025-01-10,18.7,25.0,13.8,79,10.9,16.54,0.0
BBSR-06,Bhubaneswar Zone 06,20.27,85.839,2025-01-11,18.9,25.8,13.9,76,11.5,16.71,0.0
BBSR-06,Bhubaneswar Zone 06,20.27,85.839,2025-01-12,19.4,25.9,14.7,74,8.1,16.63,0.0
BBSR-06,Bhubaneswar Zone 06,20.27,85.839,2025-01-13,20.3,27.5,13.8,75,5.6,16.42,0.0
BBSR-06,Bhubaneswar Zone 06,20.27,85.839,2025-01-14,21.5,28.2,16.9,78,13.5,15.93,0.0
BBSR-06,Bhubaneswar Zone 06,20.27,85.839,2025-01-15,21.2,26.8,17.1,72,13.0,15.97,0.0
BBSR-06,Bhubaneswar Zone 06,20.27,85.839,2025-01-16,20.0,25.5,15.9,69,12.9,17.07,0.0
BBSR-06,Bhubaneswar Zone 06,20.27,85.839,2025-01-17,19.7,25.9,15.1,66,13.6,17.46,0.0
BBSR-06,Bhubaneswar Zone 06,20.27,85.839,2025-01-18,20.2,26.3,15.3,69,12.1,17.19,0.0
BBSR-06,Bhubaneswar Zone 06,20.27,85.839,2025-01-19,20.7,27.5,15.3,71,8.8,17.47,0.0
BBSR-06,Bhubaneswar Zone 06,20.27,85.839,2025-01-20,20.9,27.9,15.5,72,10.0,17.6,0.0
BBSR-06,Bhubaneswar Zone 06,20.27,85.839,2025-01-21,21.5,29.1,15.0,68,7.7,17.79,0.0
BBSR-06,Bhubaneswar Zone 06,20.27,85.839,2025-01-22,22.3,29.9,15.8,73,10.2,17.74,0.0
BBSR-06,Bhubaneswar Zone 06,20.27,85.839,2025-01-23,23.5,30.6,18.7,79,13.2,17.01,0.0
BBSR-06,Bhubaneswar Zone 06,20.27,85.839,2025-01-24,23.4,29.9,19.6,81,14.5,16.29,0.0
BBSR-06,Bhubaneswar Zone 06,20.27,85.839,2025-01-25,23.6,29.7,19.4,79,10.2,16.21,0.0
BBSR-06,Bhubaneswar Zone 06,20.27,85.839,2025-01-26,23.2,28.5,19.5,81,10.9,14.14,0.5
BBSR-06,Bhubaneswar Zone 06,20.27,85.839,2025-01-27,22.7,28.5,18.8,79,10.1,16.06,0.0
BBSR-06,Bhubaneswar Zone 06,20.27,85.839,2025-01-28,23.6,29.9,19.2,80,16.3,16.4,0.0
BBSR-06,Bhubaneswar Zone 06,20.27,85.839,2025-01-29,24.2,30.0,19.7,79,16.1,15.45,0.1
BBSR-06,Bhubaneswar Zone 06,20.27,85.839,2025-01-30,24.2,30.6,19.9,79,18.8,15.44,0.0
BBSR-06,Bhubaneswar Zone 06,20.27,85.839,2025-01-31,25.6,32.6,21.1,78,15.1,16.97,0.0
BBSR-06,Bhubaneswar Zone 06,20.27,85.839,2025-02-01,26.1,33.4,22.0,78,12.7,17.58,0.0
BBSR-06,Bhubaneswar Zone 06,20.27,85.839,2025-02-02,26.7,33.7,22.4,72,12.9,18.01,0.0
BBSR-06,Bhubaneswar Zone 06,20.27,85.839,2025-02-03,26.0,33.0,20.3,75,13.3,18.05,0.0
BBSR-06,Bhubaneswar Zone 06,20.27,85.839,2025-02-04,26.4,32.0,22.7,80,13.3,17.61,0.0
BBSR-06,Bhubaneswar Zone 06,20.27,85.839,2025-02-05,27.3,33.7,23.8,76,14.8,17.5,0.0
BBSR-06,Bhubaneswar Zone 06,20.27,85.839,2025-02-06,26.8,32.9,21.8,69,12.3,17.56,0.0
BBSR-06,Bhubaneswar Zone 06,20.27,85.839,2025-02-07,25.3,31.2,20.8,68,13.3,17.82,0.0
BBSR-06,Bhubaneswar Zone 06,20.27,85.839,2025-02-08,24.6,31.0,20.1,72,13.9,18.64,0.0
BBSR-06,Bhubaneswar Zone 06,20.27,85.839,2025-02-09,24.5,30.9,19.2,71,10.0,18.88,0.0
BBSR-06,Bhubaneswar Zone 06,20.27,85.839,2025-02-10,25.4,32.5,20.2,74,17.3,19.4,0.0
BBSR-06,Bhubaneswar Zone 06,20.27,85.839,2025-02-11,26.4,33.9,21.5,72,14.3,19.0,0.0
BBSR-06,Bhubaneswar Zone 06,20.27,85.839,2025-02-12,27.5,34.9,22.4,69,15.6,18.77,0.0
BBSR-06,Bhubaneswar Zone 06,20.27,85.839,2025-02-13,27.3,33.8,22.2,60,13.3,20.02,0.0
BBSR-06,Bhubaneswar Zone 06,20.27,85.839,2025-02-14,25.6,32.2,20.6,58,13.7,20.39,0.0
BBSR-06,Bhubaneswar Zone 06,20.27,85.839,2025-02-15,25.1,32.3,19.6,61,11.2,20.49,0.0
BBSR-06,Bhubaneswar Zone 06,20.27,85.839,2025-02-16,26.0,33.9,20.2,65,15.2,20.57,0.0
BBSR-06,Bhubaneswar Zone 06,20.27,85.839,2025-02-17,26.6,33.7,22.2,71,16.4,19.88,0.0
BBSR-06,Bhubaneswar Zone 06,20.27,85.839,2025-02-18,26.7,33.4,22.2,74,16.6,18.71,0.0
BBSR-06,Bhubaneswar Zone 06,20.27,85.839,2025-02-19,26.9,33.6,23.1,75,14.6,18.86,0.3
BBSR-06,Bhubaneswar Zone 06,20.27,85.839,2025-02-20,26.8,32.8,22.9,71,17.8,18.58,1.1
BBSR-06,Bhubaneswar Zone 06,20.27,85.839,2025-02-21,26.2,33.9,21.1,74,16.9,19.03,0.1
BBSR-06,Bhubaneswar Zone 06,20.27,85.839,2025-02-22,26.5,32.7,22.2,77,13.6,18.09,1.1
BBSR-06,Bhubaneswar Zone 06,20.27,85.839,2025-02-23,25.6,32.0,20.8,76,15.0,19.19,0.1
BBSR-06,Bhubaneswar Zone 06,20.27,85.839,2025-02-24,25.9,31.5,22.1,77,13.5,18.59,0.2
BBSR-06,Bhubaneswar Zone 06,20.27,85.839,2025-02-25,25.7,31.8,20.0,76,12.9,18.87,1.1
BBSR-06,Bhubaneswar Zone 06,20.27,85.839,2025-02-26,25.6,31.0,20.8,74,13.2,18.89,0.2
BBSR-06,Bhubaneswar Zone 06,20.27,85.839,2025-02-27,26.0,32.6,20.4,71,16.6,19.89,0.0
BBSR-06,Bhubaneswar Zone 06,20.27,85.839,2025-02-28,26.5,33.6,20.7,72,14.8,20.83,0.0
BBSR-06,Bhubaneswar Zone 06,20.27,85.839,2025-03-01,27.3,35.1,22.6,67,15.9,21.45,0.0
BBSR-06,Bhubaneswar Zone 06,20.27,85.839,2025-03-02,28.2,37.0,22.2,67,16.5,21.04,0.0
BBSR-06,Bhubaneswar Zone 06,20.27,85.839,2025-03-03,28.6,36.4,22.7,67,13.0,20.66,0.0
BBSR-06,Bhubaneswar Zone 06,20.27,85.839,2025-03-04,28.6,35.8,24.4,64,14.9,21.27,0.0
BBSR-06,Bhubaneswar Zone 06,20.27,85.839,2025-03-05,28.6,34.7,23.7,57,10.9,21.25,0.0
BBSR-06,Bhubaneswar Zone 06,20.27,85.839,2025-03-06,25.9,32.5,21.1,34,14.1,23.01,0.0
BBSR-06,Bhubaneswar Zone 06,20.27,85.839,2025-03-07,25.6,33.4,18.8,57,15.1,22.9,0.0
BBSR-06,Bhubaneswar Zone 06,20.27,85.839,2025-03-08,27.1,35.3,21.3,68,15.7,22.49,0.0
BBSR-06,Bhubaneswar Zone 06,20.27,85.839,2025-03-09,27.2,34.5,22.3,72,19.8,21.12,0.0
BBSR-06,Bhubaneswar Zone 06,20.27,85.839,2025-03-10,26.7,34.4,20.8,68,14.6,21.31,0.0
BBSR-06,Bhubaneswar Zone 06,20.27,85.839,2025-03-11,27.5,35.4,21.8,60,20.0,22.56,0.0
BBSR-06,Bhubaneswar Zone 06,20.27,85.839,2025-03-12,28.4,37.1,21.8,60,18.0,22.52,0.0
BBSR-06,Bhubaneswar Zone 06,20.27,85.839,2025-03-13,30.0,39.2,23.8,60,17.7,22.24,0.0
BBSR-06,Bhubaneswar Zone 06,20.27,85.839,2025-03-14,30.2,38.1,25.3,69,18.9,21.42,0.0
BBSR-06,Bhubaneswar Zone 06,20.27,85.839,2025-03-15,30.4,40.2,25.0,67,19.1,21.7,0.0
BBSR-06,Bhubaneswar Zone 06,20.27,85.839,2025-03-16,30.4,39.3,24.7,61,20.8,21.92,0.0
BBSR-06,Bhubaneswar Zone 06,20.27,85.839,2025-03-17,30.5,38.2,24.7,57,18.6,21.64,0.0
BBSR-06,Bhubaneswar Zone 06,20.27,85.839,2025-03-18,29.7,36.1,24.6,64,15.2,22.15,0.0
BBSR-06,Bhubaneswar Zone 06,20.27,85.839,2025-03-19,29.1,35.3,24.8,75,16.3,21.29,0.6
BBSR-06,Bhubaneswar Zone 06,20.27,85.839,2025-03-20,29.1,36.4,24.7,67,19.3,22.91,0.0
BBSR-06,Bhubaneswar Zone 06,20.27,85.839,2025-03-21,28.2,34.5,24.1,71,23.9,22.39,0.3
BBSR-06,Bhubaneswar Zone 06,20.27,85.839,2025-03-22,23.8,26.5,21.5,86,14.7,9.55,7.9
BBSR-06,Bhubaneswar Zone 06,20.27,85.839,2025-03-23,25.0,31.8,20.7,78,19.7,19.19,46.9
BBSR-06,Bhubaneswar Zone 06,20.27,85.839,2025-03-24,25.8,33.3,20.1,77,16.4,21.45,2.2
BBSR-06,Bhubaneswar Zone 06,20.27,85.839,2025-03-25,27.4,34.4,21.9,71,14.3,22.97,0.0
BBSR-06,Bhubaneswar Zone 06,20.27,85.839,2025-03-26,28.6,36.4,23.2,72,17.2,23.33,0.0
BBSR-06,Bhubaneswar Zone 06,20.27,85.839,2025-03-27,29.5,37.8,24.2,68,16.2,24.2,0.0
BBSR-06,Bhubaneswar Zone 06,20.27,85.839,2025-03-28,30.2,39.2,23.2,64,15.5,24.32,0.0
BBSR-06,Bhubaneswar Zone 06,20.27,85.839,2025-03-29,30.2,38.4,24.3,73,15.7,22.96,0.0
BBSR-06,Bhubaneswar Zone 06,20.27,85.839,2025-03-30,29.6,36.1,25.8,80,17.4,22.62,0.0
BBSR-06,Bhubaneswar Zone 06,20.27,85.839,2025-03-31,29.4,35.5,25.7,76,18.4,23.72,0.0
BBSR-06,Bhubaneswar Zone 06,20.27,85.839,2025-04-01,29.2,34.9,25.5,72,17.0,23.9,0.0
BBSR-06,Bhubaneswar Zone 06,20.27,85.839,2025-04-02,28.8,34.4,25.0,72,16.0,23.78,0.1
BBSR-06,Bhubaneswar Zone 06,20.27,85.839,2025-04-03,28.6,35.6,23.7,72,16.1,24.34,0.0
BBSR-06,Bhubaneswar Zone 06,20.27,85.839,2025-04-04,29.2,35.9,23.6,70,11.5,20.26,0.1
BBSR-06,Bhubaneswar Zone 06,20.27,85.839,2025-04-05,30.4,38.3,23.9,62,18.9,23.03,0.0
BBSR-06,Bhubaneswar Zone 06,20.27,85.839,2025-04-06,30.7,38.6,25.1,68,19.2,23.36,0.0
BBSR-06,Bhubaneswar Zone 06,20.27,85.839,2025-04-07,29.9,36.8,25.7,72,18.2,22.14,0.0
BBSR-06,Bhubaneswar Zone 06,20.27,85.839,2025-04-08,29.2,35.1,25.3,71,17.7,21.68,0.1
BBSR-06,Bhubaneswar Zone 06,20.27,85.839,2025-04-09,28.4,33.9,23.9,71,19.0,22.1,0.8
BBSR-06,Bhubaneswar Zone 06,20.27,85.839,2025-04-10,28.7,33.9,24.1,70,15.3,21.57,1.1
BBSR-06,Bhubaneswar Zone 06,20.27,85.839,2025-04-11,29.1,35.7,23.5,69,16.3,23.67,0.0
BBSR-06,Bhubaneswar Zone 06,20.27,85.839,2025-04-12,29.4,37.1,25.6,76,16.8,21.48,3.2
BBSR-06,Bhubaneswar Zone 06,20.27,85.839,2025-04-13,30.2,38.6,25.3,70,17.5,22.68,0.1
BBSR-06,Bhubaneswar Zone 06,20.27,85.839,2025-04-14,29.4,34.9,25.6,73,14.1,21.68,1.5
BBSR-06,Bhubaneswar Zone 06,20.27,85.839,2025-04-15,28.0,33.5,23.7,77,16.3,20.55,6.6
BBSR-06,Bhubaneswar Zone 06,20.27,85.839,2025-04-16,28.3,34.7,23.1,76,20.6,22.41,0.0
BBSR-06,Bhubaneswar Zone 06,20.27,85.839,2025-04-17,29.9,34.9,26.2,72,19.4,22.03,1.6
BBSR-06,Bhubaneswar Zone 06,20.27,85.839,2025-04-18,30.3,35.7,27.4,73,22.5,21.69,0.4
BBSR-06,Bhubaneswar Zone 06,20.27,85.839,2025-04-19,30.9,36.9,27.2,72,18.5,24.3,0.0
BBSR-06,Bhubaneswar Zone 06,20.27,85.839,2025-04-20,32.0,38.9,27.9,74,19.2,23.88,0.4
BBSR-06,Bhubaneswar Zone 06,20.27,85.839,2025-04-21,31.6,37.1,27.8,75,19.5,24.29,0.0
BBSR-06,Bhubaneswar Zone 06,20.27,85.839,2025-04-22,31.6,38.2,27.1,74,20.3,24.89,0.0
BBSR-06,Bhubaneswar Zone 06,20.27,85.839,2025-04-23,32.1,39.6,27.2,71,20.8,24.26,0.0
BBSR-06,Bhubaneswar Zone 06,20.27,85.839,2025-04-24,32.0,38.3,27.9,72,24.3,24.38,0.0
BBSR-06,Bhubaneswar Zone 06,20.27,85.839,2025-04-25,31.6,37.0,28.1,72,20.0,24.94,0.0
BBSR-06,Bhubaneswar Zone 06,20.27,85.839,2025-04-26,30.9,36.1,27.7,72,23.3,23.39,0.0
BBSR-06,Bhubaneswar Zone 06,20.27,85.839,2025-04-27,30.8,36.7,27.3,66,21.4,20.34,0.0
BBSR-06,Bhubaneswar Zone 06,20.27,85.839,2025-04-28,29.1,35.7,23.8,75,14.5,21.93,9.9
BBSR-06,Bhubaneswar Zone 06,20.27,85.839,2025-04-29,28.2,33.6,23.4,78,14.7,21.5,2.3
BBSR-06,Bhubaneswar Zone 06,20.27,85.839,2025-04-30,28.2,32.9,22.7,75,13.4,22.98,0.1
BBSR-06,Bhubaneswar Zone 06,20.27,85.839,2025-05-01,28.0,33.6,21.2,75,14.3,23.31,8.8
BBSR-06,Bhubaneswar Zone 06,20.27,85.839,2025-05-02,27.2,33.2,21.2,74,16.9,24.65,0.2
BBSR-06,Bhubaneswar Zone 06,20.27,85.839,2025-05-03,28.6,34.5,24.3,76,13.5,22.92,8.7
BBSR-06,Bhubaneswar Zone 06,20.27,85.839,2025-05-04,28.1,34.0,23.3,76,17.8,25.05,0.0
BBSR-06,Bhubaneswar Zone 06,20.27,85.839,2025-05-05,29.6,35.2,25.4,75,16.2,23.57,0.0
BBSR-06,Bhubaneswar Zone 06,20.27,85.839,2025-05-06,30.2,36.2,26.4,77,16.2,23.1,1.0
BBSR-06,Bhubaneswar Zone 06,20.27,85.839,2025-05-07,30.5,36.5,26.6,76,15.8,23.43,0.3
BBSR-06,Bhubaneswar Zone 06,20.27,85.839,2025-05-08,30.8,36.6,26.6,74,15.7,23.66,0.0
BBSR-06,Bhubaneswar Zone 06,20.27,85.839,2025-05-09,31.1,37.3,26.3,72,14.2,24.2,0.0
BBSR-06,Bhubaneswar Zone 06,20.27,85.839,2025-05-10,31.3,38.1,26.4,68,15.0,25.26,0.0
BBSR-06,Bhubaneswar Zone 06,20.27,85.839,2025-05-11,31.5,38.8,26.2,67,16.4,25.22,0.0
BBSR-06,Bhubaneswar Zone 06,20.27,85.839,2025-05-12,32.0,39.2,27.2,73,15.3,24.01,0.1
BBSR-06,Bhubaneswar Zone 06,20.27,85.839,2025-05-13,31.5,37.0,28.1,76,16.9,23.1,0.0
BBSR-06,Bhubaneswar Zone 06,20.27,85.839,2025-05-14,31.7,36.6,28.4,76,18.5,22.28,0.3
BBSR-06,Bhubaneswar Zone 06,20.27,85.839,2025-05-15,31.7,36.9,28.1,75,16.4,22.99,0.1
BBSR-06,Bhubaneswar Zone 06,20.27,85.839,2025-05-16,31.5,37.0,28.4,76,15.6,22.61,2.0
BBSR-06,Bhubaneswar Zone 06,20.27,85.839,2025-05-17,30.8,36.1,27.9,76,20.0,22.53,0.6
BBSR-06,Bhubaneswar Zone 06,20.27,85.839,2025-05-18,30.1,33.6,26.7,76,18.1,19.42,2.0
BBSR-06,Bhubaneswar Zone 06,20.27,85.839,2025-05-19,30.6,34.8,27.0,74,14.2,21.99,2.6
BBSR-06,Bhubaneswar Zone 06,20.27,85.839,2025-05-20,30.3,34.0,27.4,76,23.1,22.21,0.4
BBSR-06,Bhubaneswar Zone 06,20.27,85.839,2025-05-21,29.8,33.4,26.6,78,17.1,14.8,3.8
BBSR-06,Bhubaneswar Zone 06,20.27,85.839,2025-05-22,28.9,33.2,26.0,83,10.1,16.39,4.9
BBSR-06,Bhubaneswar Zone 06,20.27,85.839,2025-05-23,28.9,33.3,25.8,82,10.1,20.1,4.9
BBSR-06,Bhubaneswar Zone 06,20.27,85.839,2025-05-24,27.7,32.0,25.3,88,11.4,15.56,23.9
BBSR-06,Bhubaneswar Zone 06,20.27,85.839,2025-05-25,27.6,32.5,25.9,90,12.8,11.73,18.1
BBSR-06,Bhubaneswar Zone 06,20.27,85.839,2025-05-26,28.5,33.0,25.3,85,12.8,19.9,14.9
BBSR-06,Bhubaneswar Zone 06,20.27,85.839,2025-05-27,28.0,31.5,26.2,88,19.2,10.55,8.4
BBSR-06,Bhubaneswar Zone 06,20.27,85.839,2025-05-28,27.5,32.0,25.4,90,20.5,11.62,47.6
BBSR-06,Bhubaneswar Zone 06,20.27,85.839,2025-05-29,28.9,32.6,25.9,83,20.3,10.55,21.8
BBSR-06,Bhubaneswar Zone 06,20.27,85.839,2025-05-30,30.4,35.7,25.8,80,15.1,19.94,0.5
BBSR-06,Bhubaneswar Zone 06,20.27,85.839,2025-05-31,30.2,34.0,27.8,82,13.3,19.13,3.8
BBSR-06,Bhubaneswar Zone 06,20.27,85.839,2025-06-01,31.8,37.0,27.5,72,13.5,21.76,0.0
BBSR-06,Bhubaneswar Zone 06,20.27,85.839,2025-06-02,32.1,37.8,27.7,60,19.4,24.53,0.0
BBSR-06,Bhubaneswar Zone 06,20.27,85.839,2025-06-03,31.2,35.6,26.2,71,16.9,21.55,2.8
BBSR-06,Bhubaneswar Zone 06,20.27,85.839,2025-06-04,31.5,36.8,27.6,73,12.4,24.16,0.2
BBSR-06,Bhubaneswar Zone 06,20.27,85.839,2025-06-05,29.9,35.0,25.0,77,13.5,22.6,4.3
BBSR-06,Bhubaneswar Zone 06,20.27,85.839,2025-06-06,30.3,35.3,27.4,80,12.4,22.74,3.5
BBSR-06,Bhubaneswar Zone 06,20.27,85.839,2025-06-07,30.5,36.1,26.2,75,9.3,24.04,0.0
BBSR-06,Bhubaneswar Zone 06,20.27,85.839,2025-06-08,30.6,35.4,27.1,77,9.1,17.14,0.0
BBSR-06,Bhubaneswar Zone 06,20.27,85.839,2025-06-09,30.0,36.3,27.0,85,9.9,19.63,10.1
BBSR-06,Bhubaneswar Zone 06,20.27,85.839,2025-06-10,29.0,33.3,25.8,83,12.6,22.07,7.4
BBSR-06,Bhubaneswar Zone 06,20.27,85.839,2025-06-11,29.1,32.3,26.5,81,16.1,21.33,3.2
BBSR-06,Bhubaneswar Zone 06,20.27,85.839,2025-06-12,28.5,31.4,26.6,84,14.9,15.6,10.9
BBSR-06,Bhubaneswar Zone 06,20.27,85.839,2025-06-13,29.4,32.9,26.8,82,10.6,19.63,2.1
BBSR-06,Bhubaneswar Zone 06,20.27,85.839,2025-06-14,30.2,33.9,27.1,79,17.1,22.42,0.8
BBSR-06,Bhubaneswar Zone 06,20.27,85.839,2025-06-15,28.8,31.9,26.3,86,13.9,15.4,7.1
BBSR-06,Bhubaneswar Zone 06,20.27,85.839,2025-06-16,27.1,28.6,25.8,94,9.9,6.5,18.9
BBSR-06,Bhubaneswar Zone 06,20.27,85.839,2025-06-17,28.1,30.9,26.6,88,15.7,11.28,10.4
BBSR-06,Bhubaneswar Zone 06,20.27,85.839,2025-06-18,27.7,30.2,25.5,88,19.7,8.94,11.9
BBSR-06,Bhubaneswar Zone 06,20.27,85.839,2025-06-19,28.4,30.8,26.4,82,20.9,9.66,1.3
BBSR-06,Bhubaneswar Zone 06,20.27,85.839,2025-06-20,29.7,32.8,27.1,80,16.2,14.65,0.5
BBSR-06,Bhubaneswar Zone 06,20.27,85.839,2025-06-21,30.7,35.0,27.7,76,12.5,21.64,1.0
BBSR-06,Bhubaneswar Zone 06,20.27,85.839,2025-06-22,29.8,34.1,26.9,80,11.1,17.68,3.5
BBSR-06,Bhubaneswar Zone 06,20.27,85.839,2025-06-23,27.7,30.0,26.3,87,10.4,9.85,19.3
BBSR-06,Bhubaneswar Zone 06,20.27,85.839,2025-06-24,28.2,32.0,26.3,85,15.1,17.84,18.0
BBSR-06,Bhubaneswar Zone 06,20.27,85.839,2025-06-25,27.2,29.1,25.6,92,14.0,9.87,31.3
BBSR-06,Bhubaneswar Zone 06,20.27,85.839,2025-06-26,27.6,32.0,25.2,88,17.8,15.4,18.4
BBSR-06,Bhubaneswar Zone 06,20.27,85.839,2025-06-27,27.8,30.6,25.4,89,17.0,8.99,21.0
BBSR-06,Bhubaneswar Zone 06,20.27,85.839,2025-06-28,28.1,30.1,26.7,84,18.4,10.93,7.5
BBSR-06,Bhubaneswar Zone 06,20.27,85.839,2025-06-29,27.6,30.2,25.3,79,19.9,10.4,5.7
BBSR-06,Bhubaneswar Zone 06,20.27,85.839,2025-06-30,27.0,29.7,25.5,85,17.9,12.62,13.2
BBSR-06,Bhubaneswar Zone 06,20.27,85.839,2025-07-01,26.9,30.7,24.7,89,18.1,14.19,29.0
BBSR-06,Bhubaneswar Zone 06,20.27,85.839,2025-07-02,27.2,31.0,25.5,90,12.7,15.36,13.0
BBSR-06,Bhubaneswar Zone 06,20.27,85.839,2025-07-03,27.5,32.2,24.7,88,15.3,16.04,17.6
BBSR-06,Bhubaneswar Zone 06,20.27,85.839,2025-07-04,27.3,29.7,25.7,91,15.3,12.05,17.1
BBSR-06,Bhubaneswar Zone 06,20.27,85.839,2025-07-05,27.0,29.5,25.6,91,16.6,8.85,16.5
BBSR-06,Bhubaneswar Zone 06,20.27,85.839,2025-07-06,27.0,32.1,25.2,89,18.1,15.89,24.7
BBSR-06,Bhubaneswar Zone 06,20.27,85.839,2025-07-07,27.4,31.4,25.4,87,18.0,12.54,10.3
BBSR-06,Bhubaneswar Zone 06,20.27,85.839,2025-07-08,27.8,31.6,25.9,80,17.1,15.12,4.9
BBSR-06,Bhubaneswar Zone 06,20.27,85.839,2025-07-09,28.1,31.2,25.5,77,19.5,16.19,0.6
BBSR-06,Bhubaneswar Zone 06,20.27,85.839,2025-07-10,28.5,32.1,25.8,80,14.5,20.13,5.6
BBSR-06,Bhubaneswar Zone 06,20.27,85.839,2025-07-11,28.5,32.2,25.9,86,12.4,19.28,9.0
BBSR-06,Bhubaneswar Zone 06,20.27,85.839,2025-07-12,29.5,33.8,26.8,82,14.6,19.38,11.4
BBSR-06,Bhubaneswar Zone 06,20.27,85.839,2025-07-13,28.4,32.3,26.2,86,12.6,13.14,21.7
BBSR-06,Bhubaneswar Zone 06,20.27,85.839,2025-07-14,27.4,30.3,26.1,92,14.8,9.91,21.3
BBSR-06,Bhubaneswar Zone 06,20.27,85.839,2025-07-15,29.0,33.3,25.2,84,15.5,20.03,9.5
BBSR-06,Bhubaneswar Zone 06,20.27,85.839,2025-07-16,28.7,30.8,27.2,90,13.5,14.49,16.4
BBSR-06,Bhubaneswar Zone 06,20.27,85.839,2025-07-17,29.1,32.2,26.7,85,17.6,21.29,5.8
BBSR-06,Bhubaneswar Zone 06,20.27,85.839,2025-07-18,29.3,32.3,26.4,84,10.6,20.21,3.1
BBSR-06,Bhubaneswar Zone 06,20.27,85.839,2025-07-19,29.3,33.1,26.9,86,11.2,22.82,10.6
BBSR-06,Bhubaneswar Zone 06,20.27,85.839,2025-07-20,28.8,33.1,26.5,86,9.9,22.02,3.0
BBSR-06,Bhubaneswar Zone 06,20.27,85.839,2025-07-21,28.7,32.3,25.9,85,12.4,20.95,5.2
BBSR-06,Bhubaneswar Zone 06,20.27,85.839,2025-07-22,28.9,32.5,25.9,85,13.1,20.91,1.8
BBSR-06,Bhubaneswar Zone 06,20.27,85.839,2025-07-23,28.6,32.9,26.1,87,11.2,20.62,10.4
BBSR-06,Bhubaneswar Zone 06,20.27,85.839,2025-07-24,27.9,32.1,26.0,87,20.9,12.83,16.1
BBSR-06,Bhubaneswar Zone 06,20.27,85.839,2025-07-25,26.6,27.6,25.2,95,16.0,3.68,26.3
BBSR-06,Bhubaneswar Zone 06,20.27,85.839,2025-07-26,28.6,32.2,26.0,83,23.9,19.61,3.7
BBSR-06,Bhubaneswar Zone 06,20.27,85.839,2025-07-27,29.3,33.3,26.5,81,17.2,22.25,0.8
BBSR-06,Bhubaneswar Zone 06,20.27,85.839,2025-07-28,29.1,31.9,26.7,80,17.5,16.59,0.1
BBSR-06,Bhubaneswar Zone 06,20.27,85.839,2025-07-29,27.3,29.2,26.1,89,19.0,9.51,16.3
BBSR-06,Bhubaneswar Zone 06,20.27,85.839,2025-07-30,27.8,31.6,25.3,87,16.5,14.5,10.3
BBSR-06,Bhubaneswar Zone 06,20.27,85.839,2025-07-31,28.7,32.8,26.2,84,13.9,16.55,1.4
BBSR-06,Bhubaneswar Zone 06,20.27,85.839,2025-08-01,29.7,33.4,26.4,78,17.6,22.22,1.0
BBSR-06,Bhubaneswar Zone 06,20.27,85.839,2025-08-02,29.8,34.1,25.8,79,14.5,23.52,6.1
BBSR-06,Bhubaneswar Zone 06,20.27,85.839,2025-08-03,28.6,31.1,25.9,87,16.6,15.81,15.3
BBSR-06,Bhubaneswar Zone 06,20.27,85.839,2025-08-04,29.6,32.7,26.8,83,15.3,18.49,1.1
BBSR-06,Bhubaneswar Zone 06,20.27,85.839,2025-08-05,29.6,33.1,27.3,83,13.7,21.53,4.2
BBSR-06,Bhubaneswar Zone 06,20.27,85.839,2025-08-06,28.8,33.7,26.4,86,15.4,15.97,6.8
BBSR-06,Bhubaneswar Zone 06,20.27,85.839,2025-08-07,28.4,31.9,26.4,87,12.4,15.54,19.3
BBSR-06,Bhubaneswar Zone 06,20.27,85.839,2025-08-08,27.0,30.0,24.9,88,19.2,10.1,10.5
BBSR-06,Bhubaneswar Zone 06,20.27,85.839,2025-08-09,27.9,32.0,24.4,87,13.5,18.83,4.9
BBSR-06,Bhubaneswar Zone 06,20.27,85.839,2025-08-10,28.8,32.5,25.6,83,16.1,23.38,5.7
BBSR-06,Bhubaneswar Zone 06,20.27,85.839,2025-08-11,28.8,33.0,25.9,86,9.9,21.77,5.8
BBSR-06,Bhubaneswar Zone 06,20.27,85.839,2025-08-12,29.1,33.1,25.8,83,11.5,21.71,9.2
BBSR-06,Bhubaneswar Zone 06,20.27,85.839,2025-08-13,28.4,32.1,26.1,83,15.5,20.05,11.0
BBSR-06,Bhubaneswar Zone 06,20.27,85.839,2025-08-14,27.7,30.7,25.0,85,13.1,15.81,4.6
BBSR-06,Bhubaneswar Zone 06,20.27,85.839,2025-08-15,27.9,32.0,25.4,86,13.6,17.96,4.7
BBSR-06,Bhubaneswar Zone 06,20.27,85.839,2025-08-16,28.0,31.8,25.2,84,18.6,20.72,6.4
BBSR-06,Bhubaneswar Zone 06,20.27,85.839,2025-08-17,27.5,30.7,25.4,86,22.2,17.73,24.2
BBSR-06,Bhubaneswar Zone 06,20.27,85.839,2025-08-18,27.0,30.2,24.9,87,25.1,16.36,7.8
BBSR-06,Bhubaneswar Zone 06,20.27,85.839,2025-08-19,27.5,29.8,25.4,87,17.3,14.49,6.6
BBSR-06,Bhubaneswar Zone 06,20.27,85.839,2025-08-20,28.4,31.6,25.3,84,16.7,17.4,1.1
BBSR-06,Bhubaneswar Zone 06,20.27,85.839,2025-08-21,27.6,29.4,26.0,89,16.7,10.43,6.1
BBSR-06,Bhubaneswar Zone 06,20.27,85.839,2025-08-22,26.4,28.0,25.2,94,16.7,6.0,38.0
BBSR-06,Bhubaneswar Zone 06,20.27,85.839,2025-08-23,27.5,30.4,25.3,87,20.0,12.91,15.8
BBSR-06,Bhubaneswar Zone 06,20.27,85.839,2025-08-24,27.4,29.2,25.9,84,17.2,12.5,0.9
BBSR-06,Bhubaneswar Zone 06,20.27,85.839,2025-08-25,26.4,29.2,25.3,92,9.6,9.23,22.4
BBSR-06,Bhubaneswar Zone 06,20.27,85.839,2025-08-26,27.4,31.7,24.6,86,15.3,21.77,20.7
BBSR-06,Bhubaneswar Zone 06,20.27,85.839,2025-08-27,26.8,29.9,24.8,89,15.4,12.96,24.7
BBSR-06,Bhubaneswar Zone 06,20.27,85.839,2025-08-28,27.6,30.7,24.6,85,20.3,19.62,11.9
BBSR-06,Bhubaneswar Zone 06,20.27,85.839,2025-08-29,28.3,30.8,25.8,82,20.6,16.62,3.6
BBSR-06,Bhubaneswar Zone 06,20.27,85.839,2025-08-30,27.7,29.6,25.9,87,15.2,13.62,12.6
BBSR-06,Bhubaneswar Zone 06,20.27,85.839,2025-08-31,27.1,31.7,25.2,91,9.0,17.82,9.9
BBSR-06,Bhubaneswar Zone 06,20.27,85.839,2025-09-01,27.9,31.9,25.0,88,12.9,19.32,1.3
BBSR-06,Bhubaneswar Zone 06,20.27,85.839,2025-09-02,26.4,29.8,24.4,92,10.0,10.24,30.7
BBSR-06,Bhubaneswar Zone 06,20.27,85.839,2025-09-03,25.5,26.4,24.8,96,17.5,4.0,80.7
BBSR-06,Bhubaneswar Zone 06,20.27,85.839,2025-09-04,27.4,30.9,25.2,91,8.4,15.49,8.9
BBSR-06,Bhubaneswar Zone 06,20.27,85.839,2025-09-05,27.6,30.1,25.2,90,11.0,12.97,12.4
BBSR-06,Bhubaneswar Zone 06,20.27,85.839,2025-09-06,27.1,30.4,25.1,92,8.3,13.13,9.8
BBSR-06,Bhubaneswar Zone 06,20.27,85.839,2025-09-07,27.5,31.8,24.8,88,14.6,20.9,5.5
BBSR-06,Bhubaneswar Zone 06,20.27,85.839,2025-09-08,28.0,31.9,24.8,87,13.2,20.85,3.8
BBSR-06,Bhubaneswar Zone 06,20.27,85.839,2025-09-09,28.5,32.1,24.8,86,12.0,21.36,1.3
BBSR-06,Bhubaneswar Zone 06,20.27,85.839,2025-09-10,28.7,33.2,25.6,86,14.1,20.72,6.7
BBSR-06,Bhubaneswar Zone 06,20.27,85.839,2025-09-11,28.2,30.9,25.7,89,14.8,18.23,5.6
BBSR-06,Bhubaneswar Zone 06,20.27,85.839,2025-09-12,27.5,31.5,25.3,88,16.3,18.41,4.9
BBSR-06,Bhubaneswar Zone 06,20.27,85.839,2025-09-13,27.6,30.6,25.5,88,13.1,15.16,13.5
BBSR-06,Bhubaneswar Zone 06,20.27,85.839,2025-09-14,27.7,30.7,25.7,87,12.9,14.36,10.0
BBSR-06,Bhubaneswar Zone 06,20.27,85.839,2025-09-15,27.7,31.1,25.4,87,13.5,14.76,7.5
BBSR-06,Bhubaneswar Zone 06,20.27,85.839,2025-09-16,26.9,29.9,25.3,91,14.7,11.83,17.3
BBSR-06,Bhubaneswar Zone 06,20.27,85.839,2025-09-17,28.3,32.4,25.9,83,14.8,19.51,5.6
BBSR-06,Bhubaneswar Zone 06,20.27,85.839,2025-09-18,29.0,33.2,25.7,80,11.8,21.88,0.3
BBSR-06,Bhubaneswar Zone 06,20.27,85.839,2025-09-19,29.3,33.4,26.2,83,10.2,20.26,0.5
BBSR-06,Bhubaneswar Zone 06,20.27,85.839,2025-09-20,28.6,33.3,25.8,86,10.7,16.44,8.1
BBSR-06,Bhubaneswar Zone 06,20.27,85.839,2025-09-21,27.9,33.3,25.7,88,13.5,17.95,9.7
BBSR-06,Bhubaneswar Zone 06,20.27,85.839,2025-09-22,27.6,32.7,25.1,89,15.4,16.64,7.4
BBSR-06,Bhubaneswar Zone 06,20.27,85.839,2025-09-23,26.6,30.0,25.3,92,15.4,12.53,22.6
BBSR-06,Bhubaneswar Zone 06,20.27,85.839,2025-09-24,26.9,30.4,24.7,89,7.6,14.16,5.8
BBSR-06,Bhubaneswar Zone 06,20.27,85.839,2025-09-25,27.3,32.0,25.0,90,15.9,18.77,12.4
BBSR-06,Bhubaneswar Zone 06,20.27,85.839,2025-09-26,26.1,27.5,25.0,94,17.5,6.84,21.5
BBSR-06,Bhubaneswar Zone 06,20.27,85.839,2025-09-27,26.8,29.5,25.0,90,18.1,12.58,8.4
BBSR-06,Bhubaneswar Zone 06,20.27,85.839,2025-09-28,27.1,30.2,24.8,89,17.2,14.49,8.9
BBSR-06,Bhubaneswar Zone 06,20.27,85.839,2025-09-29,27.1,31.9,24.9,89,14.4,16.94,8.1
BBSR-06,Bhubaneswar Zone 06,20.27,85.839,2025-09-30,28.3,32.4,24.9,85,8.6,20.65,0.7
BBSR-06,Bhubaneswar Zone 06,20.27,85.839,2025-10-01,28.2,33.4,25.4,84,19.9,19.62,2.9
BBSR-06,Bhubaneswar Zone 06,20.27,85.839,2025-10-02,26.5,29.9,24.6,90,26.8,9.81,41.1
BBSR-06,Bhubaneswar Zone 06,20.27,85.839,2025-10-03,28.5,31.2,26.0,83,25.2,17.24,2.7
BBSR-06,Bhubaneswar Zone 06,20.27,85.839,2025-10-04,28.1,31.8,25.0,87,18.6,17.28,4.2
BBSR-06,Bhubaneswar Zone 06,20.27,85.839,2025-10-05,26.8,29.1,25.0,92,14.5,13.89,8.9
BBSR-06,Bhubaneswar Zone 06,20.27,85.839,2025-10-06,26.4,31.0,24.3,89,10.8,14.82,17.6
BBSR-06,Bhubaneswar Zone 06,20.27,85.839,2025-10-07,26.9,31.1,25.1,91,10.0,14.54,4.1
BBSR-06,Bhubaneswar Zone 06,20.27,85.839,2025-10-08,26.4,30.0,24.6,91,7.4,13.67,5.1
BBSR-06,Bhubaneswar Zone 06,20.27,85.839,2025-10-09,26.9,31.4,24.9,89,10.2,17.22,11.4
BBSR-06,Bhubaneswar Zone 06,20.27,85.839,2025-10-10,26.9,31.6,24.9,87,10.8,18.41,3.5
BBSR-06,Bhubaneswar Zone 06,20.27,85.839,2025-10-11,27.1,30.7,24.8,85,13.2,18.29,1.4
BBSR-06,Bhubaneswar Zone 06,20.27,85.839,2025-10-12,27.2,31.0,24.3,81,17.4,18.66,0.8
BBSR-06,Bhubaneswar Zone 06,20.27,85.839,2025-10-13,26.2,30.9,24.1,86,15.7,15.39,7.1
BBSR-06,Bhubaneswar Zone 06,20.27,85.839,2025-10-14,27.4,31.7,24.2,77,12.4,19.81,0.2
BBSR-06,Bhubaneswar Zone 06,20.27,85.839,2025-10-15,27.4,31.8,24.1,75,13.2,20.94,0.0
BBSR-06,Bhubaneswar Zone 06,20.27,85.839,2025-10-16,27.3,31.8,24.0,77,8.9,20.28,0.0
BBSR-06,Bhubaneswar Zone 06,20.27,85.839,2025-10-17,27.0,31.5,22.9,74,11.5,20.69,0.0
BBSR-06,Bhubaneswar Zone 06,20.27,85.839,2025-10-18,26.8,31.5,23.9,80,12.6,18.93,1.5
BBSR-06,Bhubaneswar Zone 06,20.27,85.839,2025-10-19,26.4,29.9,24.0,87,16.8,15.83,6.7
BBSR-06,Bhubaneswar Zone 06,20.27,85.839,2025-10-20,26.7,31.2,24.9,88,12.1,15.17,6.3
BBSR-06,Bhubaneswar Zone 06,20.27,85.839,2025-10-21,27.7,32.0,24.4,80,19.4,18.4,1.1
BBSR-06,Bhubaneswar Zone 06,20.27,85.839,2025-10-22,27.8,31.9,24.5,78,17.1,17.99,0.5
BBSR-06,Bhubaneswar Zone 06,20.27,85.839,2025-10-23,27.7,32.2,24.5,80,12.7,18.13,0.8
BBSR-06,Bhubaneswar Zone 06,20.27,85.839,2025-10-24,27.3,32.5,24.4,81,12.7,18.43,0.1
BBSR-06,Bhubaneswar Zone 06,20.27,85.839,2025-10-25,26.8,31.9,23.9,85,14.8,16.96,2.6
BBSR-06,Bhubaneswar Zone 06,20.27,85.839,2025-10-26,27.8,32.1,24.7,79,12.5,17.86,0.1
BBSR-06,Bhubaneswar Zone 06,20.27,85.839,2025-10-27,27.2,31.0,24.7,82,16.2,16.64,8.7
BBSR-06,Bhubaneswar Zone 06,20.27,85.839,2025-10-28,25.7,29.7,23.6,90,21.5,11.47,20.7
BBSR-06,Bhubaneswar Zone 06,20.27,85.839,2025-10-29,26.0,28.7,24.4,91,19.6,12.37,19.1
BBSR-06,Bhubaneswar Zone 06,20.27,85.839,2025-10-30,26.4,29.7,24.3,88,17.5,14.77,6.5
BBSR-06,Bhubaneswar Zone 06,20.27,85.839,2025-10-31,27.8,31.5,24.9,82,14.8,17.34,0.3
BBSR-06,Bhubaneswar Zone 06,20.27,85.839,2025-11-01,27.7,31.9,25.5,85,13.2,16.02,10.0
BBSR-06,Bhubaneswar Zone 06,20.27,85.839,2025-11-02,27.5,31.1,24.4,84,11.3,16.37,0.5
BBSR-06,Bhubaneswar Zone 06,20.27,85.839,2025-11-03,26.6,30.7,23.4,78,9.0,17.04,0.2
BBSR-06,Bhubaneswar Zone 06,20.27,85.839,2025-11-04,25.7,30.9,21.4,65,12.8,17.11,0.0
BBSR-06,Bhubaneswar Zone 06,20.27,85.839,2025-11-05,24.8,30.7,20.0,64,10.1,19.16,0.0
BBSR-06,Bhubaneswar Zone 06,20.27,85.839,2025-11-06,25.8,31.7,21.3,67,8.2,18.69,0.0
BBSR-06,Bhubaneswar Zone 06,20.27,85.839,2025-11-07,26.0,31.2,21.7,70,13.3,18.48,0.0
BBSR-06,Bhubaneswar Zone 06,20.27,85.839,2025-11-08,25.2,30.3,21.3,66,13.5,18.66,0.0
BBSR-06,Bhubaneswar Zone 06,20.27,85.839,2025-11-09,23.8,29.4,19.5,65,8.8,18.75,0.0
BBSR-06,Bhubaneswar Zone 06,20.27,85.839,2025-11-10,23.7,29.3,18.8,61,11.1,18.78,0.0
BBSR-06,Bhubaneswar Zone 06,20.27,85.839,2025-11-11,23.8,29.7,18.7,60,9.0,18.61,0.0
BBSR-06,Bhubaneswar Zone 06,20.27,85.839,2025-11-12,23.1,28.6,18.2,59,10.5,18.6,0.0
BBSR-06,Bhubaneswar Zone 06,20.27,85.839,2025-11-13,22.9,28.5,17.6,59,11.3,18.58,0.0
BBSR-06,Bhubaneswar Zone 06,20.27,85.839,2025-11-14,22.9,28.5,17.9,60,11.0,18.43,0.0
BBSR-06,Bhubaneswar Zone 06,20.27,85.839,2025-11-15,22.4,28.1,18.1,59,14.8,18.4,0.0
BBSR-06,Bhubaneswar Zone 06,20.27,85.839,2025-11-16,22.1,28.1,17.6,56,14.7,18.42,0.0
BBSR-06,Bhubaneswar Zone 06,20.27,85.839,2025-11-17,22.0,27.6,17.5,58,13.1,18.22,0.0
BBSR-06,Bhubaneswar Zone 06,20.27,85.839,2025-11-18,22.6,28.2,17.6,61,10.1,17.96,0.0
BBSR-06,Bhubaneswar Zone 06,20.27,85.839,2025-11-19,23.6,29.7,18.0,63,9.7,17.43,0.0
BBSR-06,Bhubaneswar Zone 06,20.27,85.839,2025-11-20,25.5,30.3,22.0,60,13.7,16.58,0.0
BBSR-06,Bhubaneswar Zone 06,20.27,85.839,2025-11-21,25.3,30.8,20.7,67,13.0,17.01,0.0
BBSR-06,Bhubaneswar Zone 06,20.27,85.839,2025-11-22,25.2,30.9,20.3,73,9.6,16.24,0.0
BBSR-06,Bhubaneswar Zone 06,20.27,85.839,2025-11-23,25.2,30.7,20.9,74,8.3,15.29,0.0
BBSR-06,Bhubaneswar Zone 06,20.27,85.839,2025-11-24,24.1,29.0,20.5,71,11.4,16.24,0.0
BBSR-06,Bhubaneswar Zone 06,20.27,85.839,2025-11-25,22.9,28.0,19.3,67,13.5,16.73,0.0
BBSR-06,Bhubaneswar Zone 06,20.27,85.839,2025-11-26,21.8,27.2,18.0,63,15.8,16.89,0.0
BBSR-06,Bhubaneswar Zone 06,20.27,85.839,2025-11-27,21.3,26.7,16.6,59,13.9,17.13,0.0
BBSR-06,Bhubaneswar Zone 06,20.27,85.839,2025-11-28,22.2,28.2,17.1,67,11.2,16.09,0.0
BBSR-06,Bhubaneswar Zone 06,20.27,85.839,2025-11-29,23.3,29.0,18.7,68,10.0,15.49,0.0
BBSR-06,Bhubaneswar Zone 06,20.27,85.839,2025-11-30,23.2,28.3,19.2,65,10.5,15.62,0.0
BBSR-06,Bhubaneswar Zone 06,20.27,85.839,2025-12-01,22.1,25.7,18.4,66,11.1,7.17,0.1
BBSR-06,Bhubaneswar Zone 06,20.27,85.839,2025-12-02,23.7,28.4,20.3,69,10.9,12.89,0.0
BBSR-06,Bhubaneswar Zone 06,20.27,85.839,2025-12-03,23.3,28.3,18.9,69,10.3,14.82,0.0
BBSR-06,Bhubaneswar Zone 06,20.27,85.839,2025-12-04,22.5,27.7,18.4,64,14.3,16.16,0.0
BBSR-06,Bhubaneswar Zone 06,20.27,85.839,2025-12-05,21.7,27.2,17.3,58,15.7,16.41,0.0
BBSR-06,Bhubaneswar Zone 06,20.27,85.839,2025-12-06,20.8,26.7,16.3,58,11.7,16.33,0.0
BBSR-06,Bhubaneswar Zone 06,20.27,85.839,2025-12-07,20.7,26.6,15.9,57,10.1,16.13,0.0
BBSR-06,Bhubaneswar Zone 06,20.27,85.839,2025-12-08,21.0,27.0,15.5,60,8.7,15.94,0.0
BBSR-06,Bhubaneswar Zone 06,20.27,85.839,2025-12-09,21.2,27.1,16.1,62,11.5,15.81,0.0
BBSR-06,Bhubaneswar Zone 06,20.27,85.839,2025-12-10,21.0,26.9,16.2,64,11.7,15.99,0.0
BBSR-06,Bhubaneswar Zone 06,20.27,85.839,2025-12-11,20.7,27.0,15.2,57,8.6,16.4,0.0
BBSR-06,Bhubaneswar Zone 06,20.27,85.839,2025-12-12,20.6,27.0,15.2,62,6.6,16.21,0.0
BBSR-06,Bhubaneswar Zone 06,20.27,85.839,2025-12-13,21.0,26.9,15.7,65,10.2,15.97,0.0
BBSR-06,Bhubaneswar Zone 06,20.27,85.839,2025-12-14,20.9,26.8,16.2,65,10.5,15.88,0.0
BBSR-06,Bhubaneswar Zone 06,20.27,85.839,2025-12-15,21.2,27.4,16.1,68,7.9,15.85,0.0
BBSR-06,Bhubaneswar Zone 06,20.27,85.839,2025-12-16,21.3,27.5,16.1,72,7.2,15.67,0.0
BBSR-06,Bhubaneswar Zone 06,20.27,85.839,2025-12-17,21.1,27.2,16.3,72,8.4,15.84,0.0
BBSR-06,Bhubaneswar Zone 06,20.27,85.839,2025-12-18,21.0,26.7,16.0,65,8.8,15.68,0.0
BBSR-06,Bhubaneswar Zone 06,20.27,85.839,2025-12-19,20.9,26.8,15.8,64,7.1,15.76,0.0
BBSR-06,Bhubaneswar Zone 06,20.27,85.839,2025-12-20,20.9,26.3,16.3,67,8.3,15.43,0.0
BBSR-06,Bhubaneswar Zone 06,20.27,85.839,2025-12-21,20.4,26.4,15.6,67,9.9,15.36,0.0
BBSR-06,Bhubaneswar Zone 06,20.27,85.839,2025-12-22,20.1,25.9,15.4,69,11.5,15.7,0.0
BBSR-06,Bhubaneswar Zone 06,20.27,85.839,2025-12-23,20.4,26.5,15.3,73,8.2,15.67,0.0
BBSR-06,Bhubaneswar Zone 06,20.27,85.839,2025-12-24,20.7,27.4,14.7,76,6.9,14.71,0.0
BBSR-06,Bhubaneswar Zone 06,20.27,85.839,2025-12-25,20.0,25.9,16.1,76,11.8,15.43,0.0
BBSR-06,Bhubaneswar Zone 06,20.27,85.839,2025-12-26,19.3,25.0,15.2,76,10.7,15.79,0.0
BBSR-06,Bhubaneswar Zone 06,20.27,85.839,2025-12-27,19.4,25.5,14.6,74,9.6,15.83,0.0
BBSR-06,Bhubaneswar Zone 06,20.27,85.839,2025-12-28,19.5,25.6,14.4,72,8.6,16.03,0.0
BBSR-06,Bhubaneswar Zone 06,20.27,85.839,2025-12-29,19.3,25.4,14.8,75,9.7,16.06,0.0
BBSR-06,Bhubaneswar Zone 06,20.27,85.839,2025-12-30,18.8,25.3,14.0,79,10.4,16.02,0.0
BBSR-06,Bhubaneswar Zone 06,20.27,85.839,2025-12-31,18.7,24.9,14.6,84,10.2,14.24,0.0
BBSR-07,Bhubaneswar Zone 07,20.238,85.834,2024-01-01,20.8,26.9,15.5,76,10.2,15.89,0.0
BBSR-07,Bhubaneswar Zone 07,20.238,85.834,2024-01-02,20.5,26.9,15.0,81,11.1,15.38,0.0
BBSR-07,Bhubaneswar Zone 07,20.238,85.834,2024-01-03,20.2,26.7,15.0,74,11.7,16.13,0.0
BBSR-07,Bhubaneswar Zone 07,20.238,85.834,2024-01-04,19.9,27.3,13.2,75,10.5,16.17,0.0
BBSR-07,Bhubaneswar Zone 07,20.238,85.834,2024-01-05,20.4,27.8,14.1,75,10.4,16.27,0.0
BBSR-07,Bhubaneswar Zone 07,20.238,85.834,2024-01-06,20.9,28.0,14.8,72,10.5,16.46,0.0
BBSR-07,Bhubaneswar Zone 07,20.238,85.834,2024-01-07,20.7,28.1,14.3,71,13.8,16.13,0.0
BBSR-07,Bhubaneswar Zone 07,20.238,85.834,2024-01-08,21.4,28.3,16.4,74,15.3,16.06,0.0
BBSR-07,Bhubaneswar Zone 07,20.238,85.834,2024-01-09,21.2,27.8,15.5,77,12.0,16.1,0.0
BBSR-07,Bhubaneswar Zone 07,20.238,85.834,2024-01-10,22.2,29.3,15.7,79,14.6,15.33,0.0
BBSR-07,Bhubaneswar Zone 07,20.238,85.834,2024-01-11,23.7,29.4,19.5,78,13.4,15.48,0.0
BBSR-07,Bhubaneswar Zone 07,20.238,85.834,2024-01-12,21.5,27.3,17.6,74,12.8,16.41,0.0
BBSR-07,Bhubaneswar Zone 07,20.238,85.834,2024-01-13,20.3,26.8,14.6,70,13.0,16.84,0.0
BBSR-07,Bhubaneswar Zone 07,20.238,85.834,2024-01-14,20.8,27.7,13.9,77,10.2,16.3,0.0
BBSR-07,Bhubaneswar Zone 07,20.238,85.834,2024-01-15,21.6,28.0,16.3,79,9.6,15.71,0.0
BBSR-07,Bhubaneswar Zone 07,20.238,85.834,2024-01-16,22.1,27.7,17.8,82,12.8,14.41,0.2
BBSR-07,Bhubaneswar Zone 07,20.238,85.834,2024-01-17,21.7,26.0,18.7,88,11.4,10.51,4.6
BBSR-07,Bhubaneswar Zone 07,20.238,85.834,2024-01-18,22.9,27.6,18.6,82,19.1,13.2,0.5
BBSR-07,Bhubaneswar Zone 07,20.238,85.834,2024-01-19,22.4,27.6,18.6,76,12.5,15.12,0.0
BBSR-07,Bhubaneswar Zone 07,20.238,85.834,2024-01-20,21.7,27.3,17.8,78,12.2,14.17,0.0
BBSR-07,Bhubaneswar Zone 07,20.238,85.834,2024-01-21,21.7,27.4,18.3,86,12.7,10.25,5.3
BBSR-07,Bhubaneswar Zone 07,20.238,85.834,2024-01-22,20.6,24.6,16.2,73,15.1,9.98,1.4
BBSR-07,Bhubaneswar Zone 07,20.238,85.834,2024-01-23,21.3,27.4,15.5,66,15.5,14.87,3.0
BBSR-07,Bhubaneswar Zone 07,20.238,85.834,2024-01-24,20.4,23.5,17.9,87,21.3,6.63,23.0
BBSR-07,Bhubaneswar Zone 07,20.238,85.834,2024-01-25,19.8,24.8,16.1,81,14.5,10.77,0.9
BBSR-07,Bhubaneswar Zone 07,20.238,85.834,2024-01-26,19.8,25.8,15.4,75,11.6,16.97,0.0
BBSR-07,Bhubaneswar Zone 07,20.238,85.834,2024-01-27,19.6,26.2,13.9,74,9.1,17.77,0.0
BBSR-07,Bhubaneswar Zone 07,20.238,85.834,2024-01-28,19.8,26.5,14.0,76,9.9,18.03,0.0
BBSR-07,Bhubaneswar Zone 07,20.238,85.834,2024-01-29,20.7,27.7,14.2,78,13.7,17.08,0.0
BBSR-07,Bhubaneswar Zone 07,20.238,85.834,2024-01-30,22.3,29.0,16.5,80,12.6,16.36,0.0
BBSR-07,Bhubaneswar Zone 07,20.238,85.834,2024-01-31,23.2,29.5,19.0,76,15.6,16.32,0.0
BBSR-07,Bhubaneswar Zone 07,20.238,85.834,2024-02-01,23.9,30.2,19.5,79,17.9,17.5,0.0
BBSR-07,Bhubaneswar Zone 07,20.238,85.834,2024-02-02,23.3,29.4,18.8,85,14.5,14.64,1.5
BBSR-07,Bhubaneswar Zone 07,20.238,85.834,2024-02-03,23.6,29.8,19.7,82,17.1,16.54,0.0
BBSR-07,Bhubaneswar Zone 07,20.238,85.834,2024-02-04,24.2,30.4,19.4,79,10.8,16.8,0.2
BBSR-07,Bhubaneswar Zone 07,20.238,85.834,2024-02-05,24.2,30.9,18.3,80,15.3,18.65,0.0
BBSR-07,Bhubaneswar Zone 07,20.238,85.834,2024-02-06,26.0,32.5,22.1,80,20.5,17.87,0.0
BBSR-07,Bhubaneswar Zone 07,20.238,85.834,2024-02-07,25.3,31.0,21.2,80,15.1,14.12,0.1
BBSR-07,Bhubaneswar Zone 07,20.238,85.834,2024-02-08,24.3,29.4,20.9,75,15.3,14.54,0.0
BBSR-07,Bhubaneswar Zone 07,20.238,85.834,2024-02-09,22.1,27.6,18.0,65,15.0,18.98,0.0
BBSR-07,Bhubaneswar Zone 07,20.238,85.834,2024-02-10,21.3,28.3,15.0,65,10.6,19.63,0.0
BBSR-07,Bhubaneswar Zone 07,20.238,85.834,2024-02-11,22.5,29.7,15.8,69,11.6,19.32,0.0
BBSR-07,Bhubaneswar Zone 07,20.238,85.834,2024-02-12,23.3,31.0,17.1,69,14.5,18.99,0.0
BBSR-07,Bhubaneswar Zone 07,20.238,85.834,2024-02-13,23.7,31.8,18.0,74,15.3,19.03,0.0
BBSR-07,Bhubaneswar Zone 07,20.238,85.834,2024-02-14,23.4,31.5,17.7,78,15.6,18.81,0.0
BBSR-07,Bhubaneswar Zone 07,20.238,85.834,2024-02-15,24.3,31.2,17.8,79,12.2,17.68,0.6
BBSR-07,Bhubaneswar Zone 07,20.238,85.834,2024-02-16,24.9,32.1,18.4,68,12.1,19.88,0.0
BBSR-07,Bhubaneswar Zone 07,20.238,85.834,2024-02-17,25.2,32.5,19.7,74,14.5,19.07,0.1
BBSR-07,Bhubaneswar Zone 07,20.238,85.834,2024-02-18,26.0,32.3,21.2,76,14.0,17.65,0.1
BBSR-07,Bhubaneswar Zone 07,20.238,85.834,2024-02-19,26.0,32.9,21.0,76,15.6,18.24,0.0
BBSR-07,Bhubaneswar Zone 07,20.238,85.834,2024-02-20,27.2,35.3,21.7,68,16.0,17.98,0.0
BBSR-07,Bhubaneswar Zone 07,20.238,85.834,2024-02-21,27.4,35.3,21.2,60,20.4,18.87,0.0
BBSR-07,Bhubaneswar Zone 07,20.238,85.834,2024-02-22,27.5,33.1,23.6,67,24.9,18.93,0.8
BBSR-07,Bhubaneswar Zone 07,20.238,85.834,2024-02-23,26.6,32.3,22.2,71,18.5,18.82,0.0
BBSR-07,Bhubaneswar Zone 07,20.238,85.834,2024-02-24,24.3,28.6,21.2,83,13.3,12.62,6.0
BBSR-07,Bhubaneswar Zone 07,20.238,85.834,2024-02-25,24.8,30.9,20.8,79,14.9,16.47,4.1
BBSR-07,Bhubaneswar Zone 07,20.238,85.834,2024-02-26,25.2,31.2,20.3,71,13.2,19.79,0.0
BBSR-07,Bhubaneswar Zone 07,20.238,85.834,2024-02-27,25.2,32.0,19.8,67,14.7,20.62,2.0
BBSR-07,Bhubaneswar Zone 07,20.238,85.834,2024-02-28,26.6,33.2,21.0,68,11.0,20.18,0.8
BBSR-07,Bhubaneswar Zone 07,20.238,85.834,2024-02-29,26.8,33.3,21.2,74,10.0,19.92,0.0
BBSR-07,Bhubaneswar Zone 07,20.238,85.834,2024-03-01,27.1,34.2,23.0,77,17.4,19.83,0.0
BBSR-07,Bhubaneswar Zone 07,20.238,85.834,2024-03-02,27.2,35.1,21.5,73,16.9,20.96,0.0
BBSR-07,Bhubaneswar Zone 07,20.238,85.834,2024-03-03,27.4,33.7,22.8,73,15.5,20.98,0.0
BBSR-07,Bhubaneswar Zone 07,20.238,85.834,2024-03-04,27.6,33.6,22.7,76,16.6,19.48,0.3
BBSR-07,Bhubaneswar Zone 07,20.238,85.834,2024-03-05,27.3,33.7,22.4,77,16.3,19.16,2.9
BBSR-07,Bhubaneswar Zone 07,20.238,85.834,2024-03-06,26.8,34.9,23.1,81,21.7,18.46,6.4
BBSR-07,Bhubaneswar Zone 07,20.238,85.834,2024-03-07,26.9,34.2,23.4,81,11.5,16.25,17.9
BBSR-07,Bhubaneswar Zone 07,20.238,85.834,2024-03-08,26.0,32.4,22.5,81,11.0,17.88,2.4
BBSR-07,Bhubaneswar Zone 07,20.238,85.834,2024-03-09,26.2,32.7,20.2,70,16.2,21.03,0.0
BBSR-07,Bhubaneswar Zone 07,20.238,85.834,2024-03-10,26.8,33.2,21.5,69,16.5,20.32,0.0
BBSR-07,Bhubaneswar Zone 07,20.238,85.834,2024-03-11,27.2,33.1,21.9,75,15.3,20.66,0.4
BBSR-07,Bhubaneswar Zone 07,20.238,85.834,2024-03-12,28.8,35.1,23.7,76,15.7,20.06,1.1
BBSR-07,Bhubaneswar Zone 07,20.238,85.834,2024-03-13,29.3,35.2,25.2,76,18.2,19.64,2.8
BBSR-07,Bhubaneswar Zone 07,20.238,85.834,2024-03-14,29.7,36.1,26.4,72,18.1,19.38,0.3
BBSR-07,Bhubaneswar Zone 07,20.238,85.834,2024-03-15,29.2,36.4,24.9,74,18.6,19.84,0.4
BBSR-07,Bhubaneswar Zone 07,20.238,85.834,2024-03-16,28.5,34.1,24.8,77,14.8,21.07,2.3
BBSR-07,Bhubaneswar Zone 07,20.238,85.834,2024-03-17,28.2,33.8,23.2,76,12.1,19.8,1.1
BBSR-07,Bhubaneswar Zone 07,20.238,85.834,2024-03-18,28.4,33.4,24.0,76,17.6,17.59,9.7
BBSR-07,Bhubaneswar Zone 07,20.238,85.834,2024-03-19,24.7,29.8,22.2,84,21.8,10.51,14.1
BBSR-07,Bhubaneswar Zone 07,20.238,85.834,2024-03-20,21.5,25.5,19.3,81,19.8,6.86,23.1
BBSR-07,Bhubaneswar Zone 07,20.238,85.834,2024-03-21,23.4,30.7,16.5,78,17.1,21.19,0.0
BBSR-07,Bhubaneswar Zone 07,20.238,85.834,2024-03-22,26.8,32.4,22.1,78,19.4,20.67,1.0
BBSR-07,Bhubaneswar Zone 07,20.238,85.834,2024-03-23,28.2,36.2,21.2,73,17.2,22.86,0.0
BBSR-07,Bhubaneswar Zone 07,20.238,85.834,2024-03-24,28.7,34.9,24.2,75,21.7,22.73,0.0
BBSR-07,Bhubaneswar Zone 07,20.238,85.834,2024-03-25,29.2,35.7,24.4,66,17.7,21.53,0.0
BBSR-07,Bhubaneswar Zone 07,20.238,85.834,2024-03-26,29.3,35.6,24.1,58,21.9,22.62,0.0
BBSR-07,Bhubaneswar Zone 07,20.238,85.834,2024-03-27,29.7,36.5,24.6,63,17.0,23.16,0.0
BBSR-07,Bhubaneswar Zone 07,20.238,85.834,2024-03-28,29.7,36.9,24.1,72,16.7,22.38,0.2
BBSR-07,Bhubaneswar Zone 07,20.238,85.834,2024-03-29,30.1,37.4,23.9,69,20.0,22.99,0.0
BBSR-07,Bhubaneswar Zone 07,20.238,85.834,2024-03-30,30.8,37.5,25.1,64,18.3,22.04,0.0
BBSR-07,Bhubaneswar Zone 07,20.238,85.834,2024-03-31,30.4,36.7,24.6,65,18.7,20.82,0.0
BBSR-07,Bhubaneswar Zone 07,20.238,85.834,2024-04-01,31.0,37.6,25.0,61,18.2,22.78,0.1
BBSR-07,Bhubaneswar Zone 07,20.238,85.834,2024-04-02,31.0,37.9,26.1,70,18.0,23.52,0.0
BBSR-07,Bhubaneswar Zone 07,20.238,85.834,2024-04-03,30.7,36.8,25.8,74,16.1,23.31,0.0
BBSR-07,Bhubaneswar Zone 07,20.238,85.834,2024-04-04,30.9,37.2,26.0,75,17.6,21.11,0.0
BBSR-07,Bhubaneswar Zone 07,20.238,85.834,2024-04-05,32.2,41.2,26.0,67,17.7,23.14,0.0
BBSR-07,Bhubaneswar Zone 07,20.238,85.834,2024-04-06,31.6,39.7,25.0,71,18.2,22.84,0.0
BBSR-07,Bhubaneswar Zone 07,20.238,85.834,2024-04-07,30.3,37.8,25.1,73,16.2,20.83,2.7
BBSR-07,Bhubaneswar Zone 07,20.238,85.834,2024-04-08,27.8,33.5,24.0,65,25.3,23.75,0.0
BBSR-07,Bhubaneswar Zone 07,20.238,85.834,2024-04-09,29.3,36.5,24.1,54,22.2,22.14,0.0
BBSR-07,Bhubaneswar Zone 07,20.238,85.834,2024-04-10,29.3,36.3,22.7,59,9.4,21.82,0.0
BBSR-07,Bhubaneswar Zone 07,20.238,85.834,2024-04-11,26.4,29.6,22.7,72,26.4,12.93,0.0
BBSR-07,Bhubaneswar Zone 07,20.238,85.834,2024-04-12,27.4,33.9,21.9,68,14.2,18.38,0.0
BBSR-07,Bhubaneswar Zone 07,20.238,85.834,2024-04-13,29.6,36.7,22.1,57,11.4,23.36,0.0
BBSR-07,Bhubaneswar Zone 07,20.238,85.834,2024-04-14,30.8,37.8,24.1,60,11.6,23.79,0.0
BBSR-07,Bhubaneswar Zone 07,20.238,85.834,2024-04-15,31.6,39.2,25.0,60,16.9,24.38,0.0
BBSR-07,Bhubaneswar Zone 07,20.238,85.834,2024-04-16,32.9,40.2,26.2,60,13.3,23.9,0.0
BBSR-07,Bhubaneswar Zone 07,20.238,85.834,2024-04-17,33.6,41.2,27.0,56,17.1,23.76,0.0
BBSR-07,Bhubaneswar Zone 07,20.238,85.834,2024-04-18,33.1,41.3,26.3,57,15.7,25.53,0.0
BBSR-07,Bhubaneswar Zone 07,20.238,85.834,2024-04-19,32.0,41.7,24.1,65,23.1,25.71,0.0
BBSR-07,Bhubaneswar Zone 07,20.238,85.834,2024-04-20,32.2,38.7,26.8,70,19.0,23.91,0.0
BBSR-07,Bhubaneswar Zone 07,20.238,85.834,2024-04-21,33.1,41.2,26.1,66,18.5,23.06,0.2
BBSR-07,Bhubaneswar Zone 07,20.238,85.834,2024-04-22,33.6,40.0,27.5,52,18.5,22.27,1.2
BBSR-07,Bhubaneswar Zone 07,20.238,85.834,2024-04-23,32.6,40.3,26.0,45,15.8,24.6,0.0
BBSR-07,Bhubaneswar Zone 07,20.238,85.834,2024-04-24,32.1,40.0,26.8,58,25.6,23.08,0.9
BBSR-07,Bhubaneswar Zone 07,20.238,85.834,2024-04-25,32.4,40.6,25.3,62,16.9,23.73,0.0
BBSR-07,Bhubaneswar Zone 07,20.238,85.834,2024-04-26,32.7,39.8,27.4,68,17.6,24.27,0.0
BBSR-07,Bhubaneswar Zone 07,20.238,85.834,2024-04-27,32.6,40.1,27.7,69,18.2,24.7,0.4
BBSR-07,Bhubaneswar Zone 07,20.238,85.834,2024-04-28,33.3,40.6,27.4,62,16.9,24.67,0.0
BBSR-07,Bhubaneswar Zone 07,20.238,85.834,2024-04-29,33.1,40.5,27.4,65,17.7,24.04,0.0
BBSR-07,Bhubaneswar Zone 07,20.238,85.834,2024-04-30,33.2,40.6,27.3,59,23.0,24.47,0.0
BBSR-07,Bhubaneswar Zone 07,20.238,85.834,2024-05-01,33.1,39.7,29.2,64,20.2,22.71,0.0
BBSR-07,Bhubaneswar Zone 07,20.238,85.834,2024-05-02,32.3,37.6,28.5,72,24.2,23.82,0.0
BBSR-07,Bhubaneswar Zone 07,20.238,85.834,2024-05-03,32.4,40.3,27.2,71,17.7,25.01,0.0
BBSR-07,Bhubaneswar Zone 07,20.238,85.834,2024-05-04,32.0,37.4,27.9,74,21.9,23.29,0.0
BBSR-07,Bhubaneswar Zone 07,20.238,85.834,2024-05-05,31.7,37.4,27.7,75,24.7,24.92,0.0
BBSR-07,Bhubaneswar Zone 07,20.238,85.834,2024-05-06,31.6,37.0,28.5,76,27.4,20.56,2.1
BBSR-07,Bhubaneswar Zone 07,20.238,85.834,2024-05-07,29.9,35.5,27.9,75,28.9,17.9,2.0
BBSR-07,Bhubaneswar Zone 07,20.238,85.834,2024-05-08,30.1,36.2,26.6,74,17.8,21.55,6.9
BBSR-07,Bhubaneswar Zone 07,20.238,85.834,2024-05-09,30.5,34.9,27.1,75,21.9,20.64,0.4
BBSR-07,Bhubaneswar Zone 07,20.238,85.834,2024-05-10,30.7,35.5,27.6,73,21.8,23.4,0.8
BBSR-07,Bhubaneswar Zone 07,20.238,85.834,2024-05-11,31.4,36.0,27.8,74,20.9,24.0,0.1
BBSR-07,Bhubaneswar Zone 07,20.238,85.834,2024-05-12,30.3,35.8,27.4,78,20.9,21.68,7.4
BBSR-07,Bhubaneswar Zone 07,20.238,85.834,2024-05-13,30.4,37.8,27.2,76,13.9,22.76,2.8
BBSR-07,Bhubaneswar Zone 07,20.238,85.834,2024-05-14,30.0,34.7,26.2,78,14.7,23.04,1.3
BBSR-07,Bhubaneswar Zone 07,20.238,85.834,2024-05-15,30.9,36.9,25.9,71,17.0,24.06,0.3
BBSR-07,Bhubaneswar Zone 07,20.238,85.834,2024-05-16,31.0,35.6,27.9,71,16.6,17.78,0.0
BBSR-07,Bhubaneswar Zone 07,20.238,85.834,2024-05-17,32.0,37.7,28.0,69,18.0,22.73,0.0
BBSR-07,Bhubaneswar Zone 07,20.238,85.834,2024-05-18,31.7,36.8,28.3,73,14.8,19.93,5.5
BBSR-07,Bhubaneswar Zone 07,20.238,85.834,2024-05-19,31.4,35.6,28.5,73,14.4,21.9,0.4
BBSR-07,Bhubaneswar Zone 07,20.238,85.834,2024-05-20,31.7,35.7,29.0,72,19.7,22.3,1.1
BBSR-07,Bhubaneswar Zone 07,20.238,85.834,2024-05-21,31.3,36.0,28.4,74,18.7,21.13,0.0
BBSR-07,Bhubaneswar Zone 07,20.238,85.834,2024-05-22,31.3,36.2,28.0,74,19.4,22.69,0.2
BBSR-07,Bhubaneswar Zone 07,20.238,85.834,2024-05-23,31.2,36.3,27.0,71,16.5,23.34,0.0
BBSR-07,Bhubaneswar Zone 07,20.238,85.834,2024-05-24,30.9,34.9,27.6,72,20.3,18.63,1.0
BBSR-07,Bhubaneswar Zone 07,20.238,85.834,2024-05-25,30.7,34.8,28.1,78,20.7,19.97,9.0
BBSR-07,Bhubaneswar Zone 07,20.238,85.834,2024-05-26,30.0,34.7,27.9,80,18.5,6.26,14.9
BBSR-07,Bhubaneswar Zone 07,20.238,85.834,2024-05-27,31.5,36.0,28.1,80,20.3,15.66,0.1
BBSR-07,Bhubaneswar Zone 07,20.238,85.834,2024-05-28,32.8,37.7,30.2,78,23.8,23.52,0.0
BBSR-07,Bhubaneswar Zone 07,20.238,85.834,2024-05-29,32.8,36.9,30.1,77,25.4,24.57,0.0
BBSR-07,Bhubaneswar Zone 07,20.238,85.834,2024-05-30,32.4,36.6,29.8,78,26.2,23.84,0.0
BBSR-07,Bhubaneswar Zone 07,20.238,85.834,2024-05-31,32.2,36.2,30.0,79,25.3,22.3,0.0
BBSR-07,Bhubaneswar Zone 07,20.238,85.834,2024-06-01,31.8,35.1,29.4,78,24.3,18.12,0.0
BBSR-07,Bhubaneswar Zone 07,20.238,85.834,2024-06-02,31.3,36.1,28.3,78,24.9,20.14,18.0
BBSR-07,Bhubaneswar Zone 07,20.238,85.834,2024-06-03,30.8,35.4,28.2,75,21.9,19.71,0.0
BBSR-07,Bhubaneswar Zone 07,20.238,85.834,2024-06-04,31.1,37.6,28.5,79,17.8,20.1,11.5
BBSR-07,Bhubaneswar Zone 07,20.238,85.834,2024-06-05,32.0,36.9,28.5,70,13.5,23.99,0.1
BBSR-07,Bhubaneswar Zone 07,20.238,85.834,2024-06-06,32.5,38.8,27.7,70,19.9,24.69,0.0
BBSR-07,Bhubaneswar Zone 07,20.238,85.834,2024-06-07,31.8,37.1,28.6,71,20.6,24.7,0.0
BBSR-07,Bhubaneswar Zone 07,20.238,85.834,2024-06-08,31.7,37.5,27.6,71,21.7,24.86,0.0
BBSR-07,Bhubaneswar Zone 07,20.238,85.834,2024-06-09,32.3,38.8,28.1,69,22.3,24.55,0.0
BBSR-07,Bhubaneswar Zone 07,20.238,85.834,2024-06-10,31.8,37.9,27.6,69,21.7,25.36,0.0
BBSR-07,Bhubaneswar Zone 07,20.238,85.834,2024-06-11,31.4,36.9,27.7,72,21.3,24.81,0.0
BBSR-07,Bhubaneswar Zone 07,20.238,85.834,2024-06-12,31.9,38.7,28.3,73,19.7,22.65,1.7
BBSR-07,Bhubaneswar Zone 07,20.238,85.834,2024-06-13,32.1,37.9,28.7,72,24.8,22.51,0.0
BBSR-07,Bhubaneswar Zone 07,20.238,85.834,2024-06-14,32.5,38.2,28.6,67,20.3,21.1,0.0
BBSR-07,Bhubaneswar Zone 07,20.238,85.834,2024-06-15,32.9,39.1,28.9,69,22.3,24.33,0.0
BBSR-07,Bhubaneswar Zone 07,20.238,85.834,2024-06-16,31.3,37.3,27.8,75,20.0,21.75,9.3
BBSR-07,Bhubaneswar Zone 07,20.238,85.834,2024-06-17,31.3,37.4,29.0,76,26.7,16.63,23.7
BBSR-07,Bhubaneswar Zone 07,20.238,85.834,2024-06-18,31.5,36.4,29.1,76,26.3,15.21,6.6
BBSR-07,Bhubaneswar Zone 07,20.238,85.834,2024-06-19,32.2,37.9,28.7,71,22.2,21.0,0.0
BBSR-07,Bhubaneswar Zone 07,20.238,85.834,2024-06-20,31.1,35.9,28.7,76,17.1,18.65,12.5
BBSR-07,Bhubaneswar Zone 07,20.238,85.834,2024-06-21,29.4,35.1,27.3,80,9.2,18.78,12.5
BBSR-07,Bhubaneswar Zone 07,20.238,85.834,2024-06-22,29.4,33.6,26.1,79,15.3,19.97,4.9
BBSR-07,Bhubaneswar Zone 07,20.238,85.834,2024-06-23,30.2,34.0,27.2,77,21.1,20.49,0.3
BBSR-07,Bhubaneswar Zone 07,20.238,85.834,2024-06-24,30.7,34.7,28.1,74,17.5,22.6,0.4
BBSR-07,Bhubaneswar Zone 07,20.238,85.834,2024-06-25,30.7,35.5,28.1,76,15.7,22.46,3.2
BBSR-07,Bhubaneswar Zone 07,20.238,85.834,2024-06-26,29.4,34.7,27.4,82,17.4,18.77,8.3
BBSR-07,Bhubaneswar Zone 07,20.238,85.834,2024-06-27,28.8,32.1,26.8,84,16.0,18.18,8.2
BBSR-07,Bhubaneswar Zone 07,20.238,85.834,2024-06-28,29.2,34.1,26.5,84,12.5,18.77,4.3
BBSR-07,Bhubaneswar Zone 07,20.238,85.834,2024-06-29,28.9,33.5,26.4,84,17.2,15.43,19.2
BBSR-07,Bhubaneswar Zone 07,20.238,85.834,2024-06-30,28.1,31.8,26.2,88,17.4,12.54,20.5
BBSR-07,Bhubaneswar Zone 07,20.238,85.834,2024-07-01,28.8,32.1,26.9,83,21.6,15.66,3.9
BBSR-07,Bhubaneswar Zone 07,20.238,85.834,2024-07-02,29.3,32.9,26.7,82,17.1,12.45,1.1
BBSR-07,Bhubaneswar Zone 07,20.238,85.834,2024-07-03,28.5,31.7,27.0,86,13.8,9.06,9.5
BBSR-07,Bhubaneswar Zone 07,20.238,85.834,2024-07-04,29.1,33.4,27.1,85,15.3,18.91,11.6
BBSR-07,Bhubaneswar Zone 07,20.238,85.834,2024-07-05,29.1,32.3,27.2,84,19.9,16.71,4.9
BBSR-07,Bhubaneswar Zone 07,20.238,85.834,2024-07-06,28.8,32.2,25.9,86,18.9,18.05,11.9
BBSR-07,Bhubaneswar Zone 07,20.238,85.834,2024-07-07,28.5,33.3,26.1,87,15.4,20.21,15.4
BBSR-07,Bhubaneswar Zone 07,20.238,85.834,2024-07-08,28.4,31.9,25.8,83,15.4,17.53,3.9
BBSR-07,Bhubaneswar Zone 07,20.238,85.834,2024-07-09,28.7,32.0,25.8,81,21.1,20.42,2.6
BBSR-07,Bhubaneswar Zone 07,20.238,85.834,2024-07-10,29.5,32.4,27.0,78,19.5,22.65,0.9
BBSR-07,Bhubaneswar Zone 07,20.238,85.834,2024-07-11,29.5,32.3,27.6,81,21.5,17.47,10.8
BBSR-07,Bhubaneswar Zone 07,20.238,85.834,2024-07-12,28.6,32.7,26.7,86,19.2,15.12,12.9
BBSR-07,Bhubaneswar Zone 07,20.238,85.834,2024-07-13,28.8,32.5,26.3,85,11.2,18.12,8.7
BBSR-07,Bhubaneswar Zone 07,20.238,85.834,2024-07-14,28.6,33.7,26.1,86,15.5,22.29,20.9
BBSR-07,Bhubaneswar Zone 07,20.238,85.834,2024-07-15,28.0,31.4,25.5,86,16.5,18.95,12.6
BBSR-07,Bhubaneswar Zone 07,20.238,85.834,2024-07-16,28.7,32.5,25.8,83,15.5,19.37,2.7
BBSR-07,Bhubaneswar Zone 07,20.238,85.834,2024-07-17,28.9,32.3,26.0,84,14.9,20.5,2.9
BBSR-07,Bhubaneswar Zone 07,20.238,85.834,2024-07-18,28.9,32.9,26.3,84,19.3,18.63,27.2
BBSR-07,Bhubaneswar Zone 07,20.238,85.834,2024-07-19,28.6,31.9,26.4,84,25.7,18.45,9.6
BBSR-07,Bhubaneswar Zone 07,20.238,85.834,2024-07-20,28.6,32.6,26.6,84,17.7,14.34,10.8
BBSR-07,Bhubaneswar Zone 07,20.238,85.834,2024-07-21,29.1,32.7,26.5,81,22.6,19.83,1.5
BBSR-07,Bhubaneswar Zone 07,20.238,85.834,2024-07-22,28.6,31.8,26.8,82,21.7,16.43,2.4
BBSR-07,Bhubaneswar Zone 07,20.238,85.834,2024-07-23,27.9,31.0,26.6,86,22.0,11.49,5.0
BBSR-07,Bhubaneswar Zone 07,20.238,85.834,2024-07-24,27.8,31.0,25.7,86,23.2,13.58,8.5
BBSR-07,Bhubaneswar Zone 07,20.238,85.834,2024-07-25,27.8,30.7,25.3,86,20.1,13.78,5.3
BBSR-07,Bhubaneswar Zone 07,20.238,85.834,2024-07-26,28.7,32.2,25.8,82,20.2,17.56,7.3
BBSR-07,Bhubaneswar Zone 07,20.238,85.834,2024-07-27,29.0,32.8,25.9,83,17.1,18.6,2.8
BBSR-07,Bhubaneswar Zone 07,20.238,85.834,2024-07-28,29.3,33.2,25.7,81,10.8,20.32,22.4
BBSR-07,Bhubaneswar Zone 07,20.238,85.834,2024-07-29,28.5,32.0,26.2,89,11.5,14.52,17.2
BBSR-07,Bhubaneswar Zone 07,20.238,85.834,2024-07-30,28.5,32.4,26.2,88,14.5,18.42,17.5
BBSR-07,Bhubaneswar Zone 07,20.238,85.834,2024-07-31,28.2,31.7,26.1,90,15.3,13.72,24.0
BBSR-07,Bhubaneswar Zone 07,20.238,85.834,2024-08-01,27.6,29.8,26.3,92,17.8,6.61,22.9
BBSR-07,Bhubaneswar Zone 07,20.238,85.834,2024-08-02,28.2,30.6,27.1,85,22.7,11.44,2.9
BBSR-07,Bhubaneswar Zone 07,20.238,85.834,2024-08-03,28.9,31.6,26.6,82,21.0,16.33,2.5
BBSR-07,Bhubaneswar Zone 07,20.238,85.834,2024-08-04,29.2,32.1,27.0,83,20.1,13.42,0.2
BBSR-07,Bhubaneswar Zone 07,20.238,85.834,2024-08-05,28.2,31.9,26.3,87,16.5,14.62,23.0
BBSR-07,Bhubaneswar Zone 07,20.238,85.834,2024-08-06,27.3,30.7,26.0,90,14.8,14.52,26.9
BBSR-07,Bhubaneswar Zone 07,20.238,85.834,2024-08-07,27.1,30.7,25.2,89,13.8,13.62,15.2
BBSR-07,Bhubaneswar Zone 07,20.238,85.834,2024-08-08,27.9,31.7,24.9,85,14.0,17.42,7.7
BBSR-07,Bhubaneswar Zone 07,20.238,85.834,2024-08-09,28.1,31.7,25.3,86,14.8,15.06,25.8
BBSR-07,Bhubaneswar Zone 07,20.238,85.834,2024-08-10,28.3,32.3,25.4,85,13.0,19.39,27.0
BBSR-07,Bhubaneswar Zone 07,20.238,85.834,2024-08-11,28.5,32.6,25.1,85,14.6,19.87,21.0
BBSR-07,Bhubaneswar Zone 07,20.238,85.834,2024-08-12,28.9,32.7,25.6,84,15.8,21.09,12.2
BBSR-07,Bhubaneswar Zone 07,20.238,85.834,2024-08-13,28.9,33.0,26.6,87,14.5,17.36,22.2
BBSR-07,Bhubaneswar Zone 07,20.238,85.834,2024-08-14,28.1,31.5,26.5,89,16.6,13.53,34.8
BBSR-07,Bhubaneswar Zone 07,20.238,85.834,2024-08-15,28.0,31.4,25.8,88,15.3,13.53,29.2
BBSR-07,Bhubaneswar Zone 07,20.238,85.834,2024-08-16,27.3,30.8,25.6,89,13.0,11.03,21.7
BBSR-07,Bhubaneswar Zone 07,20.238,85.834,2024-08-17,27.2,31.3,25.1,90,19.9,11.84,19.0
BBSR-07,Bhubaneswar Zone 07,20.238,85.834,2024-08-18,27.6,31.9,24.9,87,15.4,18.63,20.4
BBSR-07,Bhubaneswar Zone 07,20.238,85.834,2024-08-19,27.7,31.7,25.4,87,13.5,17.53,8.8
BBSR-07,Bhubaneswar Zone 07,20.238,85.834,2024-08-20,28.4,32.4,26.0,86,16.2,16.96,17.3
BBSR-07,Bhubaneswar Zone 07,20.238,85.834,2024-08-21,28.2,31.5,26.0,86,19.6,14.09,12.9
BBSR-07,Bhubaneswar Zone 07,20.238,85.834,2024-08-22,27.8,30.3,26.5,87,16.9,12.93,2.1
BBSR-07,Bhubaneswar Zone 07,20.238,85.834,2024-08-23,26.6,28.3,26.0,93,15.6,5.51,34.2
BBSR-07,Bhubaneswar Zone 07,20.238,85.834,2024-08-24,26.7,29.2,25.0,92,17.8,7.9,17.9
BBSR-07,Bhubaneswar Zone 07,20.238,85.834,2024-08-25,27.8,31.6,25.6,87,15.7,14.51,11.7
BBSR-07,Bhubaneswar Zone 07,20.238,85.834,2024-08-26,27.1,30.1,24.5,88,10.9,11.02,15.0
BBSR-07,Bhubaneswar Zone 07,20.238,85.834,2024-08-27,27.9,31.7,25.3,86,12.3,16.05,10.5
BBSR-07,Bhubaneswar Zone 07,20.238,85.834,2024-08-28,26.8,30.7,24.9,91,7.3,12.29,19.6
BBSR-07,Bhubaneswar Zone 07,20.238,85.834,2024-08-29,27.5,31.4,24.8,86,15.6,19.16,3.9
BBSR-07,Bhubaneswar Zone 07,20.238,85.834,2024-08-30,28.1,31.7,25.2,83,21.8,20.26,1.7
BBSR-07,Bhubaneswar Zone 07,20.238,85.834,2024-08-31,28.0,30.9,25.4,84,26.4,18.26,7.5
BBSR-07,Bhubaneswar Zone 07,20.238,85.834,2024-09-01,28.0,31.1,25.9,84,20.1,16.65,4.9
BBSR-07,Bhubaneswar Zone 07,20.238,85.834,2024-09-02,27.5,30.1,25.0,87,14.3,14.52,18.3
BBSR-07,Bhubaneswar Zone 07,20.238,85.834,2024-09-03,28.1,30.9,25.1,83,17.4,18.37,0.9
BBSR-07,Bhubaneswar Zone 07,20.238,85.834,2024-09-04,28.2,31.4,25.2,83,15.1,20.28,0.7
BBSR-07,Bhubaneswar Zone 07,20.238,85.834,2024-09-05,28.0,31.4,24.9,86,10.0,17.07,11.4
BBSR-07,Bhubaneswar Zone 07,20.238,85.834,2024-09-06,28.3,31.8,25.5,86,12.5,18.27,13.4
BBSR-07,Bhubaneswar Zone 07,20.238,85.834,2024-09-07,27.5,31.2,25.3,87,23.0,16.75,11.4
BBSR-07,Bhubaneswar Zone 07,20.238,85.834,2024-09-08,27.6,31.1,25.6,86,23.5,14.71,13.7
BBSR-07,Bhubaneswar Zone 07,20.238,85.834,2024-09-09,28.2,30.8,25.9,86,24.3,14.4,6.8
BBSR-07,Bhubaneswar Zone 07,20.238,85.834,2024-09-10,29.2,32.6,26.1,83,20.8,19.59,1.0
BBSR-07,Bhubaneswar Zone 07,20.238,85.834,2024-09-11,29.4,32.5,26.7,84,16.2,18.81,1.8
BBSR-07,Bhubaneswar Zone 07,20.238,85.834,2024-09-12,29.2,32.3,27.0,83,12.5,11.77,0.0
BBSR-07,Bhubaneswar Zone 07,20.238,85.834,2024-09-13,28.9,32.1,26.6,81,17.2,13.02,15.1
BBSR-07,Bhubaneswar Zone 07,20.238,85.834,2024-09-14,27.6,29.4,26.2,87,21.6,7.78,31.9
BBSR-07,Bhubaneswar Zone 07,20.238,85.834,2024-09-15,27.3,29.8,25.6,81,26.7,8.85,3.1
BBSR-07,Bhubaneswar Zone 07,20.238,85.834,2024-09-16,27.6,31.5,25.4,82,20.1,13.96,6.6
BBSR-07,Bhubaneswar Zone 07,20.238,85.834,2024-09-17,28.0,32.2,25.1,86,14.2,19.72,16.3
BBSR-07,Bhubaneswar Zone 07,20.238,85.834,2024-09-18,27.8,31.4,25.2,88,9.7,16.19,4.6
BBSR-07,Bhubaneswar Zone 07,20.238,85.834,2024-09-19,28.6,33.1,24.6,81,12.1,21.89,0.0
BBSR-07,Bhubaneswar Zone 07,20.238,85.834,2024-09-20,28.4,33.3,25.1,86,13.2,20.06,8.3
BBSR-07,Bhubaneswar Zone 07,20.238,85.834,2024-09-21,28.7,33.6,25.6,84,13.8,20.95,1.2
BBSR-07,Bhubaneswar Zone 07,20.238,85.834,2024-09-22,27.9,31.8,25.6,87,12.2,15.71,2.6
BBSR-07,Bhubaneswar Zone 07,20.238,85.834,2024-09-23,27.5,31.9,25.5,91,15.0,13.74,20.4
BBSR-07,Bhubaneswar Zone 07,20.238,85.834,2024-09-24,27.0,29.6,25.0,91,13.7,10.17,26.2
BBSR-07,Bhubaneswar Zone 07,20.238,85.834,2024-09-25,27.0,29.2,25.3,91,15.3,9.61,32.8
BBSR-07,Bhubaneswar Zone 07,20.238,85.834,2024-09-26,26.4,28.2,24.8,91,23.4,8.27,18.8
BBSR-07,Bhubaneswar Zone 07,20.238,85.834,2024-09-27,27.3,29.6,25.2,87,22.5,14.83,12.6
BBSR-07,Bhubaneswar Zone 07,20.238,85.834,2024-09-28,28.7,31.9,26.0,84,20.1,20.24,0.6
BBSR-07,Bhubaneswar Zone 07,20.238,85.834,2024-09-29,28.9,32.3,26.2,84,12.9,19.85,1.9
BBSR-07,Bhubaneswar Zone 07,20.238,85.834,2024-09-30,29.2,34.2,26.4,85,12.1,19.83,3.4
BBSR-07,Bhubaneswar Zone 07,20.238,85.834,2024-10-01,30.0,34.8,25.6,80,12.4,21.02,0.3
BBSR-07,Bhubaneswar Zone 07,20.238,85.834,2024-10-02,28.2,31.2,24.9,87,13.8,11.43,13.3
BBSR-07,Bhubaneswar Zone 07,20.238,85.834,2024-10-03,29.1,33.0,26.3,82,19.4,18.86,0.2
BBSR-07,Bhubaneswar Zone 07,20.238,85.834,2024-10-04,29.3,33.9,25.0,77,13.1,20.91,0.1
BBSR-07,Bhubaneswar Zone 07,20.238,85.834,2024-10-05,27.5,32.4,25.1,86,17.5,14.25,2.6
BBSR-07,Bhubaneswar Zone 07,20.238,85.834,2024-10-06,26.9,32.2,24.1,89,15.4,19.29,6.9
BBSR-07,Bhubaneswar Zone 07,20.238,85.834,2024-10-07,26.7,30.9,24.7,91,13.5,12.8,16.9
BBSR-07,Bhubaneswar Zone 07,20.238,85.834,2024-10-08,27.0,30.5,24.5,91,12.4,14.51,12.2
BBSR-07,Bhubaneswar Zone 07,20.238,85.834,2024-10-09,27.6,31.8,24.2,84,11.4,19.61,0.2
BBSR-07,Bhubaneswar Zone 07,20.238,85.834,2024-10-10,27.5,31.7,23.6,83,12.7,19.83,0.1
BBSR-07,Bhubaneswar Zone 07,20.238,85.834,2024-10-11,28.1,32.2,24.1,82,9.6,19.79,0.2
BBSR-07,Bhubaneswar Zone 07,20.238,85.834,2024-10-12,28.1,31.8,24.5,82,11.5,18.8,2.4
BBSR-07,Bhubaneswar Zone 07,20.238,85.834,2024-10-13,28.1,32.2,24.7,84,12.5,19.03,1.1
BBSR-07,Bhubaneswar Zone 07,20.238,85.834,2024-10-14,28.2,32.8,24.3,81,9.8,19.36,0.2
BBSR-07,Bhubaneswar Zone 07,20.238,85.834,2024-10-15,27.8,32.5,24.0,84,8.4,18.55,3.0
BBSR-07,Bhubaneswar Zone 07,20.238,85.834,2024-10-16,27.9,32.0,24.3,83,13.5,18.13,2.9
BBSR-07,Bhubaneswar Zone 07,20.238,85.834,2024-10-17,27.9,32.8,25.0,85,10.5,17.18,2.7
BBSR-07,Bhubaneswar Zone 07,20.238,85.834,2024-10-18,28.2,32.3,24.5,84,11.9,17.83,1.6
BBSR-07,Bhubaneswar Zone 07,20.238,85.834,2024-10-19,27.3,32.2,24.7,86,11.2,16.67,69.7
BBSR-07,Bhubaneswar Zone 07,20.238,85.834,2024-10-20,26.3,30.3,24.0,90,10.5,13.34,5.8
BBSR-07,Bhubaneswar Zone 07,20.238,85.834,2024-10-21,27.4,31.8,24.3,79,14.3,18.75,0.3
BBSR-07,Bhubaneswar Zone 07,20.238,85.834,2024-10-22,27.2,31.7,23.2,75,15.3,20.17,0.0
BBSR-07,Bhubaneswar Zone 07,20.238,85.834,2024-10-23,27.1,31.5,23.5,76,21.2,16.88,8.7
BBSR-07,Bhubaneswar Zone 07,20.238,85.834,2024-10-24,25.1,26.6,24.3,88,34.5,3.46,62.1
BBSR-07,Bhubaneswar Zone 07,20.238,85.834,2024-10-25,25.5,27.6,23.9,85,29.3,5.25,8.2
BBSR-07,Bhubaneswar Zone 07,20.238,85.834,2024-10-26,24.7,26.3,23.2,91,13.7,5.84,25.2
BBSR-07,Bhubaneswar Zone 07,20.238,85.834,2024-10-27,25.8,29.7,22.4,90,10.1,13.82,3.2
BBSR-07,Bhubaneswar Zone 07,20.238,85.834,2024-10-28,26.0,29.5,24.0,91,10.7,12.63,4.6
BBSR-07,Bhubaneswar Zone 07,20.238,85.834,2024-10-29,26.2,29.9,23.6,90,14.9,13.44,1.1
BBSR-07,Bhubaneswar Zone 07,20.238,85.834,2024-10-30,26.9,30.4,23.7,86,8.2,16.06,0.7
BBSR-07,Bhubaneswar Zone 07,20.238,85.834,2024-10-31,27.1,31.9,22.4,82,10.7,18.6,0.0
BBSR-07,Bhubaneswar Zone 07,20.238,85.834,2024-11-01,26.0,29.5,23.8,90,13.5,9.72,14.9
BBSR-07,Bhubaneswar Zone 07,20.238,85.834,2024-11-02,26.2,31.9,22.1,82,9.3,18.64,0.0
BBSR-07,Bhubaneswar Zone 07,20.238,85.834,2024-11-03,26.0,31.5,20.6,75,8.3,19.02,0.0
BBSR-07,Bhubaneswar Zone 07,20.238,85.834,2024-11-04,25.5,30.8,20.7,79,8.2,18.45,0.0
BBSR-07,Bhubaneswar Zone 07,20.238,85.834,2024-11-05,24.7,29.7,21.4,86,12.5,15.58,4.5
BBSR-07,Bhubaneswar Zone 07,20.238,85.834,2024-11-06,25.4,29.2,22.2,85,18.4,16.15,1.0
BBSR-07,Bhubaneswar Zone 07,20.238,85.834,2024-11-07,25.7,30.4,22.3,82,10.8,17.31,0.0
BBSR-07,Bhubaneswar Zone 07,20.238,85.834,2024-11-08,25.6,30.4,22.0,81,12.4,17.41,0.2
BBSR-07,Bhubaneswar Zone 07,20.238,85.834,2024-11-09,25.4,30.3,22.1,79,12.0,18.01,0.0
BBSR-07,Bhubaneswar Zone 07,20.238,85.834,2024-11-10,24.9,30.1,21.6,78,16.4,18.28,0.0
BBSR-07,Bhubaneswar Zone 07,20.238,85.834,2024-11-11,24.9,28.3,21.9,77,14.4,8.05,0.3
BBSR-07,Bhubaneswar Zone 07,20.238,85.834,2024-11-12,24.9,29.7,22.9,86,16.2,13.79,2.6
BBSR-07,Bhubaneswar Zone 07,20.238,85.834,2024-11-13,25.9,31.1,22.3,75,13.9,16.23,0.0
BBSR-07,Bhubaneswar Zone 07,20.238,85.834,2024-11-14,25.6,31.0,21.9,69,13.4,17.51,0.0
BBSR-07,Bhubaneswar Zone 07,20.238,85.834,2024-11-15,24.6,30.2,19.8,69,7.9,17.71,0.0
BBSR-07,Bhubaneswar Zone 07,20.238,85.834,2024-11-16,23.4,29.4,18.0,65,12.6,18.07,0.0
BBSR-07,Bhubaneswar Zone 07,20.238,85.834,2024-11-17,23.0,29.4,17.1,66,9.9,17.96,0.0
BBSR-07,Bhubaneswar Zone 07,20.238,85.834,2024-11-18,23.3,29.5,17.8,60,9.8,17.82,0.0
BBSR-07,Bhubaneswar Zone 07,20.238,85.834,2024-11-19,22.9,29.3,17.2,60,8.8,17.73,0.0
BBSR-07,Bhubaneswar Zone 07,20.238,85.834,2024-11-20,22.7,29.2,16.8,62,10.0,16.6,0.0
BBSR-07,Bhubaneswar Zone 07,20.238,85.834,2024-11-21,22.9,29.5,16.8,63,7.8,17.4,0.0
BBSR-07,Bhubaneswar Zone 07,20.238,85.834,2024-11-22,22.9,29.1,16.9,67,8.2,17.34,0.0
BBSR-07,Bhubaneswar Zone 07,20.238,85.834,2024-11-23,23.0,29.2,17.5,70,7.8,17.17,0.0
BBSR-07,Bhubaneswar Zone 07,20.238,85.834,2024-11-24,22.7,28.9,17.5,69,7.4,16.82,0.0
BBSR-07,Bhubaneswar Zone 07,20.238,85.834,2024-11-25,22.1,28.6,17.3,69,12.2,15.77,0.0
BBSR-07,Bhubaneswar Zone 07,20.238,85.834,2024-11-26,22.1,28.4,16.7,67,11.2,16.73,0.0
BBSR-07,Bhubaneswar Zone 07,20.238,85.834,2024-11-27,21.7,28.1,17.0,67,15.6,15.98,0.0
BBSR-07,Bhubaneswar Zone 07,20.238,85.834,2024-11-28,23.0,28.3,17.7,64,20.5,14.13,0.0
BBSR-07,Bhubaneswar Zone 07,20.238,85.834,2024-11-29,23.2,25.6,21.1,74,23.9,7.83,4.9
BBSR-07,Bhubaneswar Zone 07,20.238,85.834,2024-11-30,23.7,27.8,20.9,77,18.9,10.65,0.5
BBSR-07,Bhubaneswar Zone 07,20.238,85.834,2024-12-01,24.4,29.7,20.8,71,16.1,13.86,0.2
BBSR-07,Bhubaneswar Zone 07,20.238,85.834,2024-12-02,24.3,28.8,21.2,75,14.1,11.76,0.0
BBSR-07,Bhubaneswar Zone 07,20.238,85.834,2024-12-03,24.2,28.8,20.8,73,12.4,11.31,0.0
BBSR-07,Bhubaneswar Zone 07,20.238,85.834,2024-12-04,24.8,30.1,20.5,72,8.7,15.42,0.0
BBSR-07,Bhubaneswar Zone 07,20.238,85.834,2024-12-05,24.5,30.3,19.7,75,8.0,15.65,0.0
BBSR-07,Bhubaneswar Zone 07,20.238,85.834,2024-12-06,25.0,30.6,20.6,77,10.2,14.75,0.0
BBSR-07,Bhubaneswar Zone 07,20.238,85.834,2024-12-07,24.2,29.2,20.0,83,9.2,13.18,0.3
BBSR-07,Bhubaneswar Zone 07,20.238,85.834,2024-12-08,23.3,27.6,20.7,86,8.5,8.03,3.8
BBSR-07,Bhubaneswar Zone 07,20.238,85.834,2024-12-09,24.1,29.1,21.2,84,11.7,11.46,2.1
BBSR-07,Bhubaneswar Zone 07,20.238,85.834,2024-12-10,23.8,28.7,20.8,84,11.4,12.47,1.8
BBSR-07,Bhubaneswar Zone 07,20.238,85.834,2024-12-11,22.0,27.3,17.9,69,15.7,15.4,0.0
BBSR-07,Bhubaneswar Zone 07,20.238,85.834,2024-12-12,20.3,25.9,15.8,68,11.6,16.2,0.0
BBSR-07,Bhubaneswar Zone 07,20.238,85.834,2024-12-13,19.9,26.3,15.3,68,13.1,16.11,0.0
BBSR-07,Bhubaneswar Zone 07,20.238,85.834,2024-12-14,19.4,26.3,14.7,64,15.9,16.26,0.0
BBSR-07,Bhubaneswar Zone 07,20.238,85.834,2024-12-15,18.6,25.3,13.9,58,14.1,16.47,0.0
BBSR-07,Bhubaneswar Zone 07,20.238,85.834,2024-12-16,18.5,25.9,12.9,62,14.0,16.48,0.0
BBSR-07,Bhubaneswar Zone 07,20.238,85.834,2024-12-17,20.7,27.9,14.4,66,12.5,13.8,0.0
BBSR-07,Bhubaneswar Zone 07,20.238,85.834,2024-12-18,22.8,28.9,18.0,66,14.1,12.47,0.0
BBSR-07,Bhubaneswar Zone 07,20.238,85.834,2024-12-19,23.7,27.9,20.0,60,16.3,9.97,0.0
BBSR-07,Bhubaneswar Zone 07,20.238,85.834,2024-12-20,21.3,25.1,18.0,76,15.1,6.87,12.7
BBSR-07,Bhubaneswar Zone 07,20.238,85.834,2024-12-21,19.5,21.2,18.2,93,16.5,3.47,57.2
BBSR-07,Bhubaneswar Zone 07,20.238,85.834,2024-12-22,21.3,25.9,17.0,80,14.1,12.01,0.0
BBSR-07,Bhubaneswar Zone 07,20.238,85.834,2024-12-23,22.1,25.5,18.6,69,14.9,6.9,0.0
BBSR-07,Bhubaneswar Zone 07,20.238,85.834,2024-12-24,21.6,24.9,19.4,75,12.8,5.63,15.6
BBSR-07,Bhubaneswar Zone 07,20.238,85.834,2024-12-25,20.5,23.7,18.3,89,12.9,6.2,7.7
BBSR-07,Bhubaneswar Zone 07,20.238,85.834,2024-12-26,22.4,27.6,18.9,77,10.7,12.69,1.0
BBSR-07,Bhubaneswar Zone 07,20.238,85.834,2024-12-27,22.5,28.8,18.8,66,14.5,15.5,0.0
BBSR-07,Bhubaneswar Zone 07,20.238,85.834,2024-12-28,21.8,28.7,15.8,69,7.6,15.66,0.0
BBSR-07,Bhubaneswar Zone 07,20.238,85.834,2024-12-29,22.6,29.3,16.8,76,8.9,15.32,0.0
BBSR-07,Bhubaneswar Zone 07,20.238,85.834,2024-12-30,22.9,28.9,18.2,78,9.6,14.83,0.0
BBSR-07,Bhubaneswar Zone 07,20.238,85.834,2024-12-31,21.5,27.2,17.6,78,12.6,14.97,0.0
BBSR-07,Bhubaneswar Zone 07,20.238,85.834,2025-01-01,19.9,25.0,16.3,77,11.2,16.04,0.0
BBSR-07,Bhubaneswar Zone 07,20.238,85.834,2025-01-02,19.0,25.0,14.6,73,13.6,16.23,0.0
BBSR-07,Bhubaneswar Zone 07,20.238,85.834,2025-01-03,18.6,24.7,14.3,74,11.5,16.28,0.0
BBSR-07,Bhubaneswar Zone 07,20.238,85.834,2025-01-04,18.7,25.2,13.4,75,10.6,16.36,0.0
BBSR-07,Bhubaneswar Zone 07,20.238,85.834,2025-01-05,19.7,26.0,14.3,79,6.3,16.18,0.0
BBSR-07,Bhubaneswar Zone 07,20.238,85.834,2025-01-06,20.4,27.0,14.6,76,6.2,15.8,0.0
BBSR-07,Bhubaneswar Zone 07,20.238,85.834,2025-01-07,21.1,27.8,16.0,73,7.6,16.4,0.0
BBSR-07,Bhubaneswar Zone 07,20.238,85.834,2025-01-08,20.4,26.8,15.9,71,11.8,16.62,0.0
BBSR-07,Bhubaneswar Zone 07,20.238,85.834,2025-01-09,19.3,25.7,15.0,77,11.0,16.6,0.0
BBSR-07,Bhubaneswar Zone 07,20.238,85.834,2025-01-10,18.5,25.2,13.4,79,11.4,16.5,0.0
BBSR-07,Bhubaneswar Zone 07,20.238,85.834,2025-01-11,18.9,26.1,13.6,76,12.6,16.75,0.0
BBSR-07,Bhubaneswar Zone 07,20.238,85.834,2025-01-12,19.3,26.1,13.8,75,8.7,16.66,0.0
BBSR-07,Bhubaneswar Zone 07,20.238,85.834,2025-01-13,20.3,27.7,13.5,76,7.3,16.46,0.0
BBSR-07,Bhubaneswar Zone 07,20.238,85.834,2025-01-14,21.5,28.3,17.0,78,13.0,15.89,0.0
BBSR-07,Bhubaneswar Zone 07,20.238,85.834,2025-01-15,21.2,27.2,16.8,73,13.6,15.97,0.0
BBSR-07,Bhubaneswar Zone 07,20.238,85.834,2025-01-16,20.0,25.9,15.3,69,13.0,17.07,0.0
BBSR-07,Bhubaneswar Zone 07,20.238,85.834,2025-01-17,19.6,26.2,14.4,67,14.4,17.5,0.0
BBSR-07,Bhubaneswar Zone 07,20.238,85.834,2025-01-18,20.0,26.7,14.2,70,12.7,17.23,0.0
BBSR-07,Bhubaneswar Zone 07,20.238,85.834,2025-01-19,20.4,27.8,14.2,72,9.1,17.48,0.0
BBSR-07,Bhubaneswar Zone 07,20.238,85.834,2025-01-20,20.6,28.2,14.4,74,10.4,17.63,0.0
BBSR-07,Bhubaneswar Zone 07,20.238,85.834,2025-01-21,21.1,29.4,14.2,70,7.6,17.81,0.0
BBSR-07,Bhubaneswar Zone 07,20.238,85.834,2025-01-22,21.8,29.9,14.7,75,7.9,17.76,0.0
BBSR-07,Bhubaneswar Zone 07,20.238,85.834,2025-01-23,22.9,30.2,17.8,81,11.9,16.97,0.0
BBSR-07,Bhubaneswar Zone 07,20.238,85.834,2025-01-24,23.1,29.8,19.2,83,13.8,15.92,0.0
BBSR-07,Bhubaneswar Zone 07,20.238,85.834,2025-01-25,23.4,29.7,19.6,80,7.7,15.92,0.0
BBSR-07,Bhubaneswar Zone 07,20.238,85.834,2025-01-26,23.1,28.5,19.2,82,12.6,13.87,0.5
BBSR-07,Bhubaneswar Zone 07,20.238,85.834,2025-01-27,22.6,28.3,18.6,80,8.4,16.16,0.0
BBSR-07,Bhubaneswar Zone 07,20.238,85.834,2025-01-28,23.3,30.1,18.7,81,18.0,16.51,0.0
BBSR-07,Bhubaneswar Zone 07,20.238,85.834,2025-01-29,24.0,29.8,19.8,80,15.3,15.29,0.0
BBSR-07,Bhubaneswar Zone 07,20.238,85.834,2025-01-30,23.9,30.1,19.5,80,20.1,14.61,0.0
BBSR-07,Bhubaneswar Zone 07,20.238,85.834,2025-01-31,25.4,32.1,21.0,80,16.3,16.83,0.0
BBSR-07,Bhubaneswar Zone 07,20.238,85.834,2025-02-01,26.0,33.3,22.0,79,15.3,17.5,0.0
BBSR-07,Bhubaneswar Zone 07,20.238,85.834,2025-02-02,26.7,34.0,22.6,73,13.7,18.09,0.0
BBSR-07,Bhubaneswar Zone 07,20.238,85.834,2025-02-03,26.0,33.2,20.8,76,15.9,18.15,0.0
BBSR-07,Bhubaneswar Zone 07,20.238,85.834,2025-02-04,26.3,32.3,22.8,82,15.1,17.69,0.0
BBSR-07,Bhubaneswar Zone 07,20.238,85.834,2025-02-05,27.3,33.9,23.5,77,13.5,17.46,0.0
BBSR-07,Bhubaneswar Zone 07,20.238,85.834,2025-02-06,26.7,32.9,21.8,71,12.3,17.42,0.0
BBSR-07,Bhubaneswar Zone 07,20.238,85.834,2025-02-07,25.1,31.0,20.3,71,11.1,17.73,0.0
BBSR-07,Bhubaneswar Zone 07,20.238,85.834,2025-02-08,24.6,30.9,20.3,74,10.8,18.6,0.0
BBSR-07,Bhubaneswar Zone 07,20.238,85.834,2025-02-09,24.1,30.3,19.1,74,13.3,18.92,0.0
BBSR-07,Bhubaneswar Zone 07,20.238,85.834,2025-02-10,24.9,32.3,19.5,76,18.2,19.34,0.0
BBSR-07,Bhubaneswar Zone 07,20.238,85.834,2025-02-11,26.3,34.3,21.4,73,17.7,19.01,0.0
BBSR-07,Bhubaneswar Zone 07,20.238,85.834,2025-02-12,27.4,35.0,22.4,71,16.4,18.72,0.0
BBSR-07,Bhubaneswar Zone 07,20.238,85.834,2025-02-13,27.2,33.9,22.0,64,13.4,19.99,0.0
BBSR-07,Bhubaneswar Zone 07,20.238,85.834,2025-02-14,25.6,32.3,20.2,61,11.2,20.37,0.0
BBSR-07,Bhubaneswar Zone 07,20.238,85.834,2025-02-15,24.9,32.3,19.4,63,9.0,20.52,0.0
BBSR-07,Bhubaneswar Zone 07,20.238,85.834,2025-02-16,25.7,34.1,19.5,68,11.8,20.57,0.0
BBSR-07,Bhubaneswar Zone 07,20.238,85.834,2025-02-17,26.5,33.5,22.2,72,17.6,19.98,0.0
BBSR-07,Bhubaneswar Zone 07,20.238,85.834,2025-02-18,26.5,33.3,22.0,76,15.1,18.56,0.5
BBSR-07,Bhubaneswar Zone 07,20.238,85.834,2025-02-19,26.9,33.4,23.1,75,15.5,18.77,0.7
BBSR-07,Bhubaneswar Zone 07,20.238,85.834,2025-02-20,26.8,32.9,23.1,72,18.4,18.8,0.0
BBSR-07,Bhubaneswar Zone 07,20.238,85.834,2025-02-21,26.2,34.6,21.3,74,20.1,18.89,0.0
BBSR-07,Bhubaneswar Zone 07,20.238,85.834,2025-02-22,26.5,32.7,22.3,77,16.3,18.08,3.5
BBSR-07,Bhubaneswar Zone 07,20.238,85.834,2025-02-23,25.6,32.1,21.3,77,13.8,19.35,1.8
BBSR-07,Bhubaneswar Zone 07,20.238,85.834,2025-02-24,25.9,31.8,21.8,77,13.3,18.56,0.2
BBSR-07,Bhubaneswar Zone 07,20.238,85.834,2025-02-25,25.6,31.8,20.2,76,16.2,18.68,0.0
BBSR-07,Bhubaneswar Zone 07,20.238,85.834,2025-02-26,25.6,31.2,21.2,74,11.7,18.99,0.4
BBSR-07,Bhubaneswar Zone 07,20.238,85.834,2025-02-27,25.9,32.4,20.4,72,17.5,19.81,0.0
BBSR-07,Bhubaneswar Zone 07,20.238,85.834,2025-02-28,26.4,33.4,21.0,73,16.2,20.6,0.0
BBSR-07,Bhubaneswar Zone 07,20.238,85.834,2025-03-01,27.0,34.8,22.5,70,17.0,21.47,0.0
BBSR-07,Bhubaneswar Zone 07,20.238,85.834,2025-03-02,27.9,37.1,22.2,70,14.0,20.92,0.0
BBSR-07,Bhubaneswar Zone 07,20.238,85.834,2025-03-03,28.5,36.5,22.5,71,14.5,20.7,0.0
BBSR-07,Bhubaneswar Zone 07,20.238,85.834,2025-03-04,28.6,35.8,24.1,66,15.8,21.48,0.0
BBSR-07,Bhubaneswar Zone 07,20.238,85.834,2025-03-05,28.0,34.8,22.7,64,8.9,21.24,0.0
BBSR-07,Bhubaneswar Zone 07,20.238,85.834,2025-03-06,25.2,32.7,19.3,39,12.6,23.0,0.0
BBSR-07,Bhubaneswar Zone 07,20.238,85.834,2025-03-07,25.2,33.2,18.1,61,11.5,22.89,0.0
BBSR-07,Bhubaneswar Zone 07,20.238,85.834,2025-03-08,26.9,35.4,21.1,70,21.7,22.44,0.0
BBSR-07,Bhubaneswar Zone 07,20.238,85.834,2025-03-09,27.0,34.3,22.3,73,18.9,21.38,0.0
BBSR-07,Bhubaneswar Zone 07,20.238,85.834,2025-03-10,26.3,34.2,20.6,70,15.5,21.43,0.0
BBSR-07,Bhubaneswar Zone 07,20.238,85.834,2025-03-11,27.1,35.1,21.2,63,18.4,22.54,0.0
BBSR-07,Bhubaneswar Zone 07,20.238,85.834,2025-03-12,28.0,36.7,21.4,66,21.6,22.41,0.0
BBSR-07,Bhubaneswar Zone 07,20.238,85.834,2025-03-13,29.7,39.5,23.7,64,18.8,22.1,0.0
BBSR-07,Bhubaneswar Zone 07,20.238,85.834,2025-03-14,29.8,36.9,25.2,72,21.8,21.38,0.2
BBSR-07,Bhubaneswar Zone 07,20.238,85.834,2025-03-15,30.1,39.4,24.8,70,20.4,21.61,0.0
BBSR-07,Bhubaneswar Zone 07,20.238,85.834,2025-03-16,30.0,38.6,24.5,64,21.7,21.98,0.0
BBSR-07,Bhubaneswar Zone 07,20.238,85.834,2025-03-17,30.0,37.4,24.6,61,19.2,21.68,0.0
BBSR-07,Bhubaneswar Zone 07,20.238,85.834,2025-03-18,29.3,36.1,24.3,68,14.0,22.19,0.0
BBSR-07,Bhubaneswar Zone 07,20.238,85.834,2025-03-19,28.7,34.6,24.7,78,16.8,21.6,0.0
BBSR-07,Bhubaneswar Zone 07,20.238,85.834,2025-03-20,28.8,35.7,24.4,70,20.2,23.03,0.0
BBSR-07,Bhubaneswar Zone 07,20.238,85.834,2025-03-21,28.0,34.1,24.1,73,25.3,22.61,0.2
BBSR-07,Bhubaneswar Zone 07,20.238,85.834,2025-03-22,23.9,26.3,21.7,87,15.7,9.45,13.2
BBSR-07,Bhubaneswar Zone 07,20.238,85.834,2025-03-23,24.9,31.3,20.8,79,18.0,19.28,8.4
BBSR-07,Bhubaneswar Zone 07,20.238,85.834,2025-03-24,25.6,32.8,20.2,78,14.0,21.57,2.1
BBSR-07,Bhubaneswar Zone 07,20.238,85.834,2025-03-25,27.3,33.9,22.2,72,12.7,22.95,0.0
BBSR-07,Bhubaneswar Zone 07,20.238,85.834,2025-03-26,28.4,35.9,23.3,74,17.1,23.27,0.0
BBSR-07,Bhubaneswar Zone 07,20.238,85.834,2025-03-27,29.4,37.6,24.4,71,15.9,24.18,0.0
BBSR-07,Bhubaneswar Zone 07,20.238,85.834,2025-03-28,29.8,38.9,23.2,68,15.5,24.28,0.0
BBSR-07,Bhubaneswar Zone 07,20.238,85.834,2025-03-29,29.8,37.7,24.3,77,15.7,23.06,0.0
BBSR-07,Bhubaneswar Zone 07,20.238,85.834,2025-03-30,29.4,35.5,25.5,81,18.0,22.94,0.0
BBSR-07,Bhubaneswar Zone 07,20.238,85.834,2025-03-31,29.2,34.8,25.7,78,17.6,23.77,0.0
BBSR-07,Bhubaneswar Zone 07,20.238,85.834,2025-04-01,28.9,34.2,25.5,73,17.4,23.91,0.0
BBSR-07,Bhubaneswar Zone 07,20.238,85.834,2025-04-02,28.5,33.7,24.9,75,17.3,23.75,0.1
BBSR-07,Bhubaneswar Zone 07,20.238,85.834,2025-04-03,28.0,34.8,23.3,75,17.0,24.34,0.0
BBSR-07,Bhubaneswar Zone 07,20.238,85.834,2025-04-04,28.8,35.6,23.6,74,11.9,20.0,0.3
BBSR-07,Bhubaneswar Zone 07,20.238,85.834,2025-04-05,29.8,37.5,23.4,69,21.3,22.87,0.0
BBSR-07,Bhubaneswar Zone 07,20.238,85.834,2025-04-06,30.3,37.8,25.0,71,19.3,23.18,0.0
BBSR-07,Bhubaneswar Zone 07,20.238,85.834,2025-04-07,29.7,36.0,25.7,74,18.8,22.26,0.2
BBSR-07,Bhubaneswar Zone 07,20.238,85.834,2025-04-08,28.9,34.6,25.0,74,19.0,21.61,0.3
BBSR-07,Bhubaneswar Zone 07,20.238,85.834,2025-04-09,28.1,33.6,23.7,73,21.5,22.44,1.6
BBSR-07,Bhubaneswar Zone 07,20.238,85.834,2025-04-10,28.5,33.1,23.9,72,15.2,21.3,1.0
BBSR-07,Bhubaneswar Zone 07,20.238,85.834,2025-04-11,28.8,35.5,23.4,72,20.9,23.75,0.0
BBSR-07,Bhubaneswar Zone 07,20.238,85.834,2025-04-12,29.4,36.7,25.3,77,16.6,21.57,3.0
BBSR-07,Bhubaneswar Zone 07,20.238,85.834,2025-04-13,30.0,37.1,25.4,72,17.7,22.52,0.0
BBSR-07,Bhubaneswar Zone 07,20.238,85.834,2025-04-14,29.1,34.8,25.4,75,13.9,21.79,1.6
BBSR-07,Bhubaneswar Zone 07,20.238,85.834,2025-04-15,27.8,33.0,23.7,78,16.8,20.44,10.3
BBSR-07,Bhubaneswar Zone 07,20.238,85.834,2025-04-16,28.3,34.1,23.4,76,21.0,22.46,0.0
BBSR-07,Bhubaneswar Zone 07,20.238,85.834,2025-04-17,29.9,34.6,26.5,72,19.8,21.81,0.0
BBSR-07,Bhubaneswar Zone 07,20.238,85.834,2025-04-18,30.2,35.2,27.5,73,23.7,21.54,0.0
BBSR-07,Bhubaneswar Zone 07,20.238,85.834,2025-04-19,30.7,36.1,27.4,73,17.9,24.35,0.0
BBSR-07,Bhubaneswar Zone 07,20.238,85.834,2025-04-20,31.7,37.9,28.0,75,20.4,23.73,0.0
BBSR-07,Bhubaneswar Zone 07,20.238,85.834,2025-04-21,31.4,36.4,27.9,77,20.7,24.33,0.0
BBSR-07,Bhubaneswar Zone 07,20.238,85.834,2025-04-22,31.3,37.5,27.3,76,22.2,24.91,0.0
BBSR-07,Bhubaneswar Zone 07,20.238,85.834,2025-04-23,31.8,38.4,27.4,73,19.9,24.49,0.0
BBSR-07,Bhubaneswar Zone 07,20.238,85.834,2025-04-24,31.7,37.5,28.0,73,25.4,24.43,0.0
BBSR-07,Bhubaneswar Zone 07,20.238,85.834,2025-04-25,31.3,36.3,28.1,74,21.3,25.01,0.0
BBSR-07,Bhubaneswar Zone 07,20.238,85.834,2025-04-26,30.8,35.5,27.8,74,24.8,23.46,0.0
BBSR-07,Bhubaneswar Zone 07,20.238,85.834,2025-04-27,30.8,36.7,27.4,68,20.2,21.14,0.0
BBSR-07,Bhubaneswar Zone 07,20.238,85.834,2025-04-28,29.1,35.4,23.6,77,15.6,21.93,9.6
BBSR-07,Bhubaneswar Zone 07,20.238,85.834,2025-04-29,28.3,33.1,23.6,78,16.4,21.48,3.1
BBSR-07,Bhubaneswar Zone 07,20.238,85.834,2025-04-30,28.3,32.9,23.0,74,13.8,22.73,0.1
BBSR-07,Bhubaneswar Zone 07,20.238,85.834,2025-05-01,28.0,33.7,21.3,74,20.0,23.22,5.6
BBSR-07,Bhubaneswar Zone 07,20.238,85.834,2025-05-02,27.2,33.3,21.3,75,16.8,24.54,0.1
BBSR-07,Bhubaneswar Zone 07,20.238,85.834,2025-05-03,28.8,34.4,24.7,77,14.6,22.58,5.4
BBSR-07,Bhubaneswar Zone 07,20.238,85.834,2025-05-04,28.2,33.8,23.4,76,17.3,25.05,0.0
BBSR-07,Bhubaneswar Zone 07,20.238,85.834,2025-05-05,29.6,35.1,25.4,76,15.4,23.43,0.5
BBSR-07,Bhubaneswar Zone 07,20.238,85.834,2025-05-06,30.2,35.5,26.5,77,13.7,23.3,2.2
BBSR-07,Bhubaneswar Zone 07,20.238,85.834,2025-05-07,30.4,36.2,26.6,78,14.7,23.18,0.5
BBSR-07,Bhubaneswar Zone 07,20.238,85.834,2025-05-08,30.7,36.1,26.4,76,14.7,23.8,0.0
BBSR-07,Bhubaneswar Zone 07,20.238,85.834,2025-05-09,30.8,36.9,26.1,75,13.7,24.18,0.0
BBSR-07,Bhubaneswar Zone 07,20.238,85.834,2025-05-10,31.0,37.7,26.5,71,14.8,25.33,0.0
BBSR-07,Bhubaneswar Zone 07,20.238,85.834,2025-05-11,31.3,38.2,26.2,70,17.1,25.21,0.0
BBSR-07,Bhubaneswar Zone 07,20.238,85.834,2025-05-12,31.7,38.6,27.2,75,14.2,24.13,1.1
BBSR-07,Bhubaneswar Zone 07,20.238,85.834,2025-05-13,31.4,36.5,28.2,77,19.9,23.2,0.0
BBSR-07,Bhubaneswar Zone 07,20.238,85.834,2025-05-14,31.6,36.4,28.5,77,17.9,22.04,0.3
BBSR-07,Bhubaneswar Zone 07,20.238,85.834,2025-05-15,31.6,36.6,28.2,76,18.2,23.14,0.0
BBSR-07,Bhubaneswar Zone 07,20.238,85.834,2025-05-16,31.6,36.6,28.5,76,19.3,22.9,0.0
BBSR-07,Bhubaneswar Zone 07,20.238,85.834,2025-05-17,30.8,36.2,27.9,77,21.3,22.64,0.4
BBSR-07,Bhubaneswar Zone 07,20.238,85.834,2025-05-18,30.0,33.3,26.8,77,19.6,19.34,4.1
BBSR-07,Bhubaneswar Zone 07,20.238,85.834,2025-05-19,30.5,34.7,27.1,76,15.2,21.95,1.6
BBSR-07,Bhubaneswar Zone 07,20.238,85.834,2025-05-20,30.1,33.9,27.3,78,22.3,21.59,0.3
BBSR-07,Bhubaneswar Zone 07,20.238,85.834,2025-05-21,29.7,33.2,26.5,79,17.5,14.55,5.3
BBSR-07,Bhubaneswar Zone 07,20.238,85.834,2025-05-22,29.0,33.2,26.3,83,8.6,17.23,5.6
BBSR-07,Bhubaneswar Zone 07,20.238,85.834,2025-05-23,29.0,33.5,25.9,82,11.2,20.52,4.8
BBSR-07,Bhubaneswar Zone 07,20.238,85.834,2025-05-24,27.9,32.9,25.2,88,10.3,16.04,31.0
BBSR-07,Bhubaneswar Zone 07,20.238,85.834,2025-05-25,27.8,32.4,26.0,90,15.2,12.33,12.2
BBSR-07,Bhubaneswar Zone 07,20.238,85.834,2025-05-26,28.7,33.2,25.4,84,13.2,19.53,8.3
BBSR-07,Bhubaneswar Zone 07,20.238,85.834,2025-05-27,27.9,31.6,26.2,89,18.8,10.23,11.5
BBSR-07,Bhubaneswar Zone 07,20.238,85.834,2025-05-28,27.6,32.0,25.5,89,19.5,11.75,55.1
BBSR-07,Bhubaneswar Zone 07,20.238,85.834,2025-05-29,29.2,33.0,26.3,82,20.4,10.14,11.2
BBSR-07,Bhubaneswar Zone 07,20.238,85.834,2025-05-30,30.6,35.6,26.0,80,16.2,20.22,1.2
BBSR-07,Bhubaneswar Zone 07,20.238,85.834,2025-05-31,30.3,34.0,27.4,81,13.4,19.04,10.8
BBSR-07,Bhubaneswar Zone 07,20.238,85.834,2025-06-01,32.0,37.5,27.5,72,14.1,21.5,0.0
BBSR-07,Bhubaneswar Zone 07,20.238,85.834,2025-06-02,32.3,38.0,27.7,60,20.5,24.55,0.0
BBSR-07,Bhubaneswar Zone 07,20.238,85.834,2025-06-03,31.3,35.7,27.5,71,19.2,21.29,0.8
BBSR-07,Bhubaneswar Zone 07,20.238,85.834,2025-06-04,31.7,37.3,27.9,73,12.0,24.0,0.0
BBSR-07,Bhubaneswar Zone 07,20.238,85.834,2025-06-05,30.0,35.1,24.9,77,14.4,22.18,8.1
BBSR-07,Bhubaneswar Zone 07,20.238,85.834,2025-06-06,30.4,35.5,27.6,80,12.0,22.59,1.7
BBSR-07,Bhubaneswar Zone 07,20.238,85.834,2025-06-07,30.5,36.2,26.5,76,15.2,24.09,0.0
BBSR-07,Bhubaneswar Zone 07,20.238,85.834,2025-06-08,30.8,35.6,27.3,78,9.9,17.52,0.0
BBSR-07,Bhubaneswar Zone 07,20.238,85.834,2025-06-09,30.3,36.3,27.2,85,10.9,19.41,12.2
BBSR-07,Bhubaneswar Zone 07,20.238,85.834,2025-06-10,29.2,33.3,26.0,83,12.3,21.93,5.7
BBSR-07,Bhubaneswar Zone 07,20.238,85.834,2025-06-11,29.3,32.6,26.5,80,17.5,21.86,1.3
BBSR-07,Bhubaneswar Zone 07,20.238,85.834,2025-06-12,28.8,32.0,26.9,83,13.9,16.18,7.8
BBSR-07,Bhubaneswar Zone 07,20.238,85.834,2025-06-13,29.6,32.8,27.0,81,11.7,20.02,3.5
BBSR-07,Bhubaneswar Zone 07,20.238,85.834,2025-06-14,30.3,34.0,27.3,78,18.1,22.5,1.7
BBSR-07,Bhubaneswar Zone 07,20.238,85.834,2025-06-15,28.9,31.8,26.9,86,12.8,15.36,7.9
BBSR-07,Bhubaneswar Zone 07,20.238,85.834,2025-06-16,27.4,29.4,25.6,93,11.7,6.51,19.6
BBSR-07,Bhubaneswar Zone 07,20.238,85.834,2025-06-17,28.3,30.8,26.7,88,16.9,11.47,10.4
BBSR-07,Bhubaneswar Zone 07,20.238,85.834,2025-06-18,28.2,30.9,26.2,86,20.8,10.02,9.6
BBSR-07,Bhubaneswar Zone 07,20.238,85.834,2025-06-19,28.8,30.9,26.5,82,22.4,9.03,1.0
BBSR-07,Bhubaneswar Zone 07,20.238,85.834,2025-06-20,29.9,32.9,27.8,80,17.3,13.95,1.7
BBSR-07,Bhubaneswar Zone 07,20.238,85.834,2025-06-21,30.9,35.3,27.9,75,12.4,21.48,0.1
BBSR-07,Bhubaneswar Zone 07,20.238,85.834,2025-06-22,30.1,34.2,27.1,78,11.0,18.62,1.7
BBSR-07,Bhubaneswar Zone 07,20.238,85.834,2025-06-23,27.9,29.9,26.5,87,10.5,10.07,12.2
BBSR-07,Bhubaneswar Zone 07,20.238,85.834,2025-06-24,28.3,31.9,26.4,85,15.2,17.4,14.4
BBSR-07,Bhubaneswar Zone 07,20.238,85.834,2025-06-25,27.3,29.6,26.0,91,14.0,10.1,23.4
BBSR-07,Bhubaneswar Zone 07,20.238,85.834,2025-06-26,27.8,32.0,25.3,87,20.5,16.01,6.9
BBSR-07,Bhubaneswar Zone 07,20.238,85.834,2025-06-27,28.1,30.8,25.7,88,16.7,8.87,19.1
BBSR-07,Bhubaneswar Zone 07,20.238,85.834,2025-06-28,28.4,30.5,26.8,83,20.9,11.31,3.4
BBSR-07,Bhubaneswar Zone 07,20.238,85.834,2025-06-29,27.9,30.1,25.5,79,21.1,11.11,5.2
BBSR-07,Bhubaneswar Zone 07,20.238,85.834,2025-06-30,27.2,30.2,25.6,84,19.1,12.97,13.9
BBSR-07,Bhubaneswar Zone 07,20.238,85.834,2025-07-01,27.2,30.7,24.9,87,19.1,15.34,24.5
BBSR-07,Bhubaneswar Zone 07,20.238,85.834,2025-07-02,27.2,31.1,25.7,90,11.8,14.49,25.3
BBSR-07,Bhubaneswar Zone 07,20.238,85.834,2025-07-03,27.6,32.1,25.0,88,15.7,15.09,13.5
BBSR-07,Bhubaneswar Zone 07,20.238,85.834,2025-07-04,27.4,29.5,25.8,91,15.3,10.87,19.9
BBSR-07,Bhubaneswar Zone 07,20.238,85.834,2025-07-05,27.2,29.9,25.8,90,17.0,8.1,18.5
BBSR-07,Bhubaneswar Zone 07,20.238,85.834,2025-07-06,27.1,31.9,25.4,89,17.4,14.83,31.5
BBSR-07,Bhubaneswar Zone 07,20.238,85.834,2025-07-07,27.7,31.7,25.6,86,20.0,13.34,6.3
BBSR-07,Bhubaneswar Zone 07,20.238,85.834,2025-07-08,28.1,31.7,26.0,78,19.8,16.39,2.8
BBSR-07,Bhubaneswar Zone 07,20.238,85.834,2025-07-09,28.3,31.5,25.6,76,19.5,16.19,0.6
BBSR-07,Bhubaneswar Zone 07,20.238,85.834,2025-07-10,28.7,32.4,25.6,80,14.5,20.15,5.5
BBSR-07,Bhubaneswar Zone 07,20.238,85.834,2025-07-11,28.6,32.5,25.8,86,13.0,19.24,6.5
BBSR-07,Bhubaneswar Zone 07,20.238,85.834,2025-07-12,29.7,34.2,26.8,82,16.7,19.79,9.2
BBSR-07,Bhubaneswar Zone 07,20.238,85.834,2025-07-13,28.6,32.5,26.4,86,13.3,13.21,20.1
BBSR-07,Bhubaneswar Zone 07,20.238,85.834,2025-07-14,27.6,30.6,26.2,91,16.5,10.61,22.9
BBSR-07,Bhubaneswar Zone 07,20.238,85.834,2025-07-15,29.1,33.4,25.4,84,15.2,19.41,10.7
BBSR-07,Bhubaneswar Zone 07,20.238,85.834,2025-07-16,28.9,31.1,27.2,89,14.3,14.68,14.4
BBSR-07,Bhubaneswar Zone 07,20.238,85.834,2025-07-17,29.2,32.4,26.8,85,17.1,21.68,7.0
BBSR-07,Bhubaneswar Zone 07,20.238,85.834,2025-07-18,29.4,32.3,26.5,84,12.4,19.53,1.4
BBSR-07,Bhubaneswar Zone 07,20.238,85.834,2025-07-19,29.5,33.0,27.0,85,10.3,23.15,6.8
BBSR-07,Bhubaneswar Zone 07,20.238,85.834,2025-07-20,29.0,33.2,26.7,86,11.0,22.33,3.7
BBSR-07,Bhubaneswar Zone 07,20.238,85.834,2025-07-21,28.9,32.3,25.9,84,11.4,21.14,5.0
BBSR-07,Bhubaneswar Zone 07,20.238,85.834,2025-07-22,28.9,32.8,26.0,86,15.5,20.61,3.2
BBSR-07,Bhubaneswar Zone 07,20.238,85.834,2025-07-23,28.7,33.1,26.0,87,10.7,20.78,16.0
BBSR-07,Bhubaneswar Zone 07,20.238,85.834,2025-07-24,28.1,32.1,26.1,86,18.6,13.08,16.5
BBSR-07,Bhubaneswar Zone 07,20.238,85.834,2025-07-25,26.8,27.9,25.8,95,17.3,3.92,24.7
BBSR-07,Bhubaneswar Zone 07,20.238,85.834,2025-07-26,28.8,32.5,26.2,82,25.2,19.64,3.3
BBSR-07,Bhubaneswar Zone 07,20.238,85.834,2025-07-27,29.5,33.5,26.7,81,17.3,21.99,1.3
BBSR-07,Bhubaneswar Zone 07,20.238,85.834,2025-07-28,29.2,32.2,26.6,80,17.1,15.42,0.3
BBSR-07,Bhubaneswar Zone 07,20.238,85.834,2025-07-29,27.3,29.1,26.3,90,20.2,8.55,24.0
BBSR-07,Bhubaneswar Zone 07,20.238,85.834,2025-07-30,27.9,31.9,25.5,87,17.8,15.75,15.0
BBSR-07,Bhubaneswar Zone 07,20.238,85.834,2025-07-31,28.9,33.2,26.4,83,14.6,16.38,2.0
BBSR-07,Bhubaneswar Zone 07,20.238,85.834,2025-08-01,29.8,33.7,26.3,79,17.7,22.37,0.9
BBSR-07,Bhubaneswar Zone 07,20.238,85.834,2025-08-02,29.8,34.3,25.6,79,13.9,23.3,6.4
BBSR-07,Bhubaneswar Zone 07,20.238,85.834,2025-08-03,28.8,31.4,26.2,87,17.4,16.29,18.8
BBSR-07,Bhubaneswar Zone 07,20.238,85.834,2025-08-04,29.8,32.7,27.0,82,16.4,19.05,0.5
BBSR-07,Bhubaneswar Zone 07,20.238,85.834,2025-08-05,29.8,33.1,27.4,83,14.3,21.94,2.6
BBSR-07,Bhubaneswar Zone 07,20.238,85.834,2025-08-06,29.0,33.8,26.5,85,15.8,16.03,5.6
BBSR-07,Bhubaneswar Zone 07,20.238,85.834,2025-08-07,28.6,32.3,26.3,86,15.6,16.06,21.9
BBSR-07,Bhubaneswar Zone 07,20.238,85.834,2025-08-08,27.2,30.0,25.1,89,18.1,9.21,10.7
BBSR-07,Bhubaneswar Zone 07,20.238,85.834,2025-08-09,28.0,32.1,24.7,86,16.2,18.99,2.7
BBSR-07,Bhubaneswar Zone 07,20.238,85.834,2025-08-10,28.8,32.5,25.5,83,16.0,23.11,6.2
BBSR-07,Bhubaneswar Zone 07,20.238,85.834,2025-08-11,28.9,32.9,26.0,86,11.2,21.89,6.7
BBSR-07,Bhubaneswar Zone 07,20.238,85.834,2025-08-12,29.1,33.1,25.8,84,12.2,21.41,10.6
BBSR-07,Bhubaneswar Zone 07,20.238,85.834,2025-08-13,28.6,32.1,26.2,82,15.3,20.26,8.2
BBSR-07,Bhubaneswar Zone 07,20.238,85.834,2025-08-14,27.8,30.8,25.2,85,13.3,15.97,4.9
BBSR-07,Bhubaneswar Zone 07,20.238,85.834,2025-08-15,28.1,31.8,25.4,85,13.2,18.64,4.0
BBSR-07,Bhubaneswar Zone 07,20.238,85.834,2025-08-16,28.1,32.0,25.3,84,19.6,20.64,7.2
BBSR-07,Bhubaneswar Zone 07,20.238,85.834,2025-08-17,27.6,30.9,25.4,86,22.2,18.37,20.8
BBSR-07,Bhubaneswar Zone 07,20.238,85.834,2025-08-18,27.2,30.3,25.1,87,26.5,16.47,10.7
BBSR-07,Bhubaneswar Zone 07,20.238,85.834,2025-08-19,27.7,30.1,25.4,86,18.8,14.77,14.1
BBSR-07,Bhubaneswar Zone 07,20.238,85.834,2025-08-20,28.6,31.6,25.5,84,17.9,16.82,3.8
BBSR-07,Bhubaneswar Zone 07,20.238,85.834,2025-08-21,27.8,29.7,26.1,89,16.8,10.36,7.5
BBSR-07,Bhubaneswar Zone 07,20.238,85.834,2025-08-22,26.6,28.2,25.4,93,17.0,6.0,41.6
BBSR-07,Bhubaneswar Zone 07,20.238,85.834,2025-08-23,27.8,30.7,25.7,86,21.4,13.02,11.8
BBSR-07,Bhubaneswar Zone 07,20.238,85.834,2025-08-24,27.5,29.6,25.8,84,18.5,12.33,1.1
BBSR-07,Bhubaneswar Zone 07,20.238,85.834,2025-08-25,26.5,29.3,25.3,92,10.8,8.95,16.9
BBSR-07,Bhubaneswar Zone 07,20.238,85.834,2025-08-26,27.4,31.8,24.6,86,15.9,21.81,20.9
BBSR-07,Bhubaneswar Zone 07,20.238,85.834,2025-08-27,26.9,30.8,24.7,89,16.0,13.55,15.9
BBSR-07,Bhubaneswar Zone 07,20.238,85.834,2025-08-28,27.7,30.5,24.8,85,22.2,19.81,11.0
BBSR-07,Bhubaneswar Zone 07,20.238,85.834,2025-08-29,28.4,30.9,25.8,82,21.2,16.89,1.5
BBSR-07,Bhubaneswar Zone 07,20.238,85.834,2025-08-30,27.8,30.0,26.0,88,16.9,13.68,20.9
BBSR-07,Bhubaneswar Zone 07,20.238,85.834,2025-08-31,27.2,31.6,25.3,91,9.2,17.76,11.9
BBSR-07,Bhubaneswar Zone 07,20.238,85.834,2025-09-01,27.8,32.1,24.8,89,15.7,18.86,5.0
BBSR-07,Bhubaneswar Zone 07,20.238,85.834,2025-09-02,26.4,29.9,24.4,91,11.1,9.94,33.0
BBSR-07,Bhubaneswar Zone 07,20.238,85.834,2025-09-03,25.7,26.7,24.7,95,17.8,4.0,94.0
BBSR-07,Bhubaneswar Zone 07,20.238,85.834,2025-09-04,27.4,31.0,25.2,91,9.4,15.85,9.1
BBSR-07,Bhubaneswar Zone 07,20.238,85.834,2025-09-05,27.7,30.3,25.2,90,12.2,13.7,9.3
BBSR-07,Bhubaneswar Zone 07,20.238,85.834,2025-09-06,27.2,30.3,25.4,92,8.0,12.73,13.4
BBSR-07,Bhubaneswar Zone 07,20.238,85.834,2025-09-07,27.7,32.1,25.0,88,12.7,21.07,7.9
BBSR-07,Bhubaneswar Zone 07,20.238,85.834,2025-09-08,28.0,32.0,24.8,88,15.0,20.98,3.3
BBSR-07,Bhubaneswar Zone 07,20.238,85.834,2025-09-09,28.5,32.1,24.8,86,13.0,21.47,0.1
BBSR-07,Bhubaneswar Zone 07,20.238,85.834,2025-09-10,28.7,33.4,25.7,86,15.9,20.27,3.8
BBSR-07,Bhubaneswar Zone 07,20.238,85.834,2025-09-11,28.2,31.4,25.8,89,12.5,17.57,13.9
BBSR-07,Bhubaneswar Zone 07,20.238,85.834,2025-09-12,27.6,31.6,25.3,89,16.6,18.53,8.1
BBSR-07,Bhubaneswar Zone 07,20.238,85.834,2025-09-13,27.6,30.6,25.5,88,12.1,15.83,15.9
BBSR-07,Bhubaneswar Zone 07,20.238,85.834,2025-09-14,27.8,30.6,25.8,87,11.7,14.61,9.6
BBSR-07,Bhubaneswar Zone 07,20.238,85.834,2025-09-15,27.9,31.0,25.7,87,15.5,14.7,7.7
BBSR-07,Bhubaneswar Zone 07,20.238,85.834,2025-09-16,27.0,30.2,25.3,91,15.1,11.95,17.1
BBSR-07,Bhubaneswar Zone 07,20.238,85.834,2025-09-17,28.4,32.1,25.9,83,15.3,19.46,7.7
BBSR-07,Bhubaneswar Zone 07,20.238,85.834,2025-09-18,29.1,33.5,25.7,80,11.8,22.04,0.2
BBSR-07,Bhubaneswar Zone 07,20.238,85.834,2025-09-19,29.3,33.3,26.3,83,8.7,20.6,3.8
BBSR-07,Bhubaneswar Zone 07,20.238,85.834,2025-09-20,28.6,33.2,25.8,87,7.8,16.33,7.3
BBSR-07,Bhubaneswar Zone 07,20.238,85.834,2025-09-21,27.9,33.2,25.6,89,14.8,17.65,10.6
BBSR-07,Bhubaneswar Zone 07,20.238,85.834,2025-09-22,27.6,32.5,24.9,90,14.6,16.89,15.4
BBSR-07,Bhubaneswar Zone 07,20.238,85.834,2025-09-23,26.7,30.1,25.3,92,14.7,12.69,24.9
BBSR-07,Bhubaneswar Zone 07,20.238,85.834,2025-09-24,27.0,30.2,24.6,89,8.4,15.07,2.7
BBSR-07,Bhubaneswar Zone 07,20.238,85.834,2025-09-25,27.1,31.6,25.1,91,15.7,18.26,16.5
BBSR-07,Bhubaneswar Zone 07,20.238,85.834,2025-09-26,26.2,27.9,25.0,93,18.1,6.63,17.8
BBSR-07,Bhubaneswar Zone 07,20.238,85.834,2025-09-27,26.9,29.3,25.1,90,20.1,13.03,9.2
BBSR-07,Bhubaneswar Zone 07,20.238,85.834,2025-09-28,27.1,30.2,24.8,90,13.6,14.12,15.2
BBSR-07,Bhubaneswar Zone 07,20.238,85.834,2025-09-29,26.9,31.4,24.8,90,19.1,16.58,14.8
BBSR-07,Bhubaneswar Zone 07,20.238,85.834,2025-09-30,28.2,32.5,24.5,85,8.3,20.62,0.4
BBSR-07,Bhubaneswar Zone 07,20.238,85.834,2025-10-01,28.1,33.3,25.1,85,19.2,19.25,2.5
BBSR-07,Bhubaneswar Zone 07,20.238,85.834,2025-10-02,26.6,30.3,24.7,90,28.0,9.79,41.7
BBSR-07,Bhubaneswar Zone 07,20.238,85.834,2025-10-03,28.5,31.2,26.2,84,25.2,17.02,2.9
BBSR-07,Bhubaneswar Zone 07,20.238,85.834,2025-10-04,28.2,31.4,25.0,88,20.7,17.51,3.5
BBSR-07,Bhubaneswar Zone 07,20.238,85.834,2025-10-05,26.9,29.2,25.0,91,15.1,13.68,18.2
BBSR-07,Bhubaneswar Zone 07,20.238,85.834,2025-10-06,26.4,30.9,24.3,90,13.1,14.3,13.5
BBSR-07,Bhubaneswar Zone 07,20.238,85.834,2025-10-07,26.8,30.9,24.8,91,9.7,14.25,8.3
BBSR-07,Bhubaneswar Zone 07,20.238,85.834,2025-10-08,26.4,29.8,24.4,92,8.9,13.19,8.7
BBSR-07,Bhubaneswar Zone 07,20.238,85.834,2025-10-09,27.0,31.4,24.8,89,9.4,17.31,6.3
BBSR-07,Bhubaneswar Zone 07,20.238,85.834,2025-10-10,26.8,31.8,24.4,88,12.2,18.7,3.3
BBSR-07,Bhubaneswar Zone 07,20.238,85.834,2025-10-11,26.9,30.9,24.4,87,13.4,18.3,3.3
BBSR-07,Bhubaneswar Zone 07,20.238,85.834,2025-10-12,27.0,30.9,24.2,84,18.4,18.55,1.0
BBSR-07,Bhubaneswar Zone 07,20.238,85.834,2025-10-13,26.0,30.7,24.0,89,15.2,13.59,14.3
BBSR-07,Bhubaneswar Zone 07,20.238,85.834,2025-10-14,27.2,31.5,23.6,79,13.0,19.58,0.1
BBSR-07,Bhubaneswar Zone 07,20.238,85.834,2025-10-15,27.2,31.7,23.5,78,13.7,20.97,0.0
BBSR-07,Bhubaneswar Zone 07,20.238,85.834,2025-10-16,27.2,31.6,23.6,79,9.7,20.19,0.0
BBSR-07,Bhubaneswar Zone 07,20.238,85.834,2025-10-17,26.7,31.3,22.3,77,12.0,20.75,0.0
BBSR-07,Bhubaneswar Zone 07,20.238,85.834,2025-10-18,26.5,31.2,23.5,82,13.5,18.61,1.7
BBSR-07,Bhubaneswar Zone 07,20.238,85.834,2025-10-19,26.2,29.4,23.9,89,16.0,15.27,9.7
BBSR-07,Bhubaneswar Zone 07,20.238,85.834,2025-10-20,26.5,30.7,24.8,90,12.6,14.83,8.7
BBSR-07,Bhubaneswar Zone 07,20.238,85.834,2025-10-21,27.3,31.7,24.1,83,17.7,18.29,3.1
BBSR-07,Bhubaneswar Zone 07,20.238,85.834,2025-10-22,27.4,31.4,24.3,82,18.0,17.86,0.8
BBSR-07,Bhubaneswar Zone 07,20.238,85.834,2025-10-23,27.2,31.7,24.4,84,12.8,17.99,3.1
BBSR-07,Bhubaneswar Zone 07,20.238,85.834,2025-10-24,26.9,32.2,23.9,84,12.2,18.34,0.5
BBSR-07,Bhubaneswar Zone 07,20.238,85.834,2025-10-25,26.5,31.3,23.5,87,18.0,16.94,2.0
BBSR-07,Bhubaneswar Zone 07,20.238,85.834,2025-10-26,27.4,31.4,24.6,82,12.9,17.98,0.0
BBSR-07,Bhubaneswar Zone 07,20.238,85.834,2025-10-27,27.1,30.4,24.5,84,17.0,16.86,9.8
BBSR-07,Bhubaneswar Zone 07,20.238,85.834,2025-10-28,25.8,29.5,23.8,91,24.5,11.53,21.9
BBSR-07,Bhubaneswar Zone 07,20.238,85.834,2025-10-29,26.1,29.2,24.6,91,15.8,12.01,20.2
BBSR-07,Bhubaneswar Zone 07,20.238,85.834,2025-10-30,26.4,29.7,24.5,89,18.5,14.84,7.5
BBSR-07,Bhubaneswar Zone 07,20.238,85.834,2025-10-31,27.8,31.4,24.9,82,15.2,17.36,0.0
BBSR-07,Bhubaneswar Zone 07,20.238,85.834,2025-11-01,27.7,32.0,25.3,85,13.8,15.9,12.3
BBSR-07,Bhubaneswar Zone 07,20.238,85.834,2025-11-02,27.3,31.2,24.4,85,9.9,16.3,1.0
BBSR-07,Bhubaneswar Zone 07,20.238,85.834,2025-11-03,26.5,30.4,23.0,82,8.7,16.89,0.2
BBSR-07,Bhubaneswar Zone 07,20.238,85.834,2025-11-04,25.2,30.8,20.9,69,11.6,17.16,0.0
BBSR-07,Bhubaneswar Zone 07,20.238,85.834,2025-11-05,24.3,30.5,18.8,67,10.2,19.16,0.0
BBSR-07,Bhubaneswar Zone 07,20.238,85.834,2025-11-06,25.3,31.4,20.2,70,9.6,18.71,0.0
BBSR-07,Bhubaneswar Zone 07,20.238,85.834,2025-11-07,25.6,30.8,21.0,73,14.1,18.44,0.0
BBSR-07,Bhubaneswar Zone 07,20.238,85.834,2025-11-08,24.7,29.9,20.8,69,14.4,18.67,0.0
BBSR-07,Bhubaneswar Zone 07,20.238,85.834,2025-11-09,23.4,29.0,18.7,70,8.6,18.76,0.0
BBSR-07,Bhubaneswar Zone 07,20.238,85.834,2025-11-10,23.0,28.9,18.1,67,11.2,18.78,0.0
BBSR-07,Bhubaneswar Zone 07,20.238,85.834,2025-11-11,22.9,29.2,17.4,66,7.6,18.62,0.0
BBSR-07,Bhubaneswar Zone 07,20.238,85.834,2025-11-12,22.2,28.1,17.1,66,10.2,18.63,0.0
BBSR-07,Bhubaneswar Zone 07,20.238,85.834,2025-11-13,21.9,28.0,16.2,67,11.9,18.61,0.0
BBSR-07,Bhubaneswar Zone 07,20.238,85.834,2025-11-14,21.9,28.0,16.3,68,11.1,18.46,0.0
BBSR-07,Bhubaneswar Zone 07,20.238,85.834,2025-11-15,21.4,27.6,16.7,65,15.4,18.44,0.0
BBSR-07,Bhubaneswar Zone 07,20.238,85.834,2025-11-16,20.9,27.7,15.7,64,15.2,18.47,0.0
BBSR-07,Bhubaneswar Zone 07,20.238,85.834,2025-11-17,21.0,27.3,16.3,64,13.3,18.25,0.0
BBSR-07,Bhubaneswar Zone 07,20.238,85.834,2025-11-18,21.7,27.8,16.4,68,10.6,18.01,0.0
BBSR-07,Bhubaneswar Zone 07,20.238,85.834,2025-11-19,22.8,29.4,16.9,69,9.4,17.45,0.0
BBSR-07,Bhubaneswar Zone 07,20.238,85.834,2025-11-20,25.1,30.0,21.7,64,14.5,16.67,0.0
BBSR-07,Bhubaneswar Zone 07,20.238,85.834,2025-11-21,24.7,30.5,20.0,73,11.1,17.02,0.0
BBSR-07,Bhubaneswar Zone 07,20.238,85.834,2025-11-22,24.5,30.5,19.6,78,8.2,16.22,0.0
BBSR-07,Bhubaneswar Zone 07,20.238,85.834,2025-11-23,24.7,30.1,20.0,78,8.0,15.21,0.0
BBSR-07,Bhubaneswar Zone 07,20.238,85.834,2025-11-24,23.6,28.9,19.7,73,11.6,16.33,0.0
BBSR-07,Bhubaneswar Zone 07,20.238,85.834,2025-11-25,22.3,27.9,18.2,71,14.4,16.78,0.0
BBSR-07,Bhubaneswar Zone 07,20.238,85.834,2025-11-26,21.2,27.1,17.1,67,17.2,16.93,0.0
BBSR-07,Bhubaneswar Zone 07,20.238,85.834,2025-11-27,20.7,26.6,15.9,63,14.5,17.19,0.0
BBSR-07,Bhubaneswar Zone 07,20.238,85.834,2025-11-28,21.8,28.1,16.5,70,11.5,16.1,0.0
BBSR-07,Bhubaneswar Zone 07,20.238,85.834,2025-11-29,22.8,29.1,18.1,72,10.4,15.35,0.0
BBSR-07,Bhubaneswar Zone 07,20.238,85.834,2025-11-30,22.6,28.3,18.3,70,9.0,15.63,0.0
BBSR-07,Bhubaneswar Zone 07,20.238,85.834,2025-12-01,21.7,25.9,17.2,71,11.4,8.25,0.0
BBSR-07,Bhubaneswar Zone 07,20.238,85.834,2025-12-02,23.4,28.2,20.0,72,10.3,13.39,0.0
BBSR-07,Bhubaneswar Zone 07,20.238,85.834,2025-12-03,22.6,28.3,18.2,74,10.7,14.9,0.0
BBSR-07,Bhubaneswar Zone 07,20.238,85.834,2025-12-04,21.6,27.4,17.6,70,15.1,16.19,0.0
BBSR-07,Bhubaneswar Zone 07,20.238,85.834,2025-12-05,21.0,26.9,16.8,63,16.5,16.46,0.0
BBSR-07,Bhubaneswar Zone 07,20.238,85.834,2025-12-06,20.0,26.3,15.4,62,12.5,16.24,0.0
BBSR-07,Bhubaneswar Zone 07,20.238,85.834,2025-12-07,19.8,26.3,14.1,62,10.5,16.06,0.0
BBSR-07,Bhubaneswar Zone 07,20.238,85.834,2025-12-08,20.3,26.8,13.9,64,8.3,15.94,0.0
BBSR-07,Bhubaneswar Zone 07,20.238,85.834,2025-12-09,20.5,26.8,14.8,66,13.0,15.88,0.0
BBSR-07,Bhubaneswar Zone 07,20.238,85.834,2025-12-10,20.3,26.7,15.4,68,12.5,15.98,0.0
BBSR-07,Bhubaneswar Zone 07,20.238,85.834,2025-12-11,19.8,26.8,13.8,63,8.7,16.45,0.0
BBSR-07,Bhubaneswar Zone 07,20.238,85.834,2025-12-12,19.8,27.0,13.2,68,6.5,16.25,0.0
BBSR-07,Bhubaneswar Zone 07,20.238,85.834,2025-12-13,20.2,26.8,14.5,70,9.6,16.01,0.0
BBSR-07,Bhubaneswar Zone 07,20.238,85.834,2025-12-14,20.2,26.6,14.7,70,11.4,15.92,0.0
BBSR-07,Bhubaneswar Zone 07,20.238,85.834,2025-12-15,20.4,27.3,14.7,72,7.8,15.9,0.0
BBSR-07,Bhubaneswar Zone 07,20.238,85.834,2025-12-16,20.6,27.0,15.0,75,7.9,15.71,0.0
BBSR-07,Bhubaneswar Zone 07,20.238,85.834,2025-12-17,20.4,27.3,15.0,75,8.7,15.88,0.0
BBSR-07,Bhubaneswar Zone 07,20.238,85.834,2025-12-18,20.3,26.5,15.1,69,9.7,15.72,0.0
BBSR-07,Bhubaneswar Zone 07,20.238,85.834,2025-12-19,20.4,26.7,14.9,69,6.2,15.78,0.0
BBSR-07,Bhubaneswar Zone 07,20.238,85.834,2025-12-20,20.3,26.2,15.3,71,7.8,15.45,0.0
BBSR-07,Bhubaneswar Zone 07,20.238,85.834,2025-12-21,19.8,26.4,15.3,72,11.0,15.32,0.0
BBSR-07,Bhubaneswar Zone 07,20.238,85.834,2025-12-22,19.5,25.8,14.8,73,12.4,15.74,0.0
BBSR-07,Bhubaneswar Zone 07,20.238,85.834,2025-12-23,19.9,26.4,14.3,76,6.9,15.69,0.0
BBSR-07,Bhubaneswar Zone 07,20.238,85.834,2025-12-24,20.3,27.0,14.6,79,7.4,14.57,0.0
BBSR-07,Bhubaneswar Zone 07,20.238,85.834,2025-12-25,19.7,25.5,16.2,79,12.7,15.39,0.0
BBSR-07,Bhubaneswar Zone 07,20.238,85.834,2025-12-26,19.0,25.0,15.1,77,11.5,15.79,0.0
BBSR-07,Bhubaneswar Zone 07,20.238,85.834,2025-12-27,18.9,25.6,13.8,77,8.4,15.84,0.0
BBSR-07,Bhubaneswar Zone 07,20.238,85.834,2025-12-28,18.9,25.5,13.9,76,8.7,16.05,0.0
BBSR-07,Bhubaneswar Zone 07,20.238,85.834,2025-12-29,18.8,25.3,14.4,79,9.9,16.08,0.0
BBSR-07,Bhubaneswar Zone 07,20.238,85.834,2025-12-30,18.3,24.7,13.6,82,10.2,16.01,0.0
BBSR-07,Bhubaneswar Zone 07,20.238,85.834,2025-12-31,18.4,24.8,14.3,85,10.1,14.31,0.0
BBSR-08,Bhubaneswar Zone 08,20.26,85.785,2024-01-01,20.6,26.2,15.5,76,9.4,15.91,0.0
BBSR-08,Bhubaneswar Zone 08,20.26,85.785,2024-01-02,20.3,26.5,15.6,81,11.8,15.34,0.0
BBSR-08,Bhubaneswar Zone 08,20.26,85.785,2024-01-03,20.1,26.2,15.4,73,11.2,16.09,0.0
BBSR-08,Bhubaneswar Zone 08,20.26,85.785,2024-01-04,19.8,27.0,13.9,74,11.5,16.18,0.0
BBSR-08,Bhubaneswar Zone 08,20.26,85.785,2024-01-05,20.4,27.5,14.3,73,10.6,16.29,0.0
BBSR-08,Bhubaneswar Zone 08,20.26,85.785,2024-01-06,20.9,27.7,15.2,70,9.4,16.5,0.0
BBSR-08,Bhubaneswar Zone 08,20.26,85.785,2024-01-07,20.8,27.6,14.5,69,13.8,16.16,0.0
BBSR-08,Bhubaneswar Zone 08,20.26,85.785,2024-01-08,21.4,28.0,17.0,72,14.8,16.08,0.0
BBSR-08,Bhubaneswar Zone 08,20.26,85.785,2024-01-09,21.0,27.5,15.7,76,12.0,16.1,0.0
BBSR-08,Bhubaneswar Zone 08,20.26,85.785,2024-01-10,22.4,29.3,16.4,78,13.6,15.22,0.0
BBSR-08,Bhubaneswar Zone 08,20.26,85.785,2024-01-11,23.5,29.2,19.1,78,12.3,15.5,0.0
BBSR-08,Bhubaneswar Zone 08,20.26,85.785,2024-01-12,21.4,26.6,17.6,73,12.8,16.43,0.0
BBSR-08,Bhubaneswar Zone 08,20.26,85.785,2024-01-13,20.2,26.6,14.7,69,15.3,16.83,0.0
BBSR-08,Bhubaneswar Zone 08,20.26,85.785,2024-01-14,21.1,27.8,14.0,76,9.2,16.21,0.0
BBSR-08,Bhubaneswar Zone 08,20.26,85.785,2024-01-15,21.5,28.3,16.1,77,10.0,15.47,0.0
BBSR-08,Bhubaneswar Zone 08,20.26,85.785,2024-01-16,22.0,27.2,17.9,81,13.3,13.9,0.1
BBSR-08,Bhubaneswar Zone 08,20.26,85.785,2024-01-17,21.5,26.0,18.7,88,11.2,10.25,5.4
BBSR-08,Bhubaneswar Zone 08,20.26,85.785,2024-01-18,22.9,27.8,19.1,82,21.1,13.69,0.8
BBSR-08,Bhubaneswar Zone 08,20.26,85.785,2024-01-19,22.1,27.0,18.6,77,13.8,14.51,0.0
BBSR-08,Bhubaneswar Zone 08,20.26,85.785,2024-01-20,21.4,26.8,17.7,79,12.6,13.94,0.0
BBSR-08,Bhubaneswar Zone 08,20.26,85.785,2024-01-21,21.3,26.8,18.0,88,8.4,10.12,4.2
BBSR-08,Bhubaneswar Zone 08,20.26,85.785,2024-01-22,20.3,24.4,15.7,72,15.9,10.51,1.1
BBSR-08,Bhubaneswar Zone 08,20.26,85.785,2024-01-23,21.0,27.4,15.3,66,14.4,14.36,3.8
BBSR-08,Bhubaneswar Zone 08,20.26,85.785,2024-01-24,19.9,23.3,17.4,89,17.1,6.5,22.0
BBSR-08,Bhubaneswar Zone 08,20.26,85.785,2024-01-25,19.5,24.2,15.9,82,14.2,11.2,0.6
BBSR-08,Bhubaneswar Zone 08,20.26,85.785,2024-01-26,19.5,25.2,15.6,76,11.5,17.0,0.0
BBSR-08,Bhubaneswar Zone 08,20.26,85.785,2024-01-27,19.5,25.7,14.1,74,9.2,17.72,0.0
BBSR-08,Bhubaneswar Zone 08,20.26,85.785,2024-01-28,19.8,26.5,14.0,77,11.9,18.04,0.0
BBSR-08,Bhubaneswar Zone 08,20.26,85.785,2024-01-29,20.7,27.4,14.1,78,14.4,17.2,0.0
BBSR-08,Bhubaneswar Zone 08,20.26,85.785,2024-01-30,22.4,28.5,17.2,79,13.3,16.32,0.0
BBSR-08,Bhubaneswar Zone 08,20.26,85.785,2024-01-31,23.1,29.2,19.3,75,15.0,16.2,0.0
BBSR-08,Bhubaneswar Zone 08,20.26,85.785,2024-02-01,23.8,29.7,20.0,78,17.8,17.41,0.0
BBSR-08,Bhubaneswar Zone 08,20.26,85.785,2024-02-02,23.2,29.3,18.7,85,16.5,14.35,1.0
BBSR-08,Bhubaneswar Zone 08,20.26,85.785,2024-02-03,23.5,29.6,19.8,81,10.2,16.78,0.0
BBSR-08,Bhubaneswar Zone 08,20.26,85.785,2024-02-04,24.2,30.2,19.5,77,13.0,17.14,0.0
BBSR-08,Bhubaneswar Zone 08,20.26,85.785,2024-02-05,24.3,30.7,18.6,79,13.8,18.68,0.0
BBSR-08,Bhubaneswar Zone 08,20.26,85.785,2024-02-06,25.9,32.5,22.0,80,18.1,17.88,0.5
BBSR-08,Bhubaneswar Zone 08,20.26,85.785,2024-02-07,24.9,30.2,21.0,81,17.8,14.21,0.0
BBSR-08,Bhubaneswar Zone 08,20.26,85.785,2024-02-08,24.0,29.0,19.9,76,16.8,13.42,0.2
BBSR-08,Bhubaneswar Zone 08,20.26,85.785,2024-02-09,21.7,27.1,17.3,65,15.4,18.78,0.0
BBSR-08,Bhubaneswar Zone 08,20.26,85.785,2024-02-10,21.2,27.7,15.6,64,8.7,19.63,0.0
BBSR-08,Bhubaneswar Zone 08,20.26,85.785,2024-02-11,22.9,29.3,17.7,66,12.8,19.34,0.0
BBSR-08,Bhubaneswar Zone 08,20.26,85.785,2024-02-12,23.4,30.7,17.8,68,14.7,18.94,0.0
BBSR-08,Bhubaneswar Zone 08,20.26,85.785,2024-02-13,23.7,31.3,18.0,72,14.0,19.16,0.0
BBSR-08,Bhubaneswar Zone 08,20.26,85.785,2024-02-14,23.3,31.3,17.6,78,16.2,18.75,0.0
BBSR-08,Bhubaneswar Zone 08,20.26,85.785,2024-02-15,24.4,31.4,18.6,77,14.0,17.47,0.0
BBSR-08,Bhubaneswar Zone 08,20.26,85.785,2024-02-16,24.7,31.8,18.4,67,14.5,19.76,0.0
BBSR-08,Bhubaneswar Zone 08,20.26,85.785,2024-02-17,24.9,31.9,19.6,74,15.0,18.88,0.1
BBSR-08,Bhubaneswar Zone 08,20.26,85.785,2024-02-18,25.9,32.2,20.9,75,16.6,18.05,0.0
BBSR-08,Bhubaneswar Zone 08,20.26,85.785,2024-02-19,26.0,33.0,20.9,74,15.1,18.58,0.0
BBSR-08,Bhubaneswar Zone 08,20.26,85.785,2024-02-20,27.1,34.8,21.5,66,15.6,18.29,0.0
BBSR-08,Bhubaneswar Zone 08,20.26,85.785,2024-02-21,27.5,35.3,21.1,55,20.2,19.0,0.0
BBSR-08,Bhubaneswar Zone 08,20.26,85.785,2024-02-22,27.3,32.4,23.1,66,23.8,18.06,0.6
BBSR-08,Bhubaneswar Zone 08,20.26,85.785,2024-02-23,26.3,31.5,21.9,70,17.4,19.04,0.2
BBSR-08,Bhubaneswar Zone 08,20.26,85.785,2024-02-24,24.0,28.2,21.2,83,14.3,13.28,11.5
BBSR-08,Bhubaneswar Zone 08,20.26,85.785,2024-02-25,24.3,30.8,20.7,80,16.1,16.43,5.5
BBSR-08,Bhubaneswar Zone 08,20.26,85.785,2024-02-26,25.0,31.0,20.3,72,13.0,19.81,0.0
BBSR-08,Bhubaneswar Zone 08,20.26,85.785,2024-02-27,25.2,31.7,19.7,66,16.1,20.64,0.5
BBSR-08,Bhubaneswar Zone 08,20.26,85.785,2024-02-28,26.4,33.1,20.8,68,10.6,20.26,0.0
BBSR-08,Bhubaneswar Zone 08,20.26,85.785,2024-02-29,26.7,33.4,20.8,72,9.7,20.07,0.0
BBSR-08,Bhubaneswar Zone 08,20.26,85.785,2024-03-01,27.1,34.0,23.2,74,14.1,19.94,0.0
BBSR-08,Bhubaneswar Zone 08,20.26,85.785,2024-03-02,27.2,34.8,21.3,71,18.5,21.07,0.0
BBSR-08,Bhubaneswar Zone 08,20.26,85.785,2024-03-03,27.3,33.6,22.7,72,15.6,20.94,0.0
BBSR-08,Bhubaneswar Zone 08,20.26,85.785,2024-03-04,27.4,33.8,22.7,76,17.0,19.34,1.0
BBSR-08,Bhubaneswar Zone 08,20.26,85.785,2024-03-05,27.4,34.3,22.4,75,14.2,20.06,1.2
BBSR-08,Bhubaneswar Zone 08,20.26,85.785,2024-03-06,26.8,34.0,22.9,80,16.3,18.76,0.4
BBSR-08,Bhubaneswar Zone 08,20.26,85.785,2024-03-07,26.8,33.8,23.4,81,14.0,16.91,6.8
BBSR-08,Bhubaneswar Zone 08,20.26,85.785,2024-03-08,25.8,31.8,22.5,80,10.5,18.37,1.8
BBSR-08,Bhubaneswar Zone 08,20.26,85.785,2024-03-09,26.2,32.5,20.3,68,15.2,21.01,0.0
BBSR-08,Bhubaneswar Zone 08,20.26,85.785,2024-03-10,26.5,33.0,20.5,71,15.5,20.45,0.0
BBSR-08,Bhubaneswar Zone 08,20.26,85.785,2024-03-11,27.0,32.8,21.5,76,15.6,20.61,0.4
BBSR-08,Bhubaneswar Zone 08,20.26,85.785,2024-03-12,28.8,35.1,23.4,74,15.0,20.56,1.4
BBSR-08,Bhubaneswar Zone 08,20.26,85.785,2024-03-13,29.2,35.3,24.9,76,19.0,19.56,0.9
BBSR-08,Bhubaneswar Zone 08,20.26,85.785,2024-03-14,29.3,36.4,25.7,73,20.1,18.96,0.0
BBSR-08,Bhubaneswar Zone 08,20.26,85.785,2024-03-15,28.7,36.4,24.4,76,19.9,20.26,1.2
BBSR-08,Bhubaneswar Zone 08,20.26,85.785,2024-03-16,28.3,34.1,24.3,77,14.8,20.85,1.2
BBSR-08,Bhubaneswar Zone 08,20.26,85.785,2024-03-17,28.0,33.7,23.1,75,9.7,19.47,1.1
BBSR-08,Bhubaneswar Zone 08,20.26,85.785,2024-03-18,28.1,33.6,23.8,75,13.5,17.56,7.5
BBSR-08,Bhubaneswar Zone 08,20.26,85.785,2024-03-19,24.4,28.7,22.0,85,20.5,9.25,19.0
BBSR-08,Bhubaneswar Zone 08,20.26,85.785,2024-03-20,21.1,24.7,18.9,81,16.2,6.8,21.7
BBSR-08,Bhubaneswar Zone 08,20.26,85.785,2024-03-21,23.2,29.4,16.2,79,13.8,21.61,0.1
BBSR-08,Bhubaneswar Zone 08,20.26,85.785,2024-03-22,26.4,32.0,21.1,79,16.0,21.51,0.5
BBSR-08,Bhubaneswar Zone 08,20.26,85.785,2024-03-23,27.8,35.1,21.1,73,17.0,23.03,0.0
BBSR-08,Bhubaneswar Zone 08,20.26,85.785,2024-03-24,28.2,34.2,23.6,77,18.8,22.51,0.0
BBSR-08,Bhubaneswar Zone 08,20.26,85.785,2024-03-25,28.8,35.6,23.9,68,15.5,21.09,0.0
BBSR-08,Bhubaneswar Zone 08,20.26,85.785,2024-03-26,28.7,34.8,23.7,60,19.2,22.24,0.0
BBSR-08,Bhubaneswar Zone 08,20.26,85.785,2024-03-27,29.3,36.0,24.0,63,17.0,23.05,0.0
BBSR-08,Bhubaneswar Zone 08,20.26,85.785,2024-03-28,29.5,37.2,23.4,70,17.0,22.65,0.0
BBSR-08,Bhubaneswar Zone 08,20.26,85.785,2024-03-29,29.8,37.2,23.4,69,18.2,22.75,0.0
BBSR-08,Bhubaneswar Zone 08,20.26,85.785,2024-03-30,30.2,37.2,24.4,66,18.6,21.44,1.2
BBSR-08,Bhubaneswar Zone 08,20.26,85.785,2024-03-31,29.9,36.1,24.4,67,17.1,20.58,0.0
BBSR-08,Bhubaneswar Zone 08,20.26,85.785,2024-04-01,30.8,37.9,25.6,61,19.2,22.79,0.1
BBSR-08,Bhubaneswar Zone 08,20.26,85.785,2024-04-02,30.7,37.8,25.6,71,18.7,23.36,0.0
BBSR-08,Bhubaneswar Zone 08,20.26,85.785,2024-04-03,30.6,36.9,24.9,73,15.5,23.17,0.0
BBSR-08,Bhubaneswar Zone 08,20.26,85.785,2024-04-04,30.7,36.9,25.8,76,15.1,21.33,0.0
BBSR-08,Bhubaneswar Zone 08,20.26,85.785,2024-04-05,32.2,41.2,25.9,64,16.2,23.09,0.0
BBSR-08,Bhubaneswar Zone 08,20.26,85.785,2024-04-06,31.5,39.6,25.3,69,17.3,22.99,0.2
BBSR-08,Bhubaneswar Zone 08,20.26,85.785,2024-04-07,29.9,38.2,24.8,73,14.7,21.11,16.2
BBSR-08,Bhubaneswar Zone 08,20.26,85.785,2024-04-08,27.4,32.7,24.2,65,24.7,23.44,0.0
BBSR-08,Bhubaneswar Zone 08,20.26,85.785,2024-04-09,29.1,36.1,24.3,52,23.7,22.47,0.0
BBSR-08,Bhubaneswar Zone 08,20.26,85.785,2024-04-10,29.2,36.3,23.4,56,9.0,21.81,0.1
BBSR-08,Bhubaneswar Zone 08,20.26,85.785,2024-04-11,25.9,28.3,22.4,72,24.8,11.35,0.3
BBSR-08,Bhubaneswar Zone 08,20.26,85.785,2024-04-12,27.1,33.1,21.8,67,14.7,17.43,0.0
BBSR-08,Bhubaneswar Zone 08,20.26,85.785,2024-04-13,29.4,36.3,22.5,56,11.4,23.31,0.0
BBSR-08,Bhubaneswar Zone 08,20.26,85.785,2024-04-14,30.6,37.2,24.2,56,11.0,23.61,0.0
BBSR-08,Bhubaneswar Zone 08,20.26,85.785,2024-04-15,31.6,39.0,25.2,55,19.1,24.25,0.0
BBSR-08,Bhubaneswar Zone 08,20.26,85.785,2024-04-16,32.9,40.0,26.2,57,14.5,24.07,0.0
BBSR-08,Bhubaneswar Zone 08,20.26,85.785,2024-04-17,33.5,40.9,27.1,53,15.8,23.81,0.0
BBSR-08,Bhubaneswar Zone 08,20.26,85.785,2024-04-18,33.3,41.4,27.0,50,16.8,25.59,0.0
BBSR-08,Bhubaneswar Zone 08,20.26,85.785,2024-04-19,32.3,41.3,24.5,56,21.3,25.83,0.0
BBSR-08,Bhubaneswar Zone 08,20.26,85.785,2024-04-20,32.1,39.4,26.2,69,19.0,23.7,0.0
BBSR-08,Bhubaneswar Zone 08,20.26,85.785,2024-04-21,33.1,41.1,26.2,63,19.1,23.14,0.3
BBSR-08,Bhubaneswar Zone 08,20.26,85.785,2024-04-22,33.3,39.1,27.3,50,23.7,22.01,0.0
BBSR-08,Bhubaneswar Zone 08,20.26,85.785,2024-04-23,32.7,39.7,27.0,43,19.3,24.67,0.0
BBSR-08,Bhubaneswar Zone 08,20.26,85.785,2024-04-24,32.2,39.9,26.9,54,24.9,22.95,1.1
BBSR-08,Bhubaneswar Zone 08,20.26,85.785,2024-04-25,33.0,41.7,26.0,55,17.4,23.63,0.0
BBSR-08,Bhubaneswar Zone 08,20.26,85.785,2024-04-26,32.8,40.3,27.0,66,18.5,24.37,0.6
BBSR-08,Bhubaneswar Zone 08,20.26,85.785,2024-04-27,32.6,40.7,27.1,66,17.3,24.77,0.1
BBSR-08,Bhubaneswar Zone 08,20.26,85.785,2024-04-28,33.1,40.6,26.9,59,15.3,24.76,0.0
BBSR-08,Bhubaneswar Zone 08,20.26,85.785,2024-04-29,33.3,41.6,27.1,62,15.8,24.04,0.0
BBSR-08,Bhubaneswar Zone 08,20.26,85.785,2024-04-30,33.6,41.8,28.0,52,20.0,24.4,0.0
BBSR-08,Bhubaneswar Zone 08,20.26,85.785,2024-05-01,33.1,40.0,29.0,63,20.9,22.74,1.2
BBSR-08,Bhubaneswar Zone 08,20.26,85.785,2024-05-02,32.2,38.4,27.8,72,23.0,23.6,0.0
BBSR-08,Bhubaneswar Zone 08,20.26,85.785,2024-05-03,32.3,39.7,26.9,70,18.5,24.96,0.0
BBSR-08,Bhubaneswar Zone 08,20.26,85.785,2024-05-04,31.9,38.0,27.4,73,20.4,23.34,0.0
BBSR-08,Bhubaneswar Zone 08,20.26,85.785,2024-05-05,31.5,37.8,27.1,75,25.3,24.84,0.0
BBSR-08,Bhubaneswar Zone 08,20.26,85.785,2024-05-06,31.3,37.3,28.0,78,25.6,20.38,6.1
BBSR-08,Bhubaneswar Zone 08,20.26,85.785,2024-05-07,29.5,36.2,27.4,76,33.4,17.89,4.8
BBSR-08,Bhubaneswar Zone 08,20.26,85.785,2024-05-08,29.8,35.8,26.0,73,17.4,21.83,5.8
BBSR-08,Bhubaneswar Zone 08,20.26,85.785,2024-05-09,30.3,34.4,27.0,74,22.0,20.94,0.8
BBSR-08,Bhubaneswar Zone 08,20.26,85.785,2024-05-10,30.4,35.3,27.2,73,21.5,23.49,0.3
BBSR-08,Bhubaneswar Zone 08,20.26,85.785,2024-05-11,31.2,36.2,27.5,73,19.0,23.95,0.8
BBSR-08,Bhubaneswar Zone 08,20.26,85.785,2024-05-12,29.9,36.1,27.1,78,21.8,22.19,7.0
BBSR-08,Bhubaneswar Zone 08,20.26,85.785,2024-05-13,30.1,37.3,26.8,75,12.0,23.15,0.4
BBSR-08,Bhubaneswar Zone 08,20.26,85.785,2024-05-14,29.7,34.5,25.9,78,14.8,23.25,1.3
BBSR-08,Bhubaneswar Zone 08,20.26,85.785,2024-05-15,30.7,36.6,25.5,70,17.0,24.51,0.0
BBSR-08,Bhubaneswar Zone 08,20.26,85.785,2024-05-16,30.7,35.5,27.7,71,15.8,17.18,0.4
BBSR-08,Bhubaneswar Zone 08,20.26,85.785,2024-05-17,31.7,37.5,27.7,69,16.6,22.6,0.0
BBSR-08,Bhubaneswar Zone 08,20.26,85.785,2024-05-18,31.3,36.5,27.7,74,15.3,19.48,0.5
BBSR-08,Bhubaneswar Zone 08,20.26,85.785,2024-05-19,30.8,34.6,27.9,74,13.7,21.87,0.9
BBSR-08,Bhubaneswar Zone 08,20.26,85.785,2024-05-20,31.3,35.2,28.5,73,17.1,22.85,0.5
BBSR-08,Bhubaneswar Zone 08,20.26,85.785,2024-05-21,31.0,36.4,27.9,75,16.6,22.12,1.3
BBSR-08,Bhubaneswar Zone 08,20.26,85.785,2024-05-22,31.0,35.9,27.5,75,19.3,23.23,0.2
BBSR-08,Bhubaneswar Zone 08,20.26,85.785,2024-05-23,30.8,35.9,26.5,72,15.2,23.6,0.0
BBSR-08,Bhubaneswar Zone 08,20.26,85.785,2024-05-24,30.6,34.9,27.1,73,19.5,19.04,0.6
BBSR-08,Bhubaneswar Zone 08,20.26,85.785,2024-05-25,30.7,34.7,27.9,77,19.4,20.39,8.9
BBSR-08,Bhubaneswar Zone 08,20.26,85.785,2024-05-26,29.7,34.5,27.5,80,16.7,7.54,19.3
BBSR-08,Bhubaneswar Zone 08,20.26,85.785,2024-05-27,31.3,36.2,27.6,78,21.1,16.03,0.2
BBSR-08,Bhubaneswar Zone 08,20.26,85.785,2024-05-28,32.7,37.9,29.6,77,22.7,23.75,0.0
BBSR-08,Bhubaneswar Zone 08,20.26,85.785,2024-05-29,32.8,37.1,29.7,76,25.1,24.79,0.0
BBSR-08,Bhubaneswar Zone 08,20.26,85.785,2024-05-30,32.3,36.9,29.6,77,25.1,23.82,0.1
BBSR-08,Bhubaneswar Zone 08,20.26,85.785,2024-05-31,32.2,36.8,29.7,78,25.0,22.46,0.0
BBSR-08,Bhubaneswar Zone 08,20.26,85.785,2024-06-01,31.8,35.6,28.9,77,22.7,20.96,0.1
BBSR-08,Bhubaneswar Zone 08,20.26,85.785,2024-06-02,31.0,36.1,28.0,78,21.7,19.41,20.9
BBSR-08,Bhubaneswar Zone 08,20.26,85.785,2024-06-03,30.6,35.8,27.3,73,22.2,20.42,0.0
BBSR-08,Bhubaneswar Zone 08,20.26,85.785,2024-06-04,30.9,37.7,28.2,79,17.7,20.09,10.1
BBSR-08,Bhubaneswar Zone 08,20.26,85.785,2024-06-05,31.8,36.8,28.0,70,14.5,24.04,0.3
BBSR-08,Bhubaneswar Zone 08,20.26,85.785,2024-06-06,32.2,38.9,27.1,70,22.0,24.71,0.7
BBSR-08,Bhubaneswar Zone 08,20.26,85.785,2024-06-07,31.4,37.3,27.9,72,19.6,24.25,0.2
BBSR-08,Bhubaneswar Zone 08,20.26,85.785,2024-06-08,31.4,37.7,27.0,71,21.7,24.86,0.0
BBSR-08,Bhubaneswar Zone 08,20.26,85.785,2024-06-09,32.0,38.8,27.4,68,21.8,24.56,0.0
BBSR-08,Bhubaneswar Zone 08,20.26,85.785,2024-06-10,31.6,38.1,27.0,68,22.4,25.44,0.0
BBSR-08,Bhubaneswar Zone 08,20.26,85.785,2024-06-11,31.3,37.3,27.2,72,21.1,24.91,0.0
BBSR-08,Bhubaneswar Zone 08,20.26,85.785,2024-06-12,31.4,39.3,27.7,75,20.5,22.63,9.6
BBSR-08,Bhubaneswar Zone 08,20.26,85.785,2024-06-13,31.9,38.0,28.2,72,23.6,22.01,0.0
BBSR-08,Bhubaneswar Zone 08,20.26,85.785,2024-06-14,32.2,37.8,28.1,67,21.3,19.88,0.0
BBSR-08,Bhubaneswar Zone 08,20.26,85.785,2024-06-15,32.9,39.9,28.4,68,20.1,24.43,2.9
BBSR-08,Bhubaneswar Zone 08,20.26,85.785,2024-06-16,31.3,36.9,27.6,74,15.5,21.48,8.7
BBSR-08,Bhubaneswar Zone 08,20.26,85.785,2024-06-17,30.8,36.9,28.6,78,20.2,16.27,21.7
BBSR-08,Bhubaneswar Zone 08,20.26,85.785,2024-06-18,30.9,36.0,28.5,78,21.9,15.02,7.8
BBSR-08,Bhubaneswar Zone 08,20.26,85.785,2024-06-19,31.6,37.0,28.2,73,22.2,21.54,0.0
BBSR-08,Bhubaneswar Zone 08,20.26,85.785,2024-06-20,30.8,35.5,28.1,76,15.2,19.26,6.5
BBSR-08,Bhubaneswar Zone 08,20.26,85.785,2024-06-21,28.9,34.7,26.9,81,9.0,19.62,8.8
BBSR-08,Bhubaneswar Zone 08,20.26,85.785,2024-06-22,28.9,33.4,26.2,82,13.9,19.99,3.2
BBSR-08,Bhubaneswar Zone 08,20.26,85.785,2024-06-23,29.8,33.7,26.7,79,19.6,21.13,0.2
BBSR-08,Bhubaneswar Zone 08,20.26,85.785,2024-06-24,30.2,34.3,27.7,76,16.6,22.4,0.4
BBSR-08,Bhubaneswar Zone 08,20.26,85.785,2024-06-25,30.2,35.6,27.6,78,15.9,22.3,7.5
BBSR-08,Bhubaneswar Zone 08,20.26,85.785,2024-06-26,29.0,33.5,26.9,84,11.9,19.14,9.0
BBSR-08,Bhubaneswar Zone 08,20.26,85.785,2024-06-27,28.1,31.3,26.1,86,15.9,17.59,16.6
BBSR-08,Bhubaneswar Zone 08,20.26,85.785,2024-06-28,28.8,33.6,26.3,86,11.7,18.86,5.5
BBSR-08,Bhubaneswar Zone 08,20.26,85.785,2024-06-29,28.5,33.0,25.9,85,15.9,16.25,21.9
BBSR-08,Bhubaneswar Zone 08,20.26,85.785,2024-06-30,27.8,31.6,25.8,89,16.1,12.8,30.3
BBSR-08,Bhubaneswar Zone 08,20.26,85.785,2024-07-01,28.3,32.0,26.3,84,19.1,15.81,1.5
BBSR-08,Bhubaneswar Zone 08,20.26,85.785,2024-07-02,28.7,31.9,26.3,84,15.7,11.96,1.4
BBSR-08,Bhubaneswar Zone 08,20.26,85.785,2024-07-03,27.8,30.3,26.5,90,13.1,7.76,13.0
BBSR-08,Bhubaneswar Zone 08,20.26,85.785,2024-07-04,28.5,32.7,26.6,87,15.5,18.35,15.8
BBSR-08,Bhubaneswar Zone 08,20.26,85.785,2024-07-05,28.6,31.3,26.6,86,19.3,16.12,5.1
BBSR-08,Bhubaneswar Zone 08,20.26,85.785,2024-07-06,28.4,32.0,26.2,87,18.2,17.92,14.2
BBSR-08,Bhubaneswar Zone 08,20.26,85.785,2024-07-07,28.2,32.8,25.9,87,12.3,20.7,16.9
BBSR-08,Bhubaneswar Zone 08,20.26,85.785,2024-07-08,27.9,31.1,25.3,85,13.7,17.36,3.4
BBSR-08,Bhubaneswar Zone 08,20.26,85.785,2024-07-09,28.3,31.5,25.5,83,20.3,20.51,2.9
BBSR-08,Bhubaneswar Zone 08,20.26,85.785,2024-07-10,29.0,32.3,26.5,79,18.8,22.37,0.6
BBSR-08,Bhubaneswar Zone 08,20.26,85.785,2024-07-11,28.8,32.4,26.8,84,18.8,16.82,13.8
BBSR-08,Bhubaneswar Zone 08,20.26,85.785,2024-07-12,28.2,32.4,26.4,87,17.2,14.13,12.0
BBSR-08,Bhubaneswar Zone 08,20.26,85.785,2024-07-13,28.4,32.8,25.7,86,10.3,18.35,7.9
BBSR-08,Bhubaneswar Zone 08,20.26,85.785,2024-07-14,28.1,33.1,25.4,87,12.7,22.7,23.0
BBSR-08,Bhubaneswar Zone 08,20.26,85.785,2024-07-15,27.7,31.6,25.2,87,16.0,19.77,12.6
BBSR-08,Bhubaneswar Zone 08,20.26,85.785,2024-07-16,28.1,31.9,25.3,85,12.7,19.45,5.4
BBSR-08,Bhubaneswar Zone 08,20.26,85.785,2024-07-17,28.4,32.0,25.6,86,12.6,20.81,8.0
BBSR-08,Bhubaneswar Zone 08,20.26,85.785,2024-07-18,28.4,31.8,26.1,85,18.2,19.31,15.2
BBSR-08,Bhubaneswar Zone 08,20.26,85.785,2024-07-19,28.2,31.2,26.0,85,26.1,18.1,15.4
BBSR-08,Bhubaneswar Zone 08,20.26,85.785,2024-07-20,28.1,32.0,26.5,86,18.0,13.74,6.8
BBSR-08,Bhubaneswar Zone 08,20.26,85.785,2024-07-21,28.6,32.2,26.0,84,20.9,19.18,2.6
BBSR-08,Bhubaneswar Zone 08,20.26,85.785,2024-07-22,28.1,31.7,26.1,83,20.8,16.66,2.5
BBSR-08,Bhubaneswar Zone 08,20.26,85.785,2024-07-23,27.4,30.1,26.1,88,18.1,10.92,12.0
BBSR-08,Bhubaneswar Zone 08,20.26,85.785,2024-07-24,27.4,30.8,25.3,86,22.8,14.84,7.1
BBSR-08,Bhubaneswar Zone 08,20.26,85.785,2024-07-25,27.5,31.0,25.0,87,18.1,14.16,8.5
BBSR-08,Bhubaneswar Zone 08,20.26,85.785,2024-07-26,28.3,31.8,25.4,82,21.9,17.68,10.3
BBSR-08,Bhubaneswar Zone 08,20.26,85.785,2024-07-27,28.6,32.8,25.4,84,15.6,18.23,2.5
BBSR-08,Bhubaneswar Zone 08,20.26,85.785,2024-07-28,28.8,32.6,25.3,83,10.8,19.71,20.7
BBSR-08,Bhubaneswar Zone 08,20.26,85.785,2024-07-29,28.2,32.3,25.7,89,12.2,14.69,9.0
BBSR-08,Bhubaneswar Zone 08,20.26,85.785,2024-07-30,28.0,31.8,25.8,89,14.3,17.5,29.6
BBSR-08,Bhubaneswar Zone 08,20.26,85.785,2024-07-31,27.8,31.6,25.9,91,14.5,14.2,32.6
BBSR-08,Bhubaneswar Zone 08,20.26,85.785,2024-08-01,27.1,29.2,25.8,93,17.4,6.67,22.3
BBSR-08,Bhubaneswar Zone 08,20.26,85.785,2024-08-02,27.8,30.1,26.5,85,20.8,12.16,4.6
BBSR-08,Bhubaneswar Zone 08,20.26,85.785,2024-08-03,28.3,31.3,26.2,84,19.9,15.35,3.1
BBSR-08,Bhubaneswar Zone 08,20.26,85.785,2024-08-04,28.7,31.6,26.4,85,20.3,12.4,0.7
BBSR-08,Bhubaneswar Zone 08,20.26,85.785,2024-08-05,27.8,31.8,25.9,88,15.9,15.34,21.1
BBSR-08,Bhubaneswar Zone 08,20.26,85.785,2024-08-06,26.9,29.9,25.8,91,16.6,12.49,37.8
BBSR-08,Bhubaneswar Zone 08,20.26,85.785,2024-08-07,26.6,30.7,24.8,91,13.1,13.02,16.5
BBSR-08,Bhubaneswar Zone 08,20.26,85.785,2024-08-08,27.4,31.3,24.2,88,14.0,17.16,19.4
BBSR-08,Bhubaneswar Zone 08,20.26,85.785,2024-08-09,27.6,31.0,24.9,88,15.1,14.9,17.2
BBSR-08,Bhubaneswar Zone 08,20.26,85.785,2024-08-10,27.9,32.0,25.1,86,13.4,19.64,27.0
BBSR-08,Bhubaneswar Zone 08,20.26,85.785,2024-08-11,27.9,32.2,24.5,88,16.0,19.39,19.6
BBSR-08,Bhubaneswar Zone 08,20.26,85.785,2024-08-12,28.4,32.4,24.9,86,14.5,20.9,15.2
BBSR-08,Bhubaneswar Zone 08,20.26,85.785,2024-08-13,28.5,32.6,26.1,89,12.3,17.15,20.1
BBSR-08,Bhubaneswar Zone 08,20.26,85.785,2024-08-14,27.8,31.2,26.2,90,13.7,13.38,24.2
BBSR-08,Bhubaneswar Zone 08,20.26,85.785,2024-08-15,27.7,31.1,25.5,89,14.5,14.65,24.0
BBSR-08,Bhubaneswar Zone 08,20.26,85.785,2024-08-16,27.0,30.1,25.1,90,12.4,10.17,16.2
BBSR-08,Bhubaneswar Zone 08,20.26,85.785,2024-08-17,26.9,31.4,24.8,91,13.7,12.42,26.9
BBSR-08,Bhubaneswar Zone 08,20.26,85.785,2024-08-18,27.3,31.5,24.7,88,16.3,17.67,18.2
BBSR-08,Bhubaneswar Zone 08,20.26,85.785,2024-08-19,27.4,32.2,25.0,88,14.1,18.01,4.1
BBSR-08,Bhubaneswar Zone 08,20.26,85.785,2024-08-20,28.0,32.1,25.4,87,13.9,17.02,14.6
BBSR-08,Bhubaneswar Zone 08,20.26,85.785,2024-08-21,27.5,31.0,25.7,89,15.9,13.23,16.0
BBSR-08,Bhubaneswar Zone 08,20.26,85.785,2024-08-22,27.4,30.0,26.0,88,16.7,13.17,2.5
BBSR-08,Bhubaneswar Zone 08,20.26,85.785,2024-08-23,26.2,27.7,25.5,94,13.8,5.67,32.2
BBSR-08,Bhubaneswar Zone 08,20.26,85.785,2024-08-24,26.2,28.7,24.6,93,16.3,8.16,14.8
BBSR-08,Bhubaneswar Zone 08,20.26,85.785,2024-08-25,27.2,31.2,25.2,89,14.4,14.22,17.2
BBSR-08,Bhubaneswar Zone 08,20.26,85.785,2024-08-26,26.9,29.9,24.4,87,11.1,11.78,8.8
BBSR-08,Bhubaneswar Zone 08,20.26,85.785,2024-08-27,27.4,31.1,25.1,87,12.8,16.05,22.9
BBSR-08,Bhubaneswar Zone 08,20.26,85.785,2024-08-28,26.6,30.4,24.6,91,8.7,12.61,25.6
BBSR-08,Bhubaneswar Zone 08,20.26,85.785,2024-08-29,27.1,30.8,24.6,87,14.9,18.15,4.8
BBSR-08,Bhubaneswar Zone 08,20.26,85.785,2024-08-30,27.8,31.1,25.1,84,21.4,20.24,2.5
BBSR-08,Bhubaneswar Zone 08,20.26,85.785,2024-08-31,27.6,30.6,25.1,86,24.1,17.5,6.1
BBSR-08,Bhubaneswar Zone 08,20.26,85.785,2024-09-01,27.4,30.6,25.5,85,21.3,15.58,4.8
BBSR-08,Bhubaneswar Zone 08,20.26,85.785,2024-09-02,26.9,29.8,24.8,89,14.8,14.68,15.1
BBSR-08,Bhubaneswar Zone 08,20.26,85.785,2024-09-03,27.6,30.5,24.6,84,17.0,17.72,3.1
BBSR-08,Bhubaneswar Zone 08,20.26,85.785,2024-09-04,27.8,30.9,24.6,84,14.9,20.06,1.0
BBSR-08,Bhubaneswar Zone 08,20.26,85.785,2024-09-05,27.4,31.0,24.5,88,10.7,17.34,12.2
BBSR-08,Bhubaneswar Zone 08,20.26,85.785,2024-09-06,28.0,31.7,25.4,87,12.1,19.16,5.5
BBSR-08,Bhubaneswar Zone 08,20.26,85.785,2024-09-07,27.2,31.1,25.1,88,21.4,16.19,12.2
BBSR-08,Bhubaneswar Zone 08,20.26,85.785,2024-09-08,27.3,29.9,25.1,88,22.9,14.72,21.7
BBSR-08,Bhubaneswar Zone 08,20.26,85.785,2024-09-09,27.6,29.8,25.5,88,23.5,14.59,9.7
BBSR-08,Bhubaneswar Zone 08,20.26,85.785,2024-09-10,28.8,32.5,25.9,85,18.8,18.56,1.0
BBSR-08,Bhubaneswar Zone 08,20.26,85.785,2024-09-11,29.0,32.0,26.4,85,15.6,18.0,2.7
BBSR-08,Bhubaneswar Zone 08,20.26,85.785,2024-09-12,28.9,31.8,26.7,82,12.9,12.95,0.1
BBSR-08,Bhubaneswar Zone 08,20.26,85.785,2024-09-13,28.6,31.6,26.4,81,15.9,13.19,17.8
BBSR-08,Bhubaneswar Zone 08,20.26,85.785,2024-09-14,27.3,29.0,26.0,87,22.9,7.63,17.4
BBSR-08,Bhubaneswar Zone 08,20.26,85.785,2024-09-15,26.8,29.0,25.4,83,27.1,8.7,3.8
BBSR-08,Bhubaneswar Zone 08,20.26,85.785,2024-09-16,27.2,31.2,25.0,83,20.8,14.52,6.0
BBSR-08,Bhubaneswar Zone 08,20.26,85.785,2024-09-17,27.5,31.4,24.8,87,14.5,18.99,13.3
BBSR-08,Bhubaneswar Zone 08,20.26,85.785,2024-09-18,27.2,31.0,24.5,90,7.0,15.78,10.8
BBSR-08,Bhubaneswar Zone 08,20.26,85.785,2024-09-19,28.4,32.6,24.6,81,9.7,21.61,0.5
BBSR-08,Bhubaneswar Zone 08,20.26,85.785,2024-09-20,28.0,32.4,25.1,87,14.6,20.55,9.8
BBSR-08,Bhubaneswar Zone 08,20.26,85.785,2024-09-21,28.5,33.1,25.7,83,15.0,21.34,0.6
BBSR-08,Bhubaneswar Zone 08,20.26,85.785,2024-09-22,27.7,31.9,25.7,88,11.6,16.96,15.0
BBSR-08,Bhubaneswar Zone 08,20.26,85.785,2024-09-23,27.2,31.5,25.3,92,19.2,14.45,25.3
BBSR-08,Bhubaneswar Zone 08,20.26,85.785,2024-09-24,26.7,29.7,24.7,92,15.1,10.35,27.5
BBSR-08,Bhubaneswar Zone 08,20.26,85.785,2024-09-25,26.5,28.4,24.9,93,14.2,8.61,29.1
BBSR-08,Bhubaneswar Zone 08,20.26,85.785,2024-09-26,26.1,28.0,24.6,93,23.0,8.22,16.1
BBSR-08,Bhubaneswar Zone 08,20.26,85.785,2024-09-27,26.9,29.3,24.8,89,21.9,13.95,14.0
BBSR-08,Bhubaneswar Zone 08,20.26,85.785,2024-09-28,28.4,31.8,25.7,84,20.0,20.3,0.2
BBSR-08,Bhubaneswar Zone 08,20.26,85.785,2024-09-29,28.6,32.2,25.9,85,11.6,19.75,9.5
BBSR-08,Bhubaneswar Zone 08,20.26,85.785,2024-09-30,28.8,33.8,25.9,85,14.9,19.87,5.3
BBSR-08,Bhubaneswar Zone 08,20.26,85.785,2024-10-01,29.6,34.2,25.6,81,12.6,20.87,0.8
BBSR-08,Bhubaneswar Zone 08,20.26,85.785,2024-10-02,28.3,31.8,25.4,86,14.2,12.05,11.6
BBSR-08,Bhubaneswar Zone 08,20.26,85.785,2024-10-03,28.6,32.5,26.2,82,20.5,18.04,0.5
BBSR-08,Bhubaneswar Zone 08,20.26,85.785,2024-10-04,29.1,33.4,25.0,75,13.1,20.75,0.1
BBSR-08,Bhubaneswar Zone 08,20.26,85.785,2024-10-05,27.5,32.4,24.8,86,13.8,15.78,4.0
BBSR-08,Bhubaneswar Zone 08,20.26,85.785,2024-10-06,26.7,32.0,23.3,89,10.0,19.22,12.7
BBSR-08,Bhubaneswar Zone 08,20.26,85.785,2024-10-07,26.5,30.8,24.3,91,18.0,13.94,3.8
BBSR-08,Bhubaneswar Zone 08,20.26,85.785,2024-10-08,27.0,30.6,25.0,91,15.7,14.56,3.9
BBSR-08,Bhubaneswar Zone 08,20.26,85.785,2024-10-09,27.4,31.8,24.4,84,10.6,19.5,3.3
BBSR-08,Bhubaneswar Zone 08,20.26,85.785,2024-10-10,27.4,31.5,23.5,83,11.8,19.83,0.6
BBSR-08,Bhubaneswar Zone 08,20.26,85.785,2024-10-11,28.0,32.0,24.3,81,11.0,19.95,0.0
BBSR-08,Bhubaneswar Zone 08,20.26,85.785,2024-10-12,28.0,32.1,24.6,81,11.2,19.09,0.6
BBSR-08,Bhubaneswar Zone 08,20.26,85.785,2024-10-13,27.8,32.1,24.2,84,10.7,19.14,0.9
BBSR-08,Bhubaneswar Zone 08,20.26,85.785,2024-10-14,28.0,32.5,24.6,81,9.6,19.59,0.3
BBSR-08,Bhubaneswar Zone 08,20.26,85.785,2024-10-15,27.6,32.1,24.1,84,8.5,18.5,1.6
BBSR-08,Bhubaneswar Zone 08,20.26,85.785,2024-10-16,27.6,31.8,24.3,84,9.9,17.68,4.2
BBSR-08,Bhubaneswar Zone 08,20.26,85.785,2024-10-17,27.6,32.4,24.9,85,14.9,16.83,3.9
BBSR-08,Bhubaneswar Zone 08,20.26,85.785,2024-10-18,27.9,32.3,24.2,84,11.7,17.23,2.9
BBSR-08,Bhubaneswar Zone 08,20.26,85.785,2024-10-19,27.2,32.2,24.3,86,11.2,17.11,45.7
BBSR-08,Bhubaneswar Zone 08,20.26,85.785,2024-10-20,26.4,30.6,24.1,89,11.7,14.55,2.0
BBSR-08,Bhubaneswar Zone 08,20.26,85.785,2024-10-21,27.3,31.6,24.2,78,12.9,18.48,0.2
BBSR-08,Bhubaneswar Zone 08,20.26,85.785,2024-10-22,27.3,31.6,23.7,73,13.2,20.24,0.0
BBSR-08,Bhubaneswar Zone 08,20.26,85.785,2024-10-23,27.1,31.7,23.4,74,19.5,17.24,9.5
BBSR-08,Bhubaneswar Zone 08,20.26,85.785,2024-10-24,25.0,26.3,24.1,87,33.2,3.54,54.6
BBSR-08,Bhubaneswar Zone 08,20.26,85.785,2024-10-25,25.2,27.3,23.6,86,29.1,5.53,9.6
BBSR-08,Bhubaneswar Zone 08,20.26,85.785,2024-10-26,24.4,25.6,23.0,91,15.3,4.69,28.0
BBSR-08,Bhubaneswar Zone 08,20.26,85.785,2024-10-27,25.6,29.4,22.6,91,9.5,14.75,3.7
BBSR-08,Bhubaneswar Zone 08,20.26,85.785,2024-10-28,25.7,28.8,23.8,92,15.7,12.25,7.1
BBSR-08,Bhubaneswar Zone 08,20.26,85.785,2024-10-29,26.1,29.7,23.5,90,9.7,13.51,2.0
BBSR-08,Bhubaneswar Zone 08,20.26,85.785,2024-10-30,26.9,30.1,23.8,85,8.7,15.96,2.2
BBSR-08,Bhubaneswar Zone 08,20.26,85.785,2024-10-31,26.9,31.8,22.6,82,9.5,18.79,0.0
BBSR-08,Bhubaneswar Zone 08,20.26,85.785,2024-11-01,25.5,28.5,23.7,91,14.5,6.53,41.1
BBSR-08,Bhubaneswar Zone 08,20.26,85.785,2024-11-02,26.1,31.4,21.8,81,9.3,18.8,0.0
BBSR-08,Bhubaneswar Zone 08,20.26,85.785,2024-11-03,25.6,31.1,20.6,75,9.9,18.91,0.0
BBSR-08,Bhubaneswar Zone 08,20.26,85.785,2024-11-04,25.4,30.5,21.7,78,9.3,18.6,0.0
BBSR-08,Bhubaneswar Zone 08,20.26,85.785,2024-11-05,24.6,29.4,21.3,85,13.4,15.58,10.2
BBSR-08,Bhubaneswar Zone 08,20.26,85.785,2024-11-06,25.3,28.5,22.4,83,16.5,15.93,0.6
BBSR-08,Bhubaneswar Zone 08,20.26,85.785,2024-11-07,25.5,30.2,22.2,82,10.6,17.41,0.1
BBSR-08,Bhubaneswar Zone 08,20.26,85.785,2024-11-08,25.5,30.1,21.9,81,11.8,17.59,0.0
BBSR-08,Bhubaneswar Zone 08,20.26,85.785,2024-11-09,25.3,30.0,22.2,78,11.5,17.91,0.0
BBSR-08,Bhubaneswar Zone 08,20.26,85.785,2024-11-10,24.8,29.6,21.6,77,16.1,18.39,0.0
BBSR-08,Bhubaneswar Zone 08,20.26,85.785,2024-11-11,24.7,28.3,21.9,76,13.8,8.0,0.1
BBSR-08,Bhubaneswar Zone 08,20.26,85.785,2024-11-12,24.9,29.4,22.6,84,15.7,14.88,1.0
BBSR-08,Bhubaneswar Zone 08,20.26,85.785,2024-11-13,25.6,30.8,22.1,75,14.2,16.64,0.0
BBSR-08,Bhubaneswar Zone 08,20.26,85.785,2024-11-14,25.4,30.5,21.9,70,12.9,17.56,0.0
BBSR-08,Bhubaneswar Zone 08,20.26,85.785,2024-11-15,24.5,29.7,20.2,69,7.4,17.71,0.0
BBSR-08,Bhubaneswar Zone 08,20.26,85.785,2024-11-16,23.5,29.0,18.6,64,11.7,18.09,0.0
BBSR-08,Bhubaneswar Zone 08,20.26,85.785,2024-11-17,23.1,29.1,17.7,64,10.1,17.96,0.0
BBSR-08,Bhubaneswar Zone 08,20.26,85.785,2024-11-18,23.1,29.0,18.0,60,9.0,17.85,0.0
BBSR-08,Bhubaneswar Zone 08,20.26,85.785,2024-11-19,22.7,28.6,17.7,60,9.6,17.74,0.0
BBSR-08,Bhubaneswar Zone 08,20.26,85.785,2024-11-20,22.3,28.5,16.8,63,8.9,16.42,0.0
BBSR-08,Bhubaneswar Zone 08,20.26,85.785,2024-11-21,22.5,28.7,16.8,67,6.8,17.38,0.0
BBSR-08,Bhubaneswar Zone 08,20.26,85.785,2024-11-22,22.5,28.4,17.2,67,8.1,17.36,0.0
BBSR-08,Bhubaneswar Zone 08,20.26,85.785,2024-11-23,22.7,28.4,17.6,68,7.7,17.18,0.0
BBSR-08,Bhubaneswar Zone 08,20.26,85.785,2024-11-24,22.4,28.3,17.5,69,7.3,16.8,0.0
BBSR-08,Bhubaneswar Zone 08,20.26,85.785,2024-11-25,21.8,27.6,17.4,69,11.0,15.88,0.0
BBSR-08,Bhubaneswar Zone 08,20.26,85.785,2024-11-26,21.8,27.7,17.1,68,10.0,16.71,0.0
BBSR-08,Bhubaneswar Zone 08,20.26,85.785,2024-11-27,21.6,27.3,17.3,67,14.4,15.83,0.0
BBSR-08,Bhubaneswar Zone 08,20.26,85.785,2024-11-28,22.7,27.7,17.7,65,18.9,14.77,0.0
BBSR-08,Bhubaneswar Zone 08,20.26,85.785,2024-11-29,22.7,25.3,20.4,74,19.2,7.21,6.9
BBSR-08,Bhubaneswar Zone 08,20.26,85.785,2024-11-30,23.2,27.4,20.5,79,17.0,10.18,2.6
BBSR-08,Bhubaneswar Zone 08,20.26,85.785,2024-12-01,23.8,29.0,20.6,74,15.1,13.93,0.8
BBSR-08,Bhubaneswar Zone 08,20.26,85.785,2024-12-02,23.9,28.2,20.8,77,13.6,11.99,0.1
BBSR-08,Bhubaneswar Zone 08,20.26,85.785,2024-12-03,23.9,28.4,20.8,74,11.1,12.24,0.0
BBSR-08,Bhubaneswar Zone 08,20.26,85.785,2024-12-04,24.6,29.7,20.6,73,9.1,15.44,0.0
BBSR-08,Bhubaneswar Zone 08,20.26,85.785,2024-12-05,24.4,30.0,19.8,75,9.3,15.6,0.0
BBSR-08,Bhubaneswar Zone 08,20.26,85.785,2024-12-06,24.7,29.8,20.4,78,11.1,14.86,0.1
BBSR-08,Bhubaneswar Zone 08,20.26,85.785,2024-12-07,23.8,28.6,19.8,84,9.3,13.19,0.1
BBSR-08,Bhubaneswar Zone 08,20.26,85.785,2024-12-08,22.9,27.0,20.7,88,8.5,8.52,2.2
BBSR-08,Bhubaneswar Zone 08,20.26,85.785,2024-12-09,23.7,28.4,20.7,85,12.5,11.85,2.9
BBSR-08,Bhubaneswar Zone 08,20.26,85.785,2024-12-10,23.4,28.0,20.5,84,10.3,12.56,2.2
BBSR-08,Bhubaneswar Zone 08,20.26,85.785,2024-12-11,21.6,26.6,17.9,69,14.3,15.38,0.0
BBSR-08,Bhubaneswar Zone 08,20.26,85.785,2024-12-12,20.3,25.4,16.4,66,11.1,16.21,0.0
BBSR-08,Bhubaneswar Zone 08,20.26,85.785,2024-12-13,20.1,25.6,15.6,65,11.8,16.08,0.0
BBSR-08,Bhubaneswar Zone 08,20.26,85.785,2024-12-14,19.6,25.5,15.3,63,13.9,16.27,0.0
BBSR-08,Bhubaneswar Zone 08,20.26,85.785,2024-12-15,18.8,24.6,14.7,57,12.8,16.47,0.0
BBSR-08,Bhubaneswar Zone 08,20.26,85.785,2024-12-16,18.6,25.1,14.0,62,12.6,16.51,0.0
BBSR-08,Bhubaneswar Zone 08,20.26,85.785,2024-12-17,20.4,27.0,14.7,66,10.4,14.18,0.0
BBSR-08,Bhubaneswar Zone 08,20.26,85.785,2024-12-18,22.3,28.1,17.5,69,12.5,12.75,0.0
BBSR-08,Bhubaneswar Zone 08,20.26,85.785,2024-12-19,23.0,26.7,19.9,62,14.9,8.17,0.0
BBSR-08,Bhubaneswar Zone 08,20.26,85.785,2024-12-20,20.9,24.5,17.6,77,13.6,6.38,7.8
BBSR-08,Bhubaneswar Zone 08,20.26,85.785,2024-12-21,19.1,21.1,17.9,95,14.4,3.65,69.3
BBSR-08,Bhubaneswar Zone 08,20.26,85.785,2024-12-22,21.1,25.9,16.6,79,12.3,13.0,0.0
BBSR-08,Bhubaneswar Zone 08,20.26,85.785,2024-12-23,21.9,25.2,18.5,69,14.4,7.51,0.0
BBSR-08,Bhubaneswar Zone 08,20.26,85.785,2024-12-24,21.2,24.2,19.0,75,12.2,5.14,1.2
BBSR-08,Bhubaneswar Zone 08,20.26,85.785,2024-12-25,20.3,24.3,18.3,88,11.3,6.71,8.6
BBSR-08,Bhubaneswar Zone 08,20.26,85.785,2024-12-26,22.0,27.1,18.3,78,10.0,12.43,0.4
BBSR-08,Bhubaneswar Zone 08,20.26,85.785,2024-12-27,22.5,28.3,19.1,64,13.9,15.51,0.0
BBSR-08,Bhubaneswar Zone 08,20.26,85.785,2024-12-28,22.0,28.1,16.2,66,7.2,15.69,0.0
BBSR-08,Bhubaneswar Zone 08,20.26,85.785,2024-12-29,22.6,28.7,17.5,75,7.4,15.35,0.0
BBSR-08,Bhubaneswar Zone 08,20.26,85.785,2024-12-30,22.8,28.3,18.8,78,8.9,14.86,0.1
BBSR-08,Bhubaneswar Zone 08,20.26,85.785,2024-12-31,21.4,26.4,17.8,78,12.1,14.82,0.0
BBSR-08,Bhubaneswar Zone 08,20.26,85.785,2025-01-01,19.6,24.5,16.3,77,10.6,16.06,0.0
BBSR-08,Bhubaneswar Zone 08,20.26,85.785,2025-01-02,19.0,24.3,14.9,71,12.7,16.23,0.0
BBSR-08,Bhubaneswar Zone 08,20.26,85.785,2025-01-03,18.7,24.4,14.3,74,11.1,16.3,0.0
BBSR-08,Bhubaneswar Zone 08,20.26,85.785,2025-01-04,18.8,24.5,14.2,73,9.7,16.38,0.0
BBSR-08,Bhubaneswar Zone 08,20.26,85.785,2025-01-05,19.8,25.8,14.9,77,6.6,16.14,0.0
BBSR-08,Bhubaneswar Zone 08,20.26,85.785,2025-01-06,20.5,26.5,14.9,74,6.7,15.54,0.0
BBSR-08,Bhubaneswar Zone 08,20.26,85.785,2025-01-07,20.9,27.2,16.1,72,8.2,16.45,0.0
BBSR-08,Bhubaneswar Zone 08,20.26,85.785,2025-01-08,20.3,26.0,16.1,68,10.5,16.65,0.0
BBSR-08,Bhubaneswar Zone 08,20.26,85.785,2025-01-09,19.0,25.1,14.9,75,10.6,16.64,0.0
BBSR-08,Bhubaneswar Zone 08,20.26,85.785,2025-01-10,18.4,24.7,13.4,79,11.1,16.62,0.0
BBSR-08,Bhubaneswar Zone 08,20.26,85.785,2025-01-11,18.7,25.4,13.6,75,11.3,16.73,0.0
BBSR-08,Bhubaneswar Zone 08,20.26,85.785,2025-01-12,19.3,25.7,14.0,74,8.0,16.7,0.0
BBSR-08,Bhubaneswar Zone 08,20.26,85.785,2025-01-13,20.3,27.4,13.8,74,5.9,16.39,0.0
BBSR-08,Bhubaneswar Zone 08,20.26,85.785,2025-01-14,21.4,27.9,16.9,78,12.9,16.02,0.0
BBSR-08,Bhubaneswar Zone 08,20.26,85.785,2025-01-15,21.0,26.4,16.9,72,13.1,15.84,0.0
BBSR-08,Bhubaneswar Zone 08,20.26,85.785,2025-01-16,19.9,25.2,15.8,68,13.0,17.1,0.0
BBSR-08,Bhubaneswar Zone 08,20.26,85.785,2025-01-17,19.6,25.6,14.6,64,13.1,17.46,0.0
BBSR-08,Bhubaneswar Zone 08,20.26,85.785,2025-01-18,20.3,26.0,14.7,66,11.3,17.24,0.0
BBSR-08,Bhubaneswar Zone 08,20.26,85.785,2025-01-19,20.6,27.2,14.6,69,8.9,17.51,0.0
BBSR-08,Bhubaneswar Zone 08,20.26,85.785,2025-01-20,20.6,27.6,14.8,72,11.1,17.66,0.0
BBSR-08,Bhubaneswar Zone 08,20.26,85.785,2025-01-21,21.1,28.7,14.1,67,9.0,17.83,0.0
BBSR-08,Bhubaneswar Zone 08,20.26,85.785,2025-01-22,21.8,29.6,15.3,73,7.2,17.81,0.0
BBSR-08,Bhubaneswar Zone 08,20.26,85.785,2025-01-23,23.0,30.3,18.1,79,9.8,17.42,0.0
BBSR-08,Bhubaneswar Zone 08,20.26,85.785,2025-01-24,23.0,29.6,18.9,82,13.8,16.67,0.0
BBSR-08,Bhubaneswar Zone 08,20.26,85.785,2025-01-25,23.2,29.3,19.4,81,8.9,16.46,0.0
BBSR-08,Bhubaneswar Zone 08,20.26,85.785,2025-01-26,23.0,28.1,19.5,82,10.3,14.02,0.2
BBSR-08,Bhubaneswar Zone 08,20.26,85.785,2025-01-27,22.4,28.3,18.8,78,7.7,16.23,0.0
BBSR-08,Bhubaneswar Zone 08,20.26,85.785,2025-01-28,23.4,29.5,19.1,80,15.7,17.05,0.0
BBSR-08,Bhubaneswar Zone 08,20.26,85.785,2025-01-29,23.7,29.7,19.4,80,18.2,15.44,0.2
BBSR-08,Bhubaneswar Zone 08,20.26,85.785,2025-01-30,23.9,30.3,19.2,79,16.3,15.88,0.0
BBSR-08,Bhubaneswar Zone 08,20.26,85.785,2025-01-31,25.3,32.1,21.0,79,14.8,17.03,0.0
BBSR-08,Bhubaneswar Zone 08,20.26,85.785,2025-02-01,25.8,33.0,21.6,78,11.5,17.78,0.0
BBSR-08,Bhubaneswar Zone 08,20.26,85.785,2025-02-02,26.4,33.2,22.0,72,12.1,18.16,0.0
BBSR-08,Bhubaneswar Zone 08,20.26,85.785,2025-02-03,25.7,32.5,20.2,75,13.7,18.18,0.0
BBSR-08,Bhubaneswar Zone 08,20.26,85.785,2025-02-04,26.1,31.7,22.4,81,10.0,17.66,0.0
BBSR-08,Bhubaneswar Zone 08,20.26,85.785,2025-02-05,27.0,33.2,23.6,77,12.8,17.59,0.0
BBSR-08,Bhubaneswar Zone 08,20.26,85.785,2025-02-06,26.3,32.3,21.2,71,11.2,17.6,0.0
BBSR-08,Bhubaneswar Zone 08,20.26,85.785,2025-02-07,24.9,30.8,20.4,72,13.9,17.71,0.0
BBSR-08,Bhubaneswar Zone 08,20.26,85.785,2025-02-08,24.1,30.4,19.8,76,12.1,18.61,0.0
BBSR-08,Bhubaneswar Zone 08,20.26,85.785,2025-02-09,23.9,30.3,18.9,74,7.9,18.77,0.0
BBSR-08,Bhubaneswar Zone 08,20.26,85.785,2025-02-10,24.8,32.0,19.3,75,15.7,19.48,0.0
BBSR-08,Bhubaneswar Zone 08,20.26,85.785,2025-02-11,25.9,33.0,21.2,74,13.7,19.06,0.0
BBSR-08,Bhubaneswar Zone 08,20.26,85.785,2025-02-12,26.9,34.0,21.9,71,14.2,18.81,0.0
BBSR-08,Bhubaneswar Zone 08,20.26,85.785,2025-02-13,26.4,33.0,21.2,63,12.9,20.07,0.0
BBSR-08,Bhubaneswar Zone 08,20.26,85.785,2025-02-14,24.8,31.3,19.8,61,11.3,20.45,0.0
BBSR-08,Bhubaneswar Zone 08,20.26,85.785,2025-02-15,24.1,31.4,19.0,62,10.7,20.54,0.0
BBSR-08,Bhubaneswar Zone 08,20.26,85.785,2025-02-16,25.2,33.2,19.0,68,14.3,20.64,0.0
BBSR-08,Bhubaneswar Zone 08,20.26,85.785,2025-02-17,26.1,33.2,21.9,72,15.5,20.12,0.0
BBSR-08,Bhubaneswar Zone 08,20.26,85.785,2025-02-18,26.2,33.0,21.9,76,16.5,19.01,0.0
BBSR-08,Bhubaneswar Zone 08,20.26,85.785,2025-02-19,26.6,33.2,22.8,76,15.2,18.82,0.2
BBSR-08,Bhubaneswar Zone 08,20.26,85.785,2025-02-20,26.3,32.6,22.7,73,17.2,18.69,0.3
BBSR-08,Bhubaneswar Zone 08,20.26,85.785,2025-02-21,25.8,33.2,21.2,75,16.8,19.04,0.1
BBSR-08,Bhubaneswar Zone 08,20.26,85.785,2025-02-22,26.2,32.1,21.7,78,14.2,17.92,2.5
BBSR-08,Bhubaneswar Zone 08,20.26,85.785,2025-02-23,25.4,32.1,20.4,75,15.1,19.21,0.8
BBSR-08,Bhubaneswar Zone 08,20.26,85.785,2025-02-24,25.8,31.7,21.6,76,13.2,18.49,0.1
BBSR-08,Bhubaneswar Zone 08,20.26,85.785,2025-02-25,25.4,31.7,20.4,75,12.0,19.09,0.9
BBSR-08,Bhubaneswar Zone 08,20.26,85.785,2025-02-26,25.5,30.9,21.0,74,12.4,19.03,0.1
BBSR-08,Bhubaneswar Zone 08,20.26,85.785,2025-02-27,25.8,32.4,20.5,71,17.1,20.03,0.0
BBSR-08,Bhubaneswar Zone 08,20.26,85.785,2025-02-28,26.4,33.5,20.5,71,14.4,20.89,0.0
BBSR-08,Bhubaneswar Zone 08,20.26,85.785,2025-03-01,27.0,34.8,22.4,66,15.9,21.5,0.0
BBSR-08,Bhubaneswar Zone 08,20.26,85.785,2025-03-02,27.8,36.2,22.1,67,14.1,21.12,0.0
BBSR-08,Bhubaneswar Zone 08,20.26,85.785,2025-03-03,28.1,36.0,21.9,68,11.7,20.84,0.0
BBSR-08,Bhubaneswar Zone 08,20.26,85.785,2025-03-04,27.9,35.0,23.7,67,14.9,21.48,0.0
BBSR-08,Bhubaneswar Zone 08,20.26,85.785,2025-03-05,27.6,33.9,22.8,60,11.8,21.39,0.0
BBSR-08,Bhubaneswar Zone 08,20.26,85.785,2025-03-06,24.7,31.5,19.6,38,14.2,23.1,0.0
BBSR-08,Bhubaneswar Zone 08,20.26,85.785,2025-03-07,24.9,32.8,18.0,59,14.8,22.99,0.0
BBSR-08,Bhubaneswar Zone 08,20.26,85.785,2025-03-08,26.7,34.7,21.0,68,14.8,22.6,0.0
BBSR-08,Bhubaneswar Zone 08,20.26,85.785,2025-03-09,26.7,34.1,21.6,73,18.8,21.4,0.0
BBSR-08,Bhubaneswar Zone 08,20.26,85.785,2025-03-10,26.1,33.9,20.7,70,15.4,21.24,0.0
BBSR-08,Bhubaneswar Zone 08,20.26,85.785,2025-03-11,27.0,35.4,21.2,63,18.6,22.62,0.0
BBSR-08,Bhubaneswar Zone 08,20.26,85.785,2025-03-12,27.9,36.7,20.7,60,17.1,22.63,0.0
BBSR-08,Bhubaneswar Zone 08,20.26,85.785,2025-03-13,29.7,38.9,23.0,60,16.7,22.32,0.0
BBSR-08,Bhubaneswar Zone 08,20.26,85.785,2025-03-14,30.0,38.1,24.9,69,17.7,21.53,0.0
BBSR-08,Bhubaneswar Zone 08,20.26,85.785,2025-03-15,30.3,39.9,24.5,66,17.6,21.69,0.0
BBSR-08,Bhubaneswar Zone 08,20.26,85.785,2025-03-16,30.2,39.3,24.2,60,20.0,21.9,0.0
BBSR-08,Bhubaneswar Zone 08,20.26,85.785,2025-03-17,30.2,38.2,24.3,57,18.1,21.58,0.1
BBSR-08,Bhubaneswar Zone 08,20.26,85.785,2025-03-18,29.4,35.9,24.1,64,14.5,22.2,0.0
BBSR-08,Bhubaneswar Zone 08,20.26,85.785,2025-03-19,28.8,35.2,24.7,76,16.2,21.37,1.1
BBSR-08,Bhubaneswar Zone 08,20.26,85.785,2025-03-20,28.7,36.0,23.7,68,19.8,22.85,0.0
BBSR-08,Bhubaneswar Zone 08,20.26,85.785,2025-03-21,27.9,34.2,23.7,71,24.0,22.39,0.2
BBSR-08,Bhubaneswar Zone 08,20.26,85.785,2025-03-22,23.7,27.0,21.2,86,15.1,10.27,10.9
BBSR-08,Bhubaneswar Zone 08,20.26,85.785,2025-03-23,24.9,31.5,20.7,78,20.1,18.91,20.2
BBSR-08,Bhubaneswar Zone 08,20.26,85.785,2025-03-24,25.6,33.3,20.1,76,13.7,21.45,3.3
BBSR-08,Bhubaneswar Zone 08,20.26,85.785,2025-03-25,27.4,34.2,21.7,70,14.1,22.97,0.0
BBSR-08,Bhubaneswar Zone 08,20.26,85.785,2025-03-26,28.4,36.1,22.8,70,15.2,23.38,0.0
BBSR-08,Bhubaneswar Zone 08,20.26,85.785,2025-03-27,29.3,37.6,23.7,67,15.0,24.27,0.0
BBSR-08,Bhubaneswar Zone 08,20.26,85.785,2025-03-28,30.0,38.9,22.9,62,13.9,24.36,0.0
BBSR-08,Bhubaneswar Zone 08,20.26,85.785,2025-03-29,30.0,38.4,23.6,73,14.3,22.96,0.0
BBSR-08,Bhubaneswar Zone 08,20.26,85.785,2025-03-30,29.6,36.7,25.8,80,17.6,22.41,0.3
BBSR-08,Bhubaneswar Zone 08,20.26,85.785,2025-03-31,29.2,35.5,25.5,76,17.8,23.75,0.0
BBSR-08,Bhubaneswar Zone 08,20.26,85.785,2025-04-01,28.9,34.8,25.3,72,16.6,23.94,0.0
BBSR-08,Bhubaneswar Zone 08,20.26,85.785,2025-04-02,28.5,34.2,24.8,74,15.7,23.82,0.0
BBSR-08,Bhubaneswar Zone 08,20.26,85.785,2025-04-03,28.1,35.3,23.4,73,15.3,24.35,0.0
BBSR-08,Bhubaneswar Zone 08,20.26,85.785,2025-04-04,28.5,35.0,23.5,73,12.8,20.16,0.1
BBSR-08,Bhubaneswar Zone 08,20.26,85.785,2025-04-05,29.8,37.5,23.2,63,18.7,22.91,0.0
BBSR-08,Bhubaneswar Zone 08,20.26,85.785,2025-04-06,30.3,37.9,24.7,69,17.7,23.39,0.0
BBSR-08,Bhubaneswar Zone 08,20.26,85.785,2025-04-07,29.6,36.1,25.4,73,18.3,22.5,0.5
BBSR-08,Bhubaneswar Zone 08,20.26,85.785,2025-04-08,28.8,34.8,24.8,73,17.0,21.56,0.2
BBSR-08,Bhubaneswar Zone 08,20.26,85.785,2025-04-09,27.9,33.4,23.5,74,18.4,21.92,0.5
BBSR-08,Bhubaneswar Zone 08,20.26,85.785,2025-04-10,28.2,33.6,23.5,73,15.7,21.66,0.2
BBSR-08,Bhubaneswar Zone 08,20.26,85.785,2025-04-11,28.6,35.3,23.4,72,18.8,23.46,0.3
BBSR-08,Bhubaneswar Zone 08,20.26,85.785,2025-04-12,29.1,36.9,24.9,77,17.4,21.62,4.2
BBSR-08,Bhubaneswar Zone 08,20.26,85.785,2025-04-13,30.0,38.6,25.2,70,16.7,22.96,0.2
BBSR-08,Bhubaneswar Zone 08,20.26,85.785,2025-04-14,29.2,35.2,25.3,73,12.9,21.63,0.7
BBSR-08,Bhubaneswar Zone 08,20.26,85.785,2025-04-15,27.6,33.5,23.3,79,15.3,20.73,9.7
BBSR-08,Bhubaneswar Zone 08,20.26,85.785,2025-04-16,28.2,34.9,22.8,75,20.0,22.37,0.3
BBSR-08,Bhubaneswar Zone 08,20.26,85.785,2025-04-17,29.8,34.7,25.9,72,18.7,22.19,0.0
BBSR-08,Bhubaneswar Zone 08,20.26,85.785,2025-04-18,30.1,35.6,27.2,73,21.6,22.03,0.1
BBSR-08,Bhubaneswar Zone 08,20.26,85.785,2025-04-19,30.7,36.9,26.9,73,18.6,24.39,0.2
BBSR-08,Bhubaneswar Zone 08,20.26,85.785,2025-04-20,31.9,39.0,27.6,73,19.2,23.86,0.0
BBSR-08,Bhubaneswar Zone 08,20.26,85.785,2025-04-21,31.5,37.5,27.6,75,18.2,24.36,0.0
BBSR-08,Bhubaneswar Zone 08,20.26,85.785,2025-04-22,31.5,38.4,26.8,75,20.7,24.88,0.0
BBSR-08,Bhubaneswar Zone 08,20.26,85.785,2025-04-23,32.0,39.9,26.8,71,20.2,24.2,0.0
BBSR-08,Bhubaneswar Zone 08,20.26,85.785,2025-04-24,31.8,38.5,27.6,73,23.8,24.34,0.0
BBSR-08,Bhubaneswar Zone 08,20.26,85.785,2025-04-25,31.4,37.0,27.7,73,19.6,24.82,0.0
BBSR-08,Bhubaneswar Zone 08,20.26,85.785,2025-04-26,30.7,36.3,27.5,74,24.4,23.28,1.1
BBSR-08,Bhubaneswar Zone 08,20.26,85.785,2025-04-27,30.5,36.3,26.9,67,19.9,20.6,0.0
BBSR-08,Bhubaneswar Zone 08,20.26,85.785,2025-04-28,28.9,35.8,23.3,75,12.6,22.02,9.6
BBSR-08,Bhubaneswar Zone 08,20.26,85.785,2025-04-29,28.2,33.8,23.3,76,15.4,22.01,1.9
BBSR-08,Bhubaneswar Zone 08,20.26,85.785,2025-04-30,28.1,33.4,22.5,74,14.7,22.89,1.2
BBSR-08,Bhubaneswar Zone 08,20.26,85.785,2025-05-01,28.0,33.6,20.8,73,15.1,23.63,6.9
BBSR-08,Bhubaneswar Zone 08,20.26,85.785,2025-05-02,27.1,33.3,21.4,74,15.7,24.61,0.4
BBSR-08,Bhubaneswar Zone 08,20.26,85.785,2025-05-03,28.6,34.9,24.4,76,13.9,23.13,6.2
BBSR-08,Bhubaneswar Zone 08,20.26,85.785,2025-05-04,28.1,34.3,23.4,74,17.6,25.02,0.0
BBSR-08,Bhubaneswar Zone 08,20.26,85.785,2025-05-05,29.6,35.5,25.2,74,16.2,23.63,0.1
BBSR-08,Bhubaneswar Zone 08,20.26,85.785,2025-05-06,30.2,36.5,26.2,75,16.4,23.21,0.2
BBSR-08,Bhubaneswar Zone 08,20.26,85.785,2025-05-07,30.5,36.8,26.4,75,14.6,23.54,0.0
BBSR-08,Bhubaneswar Zone 08,20.26,85.785,2025-05-08,30.7,36.6,26.4,74,14.6,23.64,0.0
BBSR-08,Bhubaneswar Zone 08,20.26,85.785,2025-05-09,30.9,37.4,25.9,72,13.7,24.24,0.0
BBSR-08,Bhubaneswar Zone 08,20.26,85.785,2025-05-10,31.1,38.1,26.0,68,14.4,25.31,0.0
BBSR-08,Bhubaneswar Zone 08,20.26,85.785,2025-05-11,31.4,38.8,25.8,67,16.3,25.25,0.0
BBSR-08,Bhubaneswar Zone 08,20.26,85.785,2025-05-12,31.8,39.0,27.0,73,15.0,24.03,0.3
BBSR-08,Bhubaneswar Zone 08,20.26,85.785,2025-05-13,31.4,36.9,27.9,76,15.9,23.17,0.3
BBSR-08,Bhubaneswar Zone 08,20.26,85.785,2025-05-14,31.5,36.6,28.1,77,18.8,22.39,0.3
BBSR-08,Bhubaneswar Zone 08,20.26,85.785,2025-05-15,31.5,36.8,27.9,75,14.7,23.18,0.2
BBSR-08,Bhubaneswar Zone 08,20.26,85.785,2025-05-16,31.3,36.8,28.2,76,15.8,22.8,1.6
BBSR-08,Bhubaneswar Zone 08,20.26,85.785,2025-05-17,30.6,35.9,27.6,77,20.3,22.6,0.3
BBSR-08,Bhubaneswar Zone 08,20.26,85.785,2025-05-18,29.8,33.6,26.5,78,17.6,19.54,1.9
BBSR-08,Bhubaneswar Zone 08,20.26,85.785,2025-05-19,30.1,34.5,26.7,77,13.4,22.23,4.5
BBSR-08,Bhubaneswar Zone 08,20.26,85.785,2025-05-20,29.9,33.8,26.9,78,21.2,22.38,0.3
BBSR-08,Bhubaneswar Zone 08,20.26,85.785,2025-05-21,29.5,33.3,26.3,79,17.3,14.94,4.1
BBSR-08,Bhubaneswar Zone 08,20.26,85.785,2025-05-22,28.6,33.0,25.7,83,10.8,16.08,5.2
BBSR-08,Bhubaneswar Zone 08,20.26,85.785,2025-05-23,28.8,33.5,25.7,82,10.2,20.19,3.8
BBSR-08,Bhubaneswar Zone 08,20.26,85.785,2025-05-24,27.5,31.8,25.0,88,10.4,15.12,26.8
BBSR-08,Bhubaneswar Zone 08,20.26,85.785,2025-05-25,27.5,32.6,25.8,91,13.3,12.07,22.3
BBSR-08,Bhubaneswar Zone 08,20.26,85.785,2025-05-26,28.3,33.3,25.2,85,12.2,19.94,11.6
BBSR-08,Bhubaneswar Zone 08,20.26,85.785,2025-05-27,27.7,31.5,25.8,88,19.7,10.66,17.2
BBSR-08,Bhubaneswar Zone 08,20.26,85.785,2025-05-28,27.2,32.2,25.1,91,19.6,11.88,46.0
BBSR-08,Bhubaneswar Zone 08,20.26,85.785,2025-05-29,28.9,32.6,25.9,82,19.9,11.27,18.7
BBSR-08,Bhubaneswar Zone 08,20.26,85.785,2025-05-30,30.3,35.8,25.7,79,14.1,19.95,1.1
BBSR-08,Bhubaneswar Zone 08,20.26,85.785,2025-05-31,29.9,33.9,27.2,81,12.7,18.82,9.2
BBSR-08,Bhubaneswar Zone 08,20.26,85.785,2025-06-01,31.7,37.2,27.2,71,14.3,22.11,0.0
BBSR-08,Bhubaneswar Zone 08,20.26,85.785,2025-06-02,32.1,38.0,27.5,58,19.0,24.66,0.0
BBSR-08,Bhubaneswar Zone 08,20.26,85.785,2025-06-03,31.0,35.8,25.4,69,15.4,21.89,6.3
BBSR-08,Bhubaneswar Zone 08,20.26,85.785,2025-06-04,31.4,36.3,27.1,71,12.3,24.21,0.4
BBSR-08,Bhubaneswar Zone 08,20.26,85.785,2025-06-05,29.8,35.3,24.6,75,11.1,22.94,5.0
BBSR-08,Bhubaneswar Zone 08,20.26,85.785,2025-06-06,30.2,35.8,27.3,79,12.4,23.04,1.8
BBSR-08,Bhubaneswar Zone 08,20.26,85.785,2025-06-07,30.4,36.3,26.1,74,10.0,24.1,0.0
BBSR-08,Bhubaneswar Zone 08,20.26,85.785,2025-06-08,30.5,35.4,26.9,76,8.7,16.02,0.0
BBSR-08,Bhubaneswar Zone 08,20.26,85.785,2025-06-09,29.8,36.6,25.2,84,17.3,19.59,10.7
BBSR-08,Bhubaneswar Zone 08,20.26,85.785,2025-06-10,28.8,33.4,25.5,83,10.4,22.41,7.1
BBSR-08,Bhubaneswar Zone 08,20.26,85.785,2025-06-11,28.8,32.1,26.3,81,16.2,21.62,3.9
BBSR-08,Bhubaneswar Zone 08,20.26,85.785,2025-06-12,28.2,31.0,26.4,85,15.2,14.92,13.8
BBSR-08,Bhubaneswar Zone 08,20.26,85.785,2025-06-13,29.3,32.9,26.6,81,11.5,19.99,0.9
BBSR-08,Bhubaneswar Zone 08,20.26,85.785,2025-06-14,30.1,34.3,27.0,79,17.4,22.53,1.6
BBSR-08,Bhubaneswar Zone 08,20.26,85.785,2025-06-15,28.6,32.0,26.3,86,12.2,15.9,8.2
BBSR-08,Bhubaneswar Zone 08,20.26,85.785,2025-06-16,26.8,28.9,25.4,95,10.4,6.9,15.0
BBSR-08,Bhubaneswar Zone 08,20.26,85.785,2025-06-17,27.8,30.7,26.2,89,15.6,11.33,12.4
BBSR-08,Bhubaneswar Zone 08,20.26,85.785,2025-06-18,27.3,29.9,25.4,89,18.8,8.7,11.4
BBSR-08,Bhubaneswar Zone 08,20.26,85.785,2025-06-19,28.0,30.6,25.8,83,20.9,8.86,2.1
BBSR-08,Bhubaneswar Zone 08,20.26,85.785,2025-06-20,29.5,32.8,26.8,80,16.2,15.2,1.6
BBSR-08,Bhubaneswar Zone 08,20.26,85.785,2025-06-21,30.5,34.9,27.4,75,14.5,21.74,0.2
BBSR-08,Bhubaneswar Zone 08,20.26,85.785,2025-06-22,29.7,34.3,26.8,78,11.0,19.56,2.8
BBSR-08,Bhubaneswar Zone 08,20.26,85.785,2025-06-23,27.6,30.1,26.2,87,10.3,10.07,17.8
BBSR-08,Bhubaneswar Zone 08,20.26,85.785,2025-06-24,28.0,32.1,26.1,86,14.9,17.41,22.5
BBSR-08,Bhubaneswar Zone 08,20.26,85.785,2025-06-25,26.9,28.9,25.6,93,15.3,9.93,22.0
BBSR-08,Bhubaneswar Zone 08,20.26,85.785,2025-06-26,27.2,31.9,25.0,90,18.5,15.07,8.2
BBSR-08,Bhubaneswar Zone 08,20.26,85.785,2025-06-27,27.5,30.7,25.1,90,15.8,10.01,28.8
BBSR-08,Bhubaneswar Zone 08,20.26,85.785,2025-06-28,27.8,29.8,26.3,85,18.6,11.31,5.6
BBSR-08,Bhubaneswar Zone 08,20.26,85.785,2025-06-29,27.4,30.1,24.9,80,20.7,10.24,5.0
BBSR-08,Bhubaneswar Zone 08,20.26,85.785,2025-06-30,26.6,29.7,25.4,87,17.3,11.92,15.5
BBSR-08,Bhubaneswar Zone 08,20.26,85.785,2025-07-01,26.5,30.3,24.3,91,17.7,13.95,28.3
BBSR-08,Bhubaneswar Zone 08,20.26,85.785,2025-07-02,26.9,30.6,25.2,91,12.0,15.44,17.8
BBSR-08,Bhubaneswar Zone 08,20.26,85.785,2025-07-03,27.1,31.9,24.4,90,14.6,15.53,22.3
BBSR-08,Bhubaneswar Zone 08,20.26,85.785,2025-07-04,26.9,29.4,25.2,92,15.3,12.34,18.6
BBSR-08,Bhubaneswar Zone 08,20.26,85.785,2025-07-05,26.7,29.2,25.1,92,17.3,8.59,19.4
BBSR-08,Bhubaneswar Zone 08,20.26,85.785,2025-07-06,26.7,31.5,24.8,91,16.9,16.07,23.7
BBSR-08,Bhubaneswar Zone 08,20.26,85.785,2025-07-07,27.1,31.1,25.0,88,18.0,13.57,10.6
BBSR-08,Bhubaneswar Zone 08,20.26,85.785,2025-07-08,27.6,31.4,25.5,79,18.5,15.61,4.5
BBSR-08,Bhubaneswar Zone 08,20.26,85.785,2025-07-09,27.9,31.1,25.3,77,20.3,16.58,0.7
BBSR-08,Bhubaneswar Zone 08,20.26,85.785,2025-07-10,28.3,32.0,25.4,81,14.8,20.07,6.3
BBSR-08,Bhubaneswar Zone 08,20.26,85.785,2025-07-11,28.2,32.2,25.6,87,11.8,19.17,11.2
BBSR-08,Bhubaneswar Zone 08,20.26,85.785,2025-07-12,29.3,33.6,26.5,82,14.8,20.07,9.9
BBSR-08,Bhubaneswar Zone 08,20.26,85.785,2025-07-13,28.2,32.1,26.1,87,12.5,13.52,23.8
BBSR-08,Bhubaneswar Zone 08,20.26,85.785,2025-07-14,27.1,30.0,25.9,92,13.9,9.81,24.2
BBSR-08,Bhubaneswar Zone 08,20.26,85.785,2025-07-15,28.8,33.3,25.2,85,15.8,20.17,8.1
BBSR-08,Bhubaneswar Zone 08,20.26,85.785,2025-07-16,28.5,30.8,26.7,90,12.8,14.67,10.8
BBSR-08,Bhubaneswar Zone 08,20.26,85.785,2025-07-17,28.9,32.1,26.4,85,15.3,21.32,4.8
BBSR-08,Bhubaneswar Zone 08,20.26,85.785,2025-07-18,29.1,32.4,26.3,85,10.4,20.56,2.5
BBSR-08,Bhubaneswar Zone 08,20.26,85.785,2025-07-19,28.9,33.2,26.6,87,12.1,22.79,6.9
BBSR-08,Bhubaneswar Zone 08,20.26,85.785,2025-07-20,28.4,32.8,26.2,88,8.2,22.1,5.9
BBSR-08,Bhubaneswar Zone 08,20.26,85.785,2025-07-21,28.4,32.4,25.6,86,15.3,20.81,5.7
BBSR-08,Bhubaneswar Zone 08,20.26,85.785,2025-07-22,28.7,32.5,25.6,86,12.5,20.89,3.5
BBSR-08,Bhubaneswar Zone 08,20.26,85.785,2025-07-23,28.3,32.2,26.2,88,11.2,20.07,19.6
BBSR-08,Bhubaneswar Zone 08,20.26,85.785,2025-07-24,27.7,32.1,25.8,88,20.5,13.27,15.0
BBSR-08,Bhubaneswar Zone 08,20.26,85.785,2025-07-25,26.3,27.4,25.4,96,15.4,3.87,26.4
BBSR-08,Bhubaneswar Zone 08,20.26,85.785,2025-07-26,28.1,31.8,25.6,85,23.9,20.18,5.4
BBSR-08,Bhubaneswar Zone 08,20.26,85.785,2025-07-27,28.9,33.2,26.1,82,16.0,22.8,0.9
BBSR-08,Bhubaneswar Zone 08,20.26,85.785,2025-07-28,28.7,31.7,26.3,81,17.3,16.48,0.2
BBSR-08,Bhubaneswar Zone 08,20.26,85.785,2025-07-29,27.0,29.1,25.8,91,18.9,9.84,18.7
BBSR-08,Bhubaneswar Zone 08,20.26,85.785,2025-07-30,27.5,31.3,25.0,88,15.8,14.21,9.6
BBSR-08,Bhubaneswar Zone 08,20.26,85.785,2025-07-31,28.5,32.5,26.3,84,13.9,16.62,2.4
BBSR-08,Bhubaneswar Zone 08,20.26,85.785,2025-08-01,29.4,33.1,26.1,79,16.1,22.44,0.3
BBSR-08,Bhubaneswar Zone 08,20.26,85.785,2025-08-02,29.5,33.8,25.8,79,11.9,23.62,7.8
BBSR-08,Bhubaneswar Zone 08,20.26,85.785,2025-08-03,28.3,31.0,25.8,89,14.5,15.43,11.7
BBSR-08,Bhubaneswar Zone 08,20.26,85.785,2025-08-04,29.3,32.5,26.4,83,15.3,18.56,2.0
BBSR-08,Bhubaneswar Zone 08,20.26,85.785,2025-08-05,29.4,32.8,27.0,84,13.2,22.03,4.9
BBSR-08,Bhubaneswar Zone 08,20.26,85.785,2025-08-06,28.4,33.3,25.9,88,13.5,15.6,10.8
BBSR-08,Bhubaneswar Zone 08,20.26,85.785,2025-08-07,28.1,31.8,26.3,87,12.1,15.77,22.1
BBSR-08,Bhubaneswar Zone 08,20.26,85.785,2025-08-08,26.7,29.6,24.6,89,17.9,9.78,11.3
BBSR-08,Bhubaneswar Zone 08,20.26,85.785,2025-08-09,27.5,32.1,24.5,89,12.3,18.14,9.7
BBSR-08,Bhubaneswar Zone 08,20.26,85.785,2025-08-10,28.4,32.1,25.3,85,15.0,23.69,8.3
BBSR-08,Bhubaneswar Zone 08,20.26,85.785,2025-08-11,28.6,32.5,25.6,87,8.9,21.86,5.0
BBSR-08,Bhubaneswar Zone 08,20.26,85.785,2025-08-12,28.8,32.8,25.6,85,10.8,21.52,7.8
BBSR-08,Bhubaneswar Zone 08,20.26,85.785,2025-08-13,28.1,31.8,25.8,85,17.4,19.55,7.5
BBSR-08,Bhubaneswar Zone 08,20.26,85.785,2025-08-14,27.4,30.8,24.7,87,13.3,15.8,3.9
BBSR-08,Bhubaneswar Zone 08,20.26,85.785,2025-08-15,27.6,31.5,25.1,88,13.8,17.17,5.6
BBSR-08,Bhubaneswar Zone 08,20.26,85.785,2025-08-16,27.6,31.5,24.8,86,16.5,20.04,6.6
BBSR-08,Bhubaneswar Zone 08,20.26,85.785,2025-08-17,27.1,30.9,25.2,88,23.1,17.98,26.3
BBSR-08,Bhubaneswar Zone 08,20.26,85.785,2025-08-18,26.7,30.4,24.7,89,25.4,16.08,6.9
BBSR-08,Bhubaneswar Zone 08,20.26,85.785,2025-08-19,27.1,29.5,25.1,89,16.2,14.12,11.1
BBSR-08,Bhubaneswar Zone 08,20.26,85.785,2025-08-20,28.1,31.5,24.8,86,16.2,17.76,2.8
BBSR-08,Bhubaneswar Zone 08,20.26,85.785,2025-08-21,27.2,29.5,25.6,91,16.1,10.73,6.6
BBSR-08,Bhubaneswar Zone 08,20.26,85.785,2025-08-22,26.1,27.7,24.9,96,16.8,6.13,30.4
BBSR-08,Bhubaneswar Zone 08,20.26,85.785,2025-08-23,27.2,30.2,25.0,88,20.0,12.88,12.4
BBSR-08,Bhubaneswar Zone 08,20.26,85.785,2025-08-24,27.0,28.8,25.5,86,16.8,12.48,1.6
BBSR-08,Bhubaneswar Zone 08,20.26,85.785,2025-08-25,26.1,28.7,25.0,94,9.4,9.13,18.1
BBSR-08,Bhubaneswar Zone 08,20.26,85.785,2025-08-26,27.1,31.4,24.3,87,15.5,21.81,8.8
BBSR-08,Bhubaneswar Zone 08,20.26,85.785,2025-08-27,26.3,29.9,24.3,91,13.9,13.34,15.5
BBSR-08,Bhubaneswar Zone 08,20.26,85.785,2025-08-28,27.4,30.6,24.2,86,19.5,19.18,9.1
BBSR-08,Bhubaneswar Zone 08,20.26,85.785,2025-08-29,28.1,30.8,25.4,83,21.2,17.12,0.5
BBSR-08,Bhubaneswar Zone 08,20.26,85.785,2025-08-30,27.4,29.5,25.6,89,13.5,14.02,25.3
BBSR-08,Bhubaneswar Zone 08,20.26,85.785,2025-08-31,26.9,31.3,25.0,92,13.1,17.79,4.9
BBSR-08,Bhubaneswar Zone 08,20.26,85.785,2025-09-01,27.6,31.6,24.7,88,10.1,19.04,3.3
BBSR-08,Bhubaneswar Zone 08,20.26,85.785,2025-09-02,26.1,29.5,24.3,94,11.9,10.7,27.4
BBSR-08,Bhubaneswar Zone 08,20.26,85.785,2025-09-03,25.3,26.3,24.5,96,18.1,4.09,73.8
BBSR-08,Bhubaneswar Zone 08,20.26,85.785,2025-09-04,27.0,30.6,24.9,91,8.3,15.71,12.9
BBSR-08,Bhubaneswar Zone 08,20.26,85.785,2025-09-05,27.1,30.0,24.9,92,9.4,13.61,9.5
BBSR-08,Bhubaneswar Zone 08,20.26,85.785,2025-09-06,26.7,30.2,25.0,93,7.2,12.87,10.1
BBSR-08,Bhubaneswar Zone 08,20.26,85.785,2025-09-07,27.2,31.0,24.5,89,17.5,20.79,6.3
BBSR-08,Bhubaneswar Zone 08,20.26,85.785,2025-09-08,27.7,31.8,24.5,88,11.0,20.54,3.4
BBSR-08,Bhubaneswar Zone 08,20.26,85.785,2025-09-09,28.2,31.9,24.7,87,10.6,21.28,1.6
BBSR-08,Bhubaneswar Zone 08,20.26,85.785,2025-09-10,28.4,32.9,25.4,86,14.4,20.94,5.2
BBSR-08,Bhubaneswar Zone 08,20.26,85.785,2025-09-11,28.0,31.3,25.3,89,10.6,18.81,11.7
BBSR-08,Bhubaneswar Zone 08,20.26,85.785,2025-09-12,27.0,31.0,24.9,91,17.6,18.31,8.1
BBSR-08,Bhubaneswar Zone 08,20.26,85.785,2025-09-13,27.1,30.0,25.2,89,14.4,15.06,20.3
BBSR-08,Bhubaneswar Zone 08,20.26,85.785,2025-09-14,27.3,30.3,25.4,89,12.4,14.23,10.1
BBSR-08,Bhubaneswar Zone 08,20.26,85.785,2025-09-15,27.4,31.1,25.1,88,12.2,15.2,7.1
BBSR-08,Bhubaneswar Zone 08,20.26,85.785,2025-09-16,26.5,29.8,24.9,92,14.1,11.39,15.1
BBSR-08,Bhubaneswar Zone 08,20.26,85.785,2025-09-17,28.0,32.0,25.6,84,13.3,19.44,7.3
BBSR-08,Bhubaneswar Zone 08,20.26,85.785,2025-09-18,28.5,32.8,25.3,83,11.2,21.75,0.7
BBSR-08,Bhubaneswar Zone 08,20.26,85.785,2025-09-19,28.8,33.1,25.8,84,9.8,20.74,0.6
BBSR-08,Bhubaneswar Zone 08,20.26,85.785,2025-09-20,28.2,32.8,25.8,88,7.9,16.59,7.2
BBSR-08,Bhubaneswar Zone 08,20.26,85.785,2025-09-21,27.6,32.6,25.2,90,14.3,18.11,12.5
BBSR-08,Bhubaneswar Zone 08,20.26,85.785,2025-09-22,27.2,32.1,24.8,90,16.1,17.31,12.5
BBSR-08,Bhubaneswar Zone 08,20.26,85.785,2025-09-23,26.3,29.9,25.0,93,13.8,11.26,26.8
BBSR-08,Bhubaneswar Zone 08,20.26,85.785,2025-09-24,26.5,29.8,24.2,91,8.5,14.76,8.0
BBSR-08,Bhubaneswar Zone 08,20.26,85.785,2025-09-25,27.0,31.5,24.9,90,14.1,18.98,6.8
BBSR-08,Bhubaneswar Zone 08,20.26,85.785,2025-09-26,25.7,27.3,24.8,95,16.8,6.99,22.0
BBSR-08,Bhubaneswar Zone 08,20.26,85.785,2025-09-27,26.4,29.3,24.6,92,17.1,12.53,7.7
BBSR-08,Bhubaneswar Zone 08,20.26,85.785,2025-09-28,26.7,29.8,24.4,91,18.0,14.2,5.1
BBSR-08,Bhubaneswar Zone 08,20.26,85.785,2025-09-29,26.7,31.5,24.7,90,13.9,17.73,6.5
BBSR-08,Bhubaneswar Zone 08,20.26,85.785,2025-09-30,28.0,32.0,24.9,86,8.7,20.51,0.2
BBSR-08,Bhubaneswar Zone 08,20.26,85.785,2025-10-01,28.0,33.2,25.0,84,19.3,19.76,3.0
BBSR-08,Bhubaneswar Zone 08,20.26,85.785,2025-10-02,26.1,29.4,24.4,92,28.0,9.82,40.8
BBSR-08,Bhubaneswar Zone 08,20.26,85.785,2025-10-03,28.3,31.2,25.5,83,24.0,17.51,4.6
BBSR-08,Bhubaneswar Zone 08,20.26,85.785,2025-10-04,27.7,32.0,24.6,89,17.5,17.33,9.1
BBSR-08,Bhubaneswar Zone 08,20.26,85.785,2025-10-05,26.4,28.8,24.6,93,13.8,13.14,16.4
BBSR-08,Bhubaneswar Zone 08,20.26,85.785,2025-10-06,26.1,30.5,23.9,91,11.9,15.35,19.9
BBSR-08,Bhubaneswar Zone 08,20.26,85.785,2025-10-07,26.6,30.8,24.7,91,7.6,14.77,2.9
BBSR-08,Bhubaneswar Zone 08,20.26,85.785,2025-10-08,26.1,29.4,24.3,92,6.7,13.53,1.9
BBSR-08,Bhubaneswar Zone 08,20.26,85.785,2025-10-09,26.5,31.1,24.2,90,7.6,16.94,12.5
BBSR-08,Bhubaneswar Zone 08,20.26,85.785,2025-10-10,26.6,31.0,24.5,88,13.6,18.39,5.2
BBSR-08,Bhubaneswar Zone 08,20.26,85.785,2025-10-11,26.8,30.7,24.3,86,12.2,18.58,1.6
BBSR-08,Bhubaneswar Zone 08,20.26,85.785,2025-10-12,27.0,30.9,24.1,82,16.6,18.9,0.6
BBSR-08,Bhubaneswar Zone 08,20.26,85.785,2025-10-13,26.0,30.4,24.0,86,16.6,15.66,6.0
BBSR-08,Bhubaneswar Zone 08,20.26,85.785,2025-10-14,27.2,31.4,23.8,77,12.5,19.72,0.4
BBSR-08,Bhubaneswar Zone 08,20.26,85.785,2025-10-15,27.2,31.5,23.6,75,12.9,20.98,0.0
BBSR-08,Bhubaneswar Zone 08,20.26,85.785,2025-10-16,27.1,31.5,23.7,78,8.4,20.09,0.0
BBSR-08,Bhubaneswar Zone 08,20.26,85.785,2025-10-17,26.7,31.2,22.6,74,10.3,20.67,0.0
BBSR-08,Bhubaneswar Zone 08,20.26,85.785,2025-10-18,26.5,31.2,23.5,80,12.8,18.87,2.3
BBSR-08,Bhubaneswar Zone 08,20.26,85.785,2025-10-19,26.2,30.4,23.9,89,14.6,15.9,5.6
BBSR-08,Bhubaneswar Zone 08,20.26,85.785,2025-10-20,26.5,30.5,24.5,88,13.6,14.96,6.3
BBSR-08,Bhubaneswar Zone 08,20.26,85.785,2025-10-21,27.3,31.6,24.1,80,18.7,18.5,0.8
BBSR-08,Bhubaneswar Zone 08,20.26,85.785,2025-10-22,27.4,31.5,24.4,79,17.2,17.85,0.9
BBSR-08,Bhubaneswar Zone 08,20.26,85.785,2025-10-23,27.3,31.6,24.3,81,11.7,18.18,0.4
BBSR-08,Bhubaneswar Zone 08,20.26,85.785,2025-10-24,27.0,31.8,24.1,82,13.3,18.8,0.1
BBSR-08,Bhubaneswar Zone 08,20.26,85.785,2025-10-25,26.4,31.1,23.5,86,18.0,17.08,2.0
BBSR-08,Bhubaneswar Zone 08,20.26,85.785,2025-10-26,27.4,31.5,24.5,81,12.2,17.6,0.6
BBSR-08,Bhubaneswar Zone 08,20.26,85.785,2025-10-27,26.7,30.1,24.3,84,17.0,16.29,9.0
BBSR-08,Bhubaneswar Zone 08,20.26,85.785,2025-10-28,25.4,29.8,23.3,93,22.4,11.38,19.1
BBSR-08,Bhubaneswar Zone 08,20.26,85.785,2025-10-29,25.5,27.9,24.0,92,18.9,11.96,19.8
BBSR-08,Bhubaneswar Zone 08,20.26,85.785,2025-10-30,26.2,29.5,23.9,89,17.5,14.97,3.4
BBSR-08,Bhubaneswar Zone 08,20.26,85.785,2025-10-31,27.6,31.4,24.5,82,15.1,17.34,0.0
BBSR-08,Bhubaneswar Zone 08,20.26,85.785,2025-11-01,27.4,31.6,24.9,86,14.3,16.03,9.9
BBSR-08,Bhubaneswar Zone 08,20.26,85.785,2025-11-02,27.1,30.7,24.0,85,10.5,16.83,1.0
BBSR-08,Bhubaneswar Zone 08,20.26,85.785,2025-11-03,26.3,30.4,23.1,76,9.1,17.16,0.4
BBSR-08,Bhubaneswar Zone 08,20.26,85.785,2025-11-04,25.2,30.5,21.2,65,10.6,17.33,0.0
BBSR-08,Bhubaneswar Zone 08,20.26,85.785,2025-11-05,24.4,30.3,19.6,64,10.6,19.19,0.0
BBSR-08,Bhubaneswar Zone 08,20.26,85.785,2025-11-06,25.5,31.3,21.0,68,8.7,18.72,0.0
BBSR-08,Bhubaneswar Zone 08,20.26,85.785,2025-11-07,25.5,30.7,21.1,70,12.4,18.59,0.0
BBSR-08,Bhubaneswar Zone 08,20.26,85.785,2025-11-08,24.7,29.9,20.8,65,11.8,18.71,0.0
BBSR-08,Bhubaneswar Zone 08,20.26,85.785,2025-11-09,23.3,28.9,19.0,67,8.5,18.77,0.0
BBSR-08,Bhubaneswar Zone 08,20.26,85.785,2025-11-10,23.2,28.8,18.3,64,11.7,18.83,0.0
BBSR-08,Bhubaneswar Zone 08,20.26,85.785,2025-11-11,22.8,29.0,18.1,65,8.7,18.66,0.0
BBSR-08,Bhubaneswar Zone 08,20.26,85.785,2025-11-12,22.4,28.0,17.2,64,12.0,18.64,0.0
BBSR-08,Bhubaneswar Zone 08,20.26,85.785,2025-11-13,22.1,28.0,16.5,63,9.9,18.61,0.0
BBSR-08,Bhubaneswar Zone 08,20.26,85.785,2025-11-14,22.2,28.0,16.9,63,11.0,18.48,0.0
BBSR-08,Bhubaneswar Zone 08,20.26,85.785,2025-11-15,21.9,27.5,17.1,61,13.8,18.44,0.0
BBSR-08,Bhubaneswar Zone 08,20.26,85.785,2025-11-16,21.5,27.6,16.3,59,13.6,18.44,0.0
BBSR-08,Bhubaneswar Zone 08,20.26,85.785,2025-11-17,21.3,27.1,16.7,61,12.5,18.28,0.0
BBSR-08,Bhubaneswar Zone 08,20.26,85.785,2025-11-18,22.0,27.7,17.1,63,10.0,17.97,0.0
BBSR-08,Bhubaneswar Zone 08,20.26,85.785,2025-11-19,22.9,29.1,17.0,67,10.0,17.49,0.0
BBSR-08,Bhubaneswar Zone 08,20.26,85.785,2025-11-20,24.9,29.8,21.6,63,12.1,16.47,0.0
BBSR-08,Bhubaneswar Zone 08,20.26,85.785,2025-11-21,24.6,30.1,20.0,70,10.3,17.01,0.0
BBSR-08,Bhubaneswar Zone 08,20.26,85.785,2025-11-22,24.4,30.0,19.4,78,8.6,16.22,0.0
BBSR-08,Bhubaneswar Zone 08,20.26,85.785,2025-11-23,24.7,30.2,20.3,77,5.9,15.33,0.0
BBSR-08,Bhubaneswar Zone 08,20.26,85.785,2025-11-24,23.6,28.4,19.9,72,11.4,15.94,0.0
BBSR-08,Bhubaneswar Zone 08,20.26,85.785,2025-11-25,22.5,27.7,18.5,68,12.2,16.75,0.0
BBSR-08,Bhubaneswar Zone 08,20.26,85.785,2025-11-26,21.4,26.9,17.5,65,15.5,16.93,0.0
BBSR-08,Bhubaneswar Zone 08,20.26,85.785,2025-11-27,20.8,26.2,16.4,61,13.7,17.19,0.0
BBSR-08,Bhubaneswar Zone 08,20.26,85.785,2025-11-28,21.7,27.7,16.8,68,11.1,16.25,0.0
BBSR-08,Bhubaneswar Zone 08,20.26,85.785,2025-11-29,22.8,28.5,18.2,71,9.6,15.26,0.0
BBSR-08,Bhubaneswar Zone 08,20.26,85.785,2025-11-30,22.5,27.8,18.5,69,9.3,15.52,0.0
BBSR-08,Bhubaneswar Zone 08,20.26,85.785,2025-12-01,21.3,25.3,17.2,71,11.2,6.89,0.0
BBSR-08,Bhubaneswar Zone 08,20.26,85.785,2025-12-02,22.9,27.5,20.1,73,10.8,13.05,0.0
BBSR-08,Bhubaneswar Zone 08,20.26,85.785,2025-12-03,22.5,27.7,18.2,72,9.4,14.76,0.0
BBSR-08,Bhubaneswar Zone 08,20.26,85.785,2025-12-04,21.6,27.1,17.8,70,13.4,16.21,0.0
BBSR-08,Bhubaneswar Zone 08,20.26,85.785,2025-12-05,20.9,26.6,16.9,63,14.4,16.46,0.0
BBSR-08,Bhubaneswar Zone 08,20.26,85.785,2025-12-06,20.2,26.1,16.1,61,11.7,16.41,0.0
BBSR-08,Bhubaneswar Zone 08,20.26,85.785,2025-12-07,20.0,25.9,14.6,62,9.8,16.2,0.0
BBSR-08,Bhubaneswar Zone 08,20.26,85.785,2025-12-08,20.3,26.4,14.6,65,9.0,16.06,0.0
BBSR-08,Bhubaneswar Zone 08,20.26,85.785,2025-12-09,20.5,26.4,15.7,65,10.5,15.85,0.0
BBSR-08,Bhubaneswar Zone 08,20.26,85.785,2025-12-10,20.3,26.3,15.3,69,10.9,16.08,0.0
BBSR-08,Bhubaneswar Zone 08,20.26,85.785,2025-12-11,19.8,26.3,14.0,62,8.9,16.47,0.0
BBSR-08,Bhubaneswar Zone 08,20.26,85.785,2025-12-12,19.9,26.2,13.8,65,7.0,16.28,0.0
BBSR-08,Bhubaneswar Zone 08,20.26,85.785,2025-12-13,20.4,26.2,14.8,68,8.2,16.02,0.0
BBSR-08,Bhubaneswar Zone 08,20.26,85.785,2025-12-14,20.3,26.1,15.0,68,9.1,15.93,0.0
BBSR-08,Bhubaneswar Zone 08,20.26,85.785,2025-12-15,20.5,26.6,14.9,71,8.4,15.9,0.0
BBSR-08,Bhubaneswar Zone 08,20.26,85.785,2025-12-16,20.6,26.6,15.2,74,7.5,15.73,0.0
BBSR-08,Bhubaneswar Zone 08,20.26,85.785,2025-12-17,20.3,26.4,15.4,75,9.4,15.92,0.0
BBSR-08,Bhubaneswar Zone 08,20.26,85.785,2025-12-18,20.3,25.9,15.4,69,9.7,15.74,0.0
BBSR-08,Bhubaneswar Zone 08,20.26,85.785,2025-12-19,20.1,25.9,14.9,67,6.3,15.79,0.0
BBSR-08,Bhubaneswar Zone 08,20.26,85.785,2025-12-20,20.2,25.6,15.0,69,9.2,15.33,0.0
BBSR-08,Bhubaneswar Zone 08,20.26,85.785,2025-12-21,19.6,25.6,15.8,69,11.2,15.35,0.0
BBSR-08,Bhubaneswar Zone 08,20.26,85.785,2025-12-22,19.5,25.1,15.3,70,11.3,15.76,0.0
BBSR-08,Bhubaneswar Zone 08,20.26,85.785,2025-12-23,19.8,25.7,14.3,77,6.7,15.72,0.0
BBSR-08,Bhubaneswar Zone 08,20.26,85.785,2025-12-24,20.2,26.5,14.7,79,6.7,14.73,0.0
BBSR-08,Bhubaneswar Zone 08,20.26,85.785,2025-12-25,19.6,25.1,16.2,78,11.9,15.36,0.0
BBSR-08,Bhubaneswar Zone 08,20.26,85.785,2025-12-26,18.9,24.3,15.2,77,11.3,15.74,0.0
BBSR-08,Bhubaneswar Zone 08,20.26,85.785,2025-12-27,18.9,24.8,14.1,76,7.7,15.85,0.0
BBSR-08,Bhubaneswar Zone 08,20.26,85.785,2025-12-28,19.0,25.0,13.9,75,8.4,16.05,0.0
BBSR-08,Bhubaneswar Zone 08,20.26,85.785,2025-12-29,18.7,24.7,14.6,77,10.4,16.11,0.0
BBSR-08,Bhubaneswar Zone 08,20.26,85.785,2025-12-30,18.3,24.7,13.8,81,10.4,16.04,0.0
BBSR-08,Bhubaneswar Zone 08,20.26,85.785,2025-12-31,18.3,24.2,14.2,85,9.5,14.11,0.0
BBSR-09,Bhubaneswar Zone 09,20.255,85.858,2024-01-01,20.9,26.6,16.0,75,9.7,15.86,0.0
BBSR-09,Bhubaneswar Zone 09,20.255,85.858,2024-01-02,20.6,26.9,15.5,79,9.9,15.41,0.0
BBSR-09,Bhubaneswar Zone 09,20.255,85.858,2024-01-03,20.4,26.6,15.3,72,12.0,16.09,0.0
BBSR-09,Bhubaneswar Zone 09,20.255,85.858,2024-01-04,20.2,27.4,14.1,73,10.7,16.14,0.0
BBSR-09,Bhubaneswar Zone 09,20.255,85.858,2024-01-05,20.7,27.9,14.6,73,11.0,16.23,0.0
BBSR-09,Bhubaneswar Zone 09,20.255,85.858,2024-01-06,21.1,28.1,15.4,70,10.2,16.43,0.0
BBSR-09,Bhubaneswar Zone 09,20.255,85.858,2024-01-07,21.0,28.1,14.9,69,14.3,16.1,0.0
BBSR-09,Bhubaneswar Zone 09,20.255,85.858,2024-01-08,21.6,28.4,16.8,72,15.3,16.03,0.0
BBSR-09,Bhubaneswar Zone 09,20.255,85.858,2024-01-09,21.2,27.8,16.0,76,12.3,16.07,0.0
BBSR-09,Bhubaneswar Zone 09,20.255,85.858,2024-01-10,22.4,29.2,16.1,78,13.0,15.34,0.0
BBSR-09,Bhubaneswar Zone 09,20.255,85.858,2024-01-11,23.7,29.5,19.5,77,12.6,15.53,0.0
BBSR-09,Bhubaneswar Zone 09,20.255,85.858,2024-01-12,21.5,27.0,17.6,72,13.3,16.42,0.0
BBSR-09,Bhubaneswar Zone 09,20.255,85.858,2024-01-13,20.2,26.8,14.7,69,15.8,16.82,0.0
BBSR-09,Bhubaneswar Zone 09,20.255,85.858,2024-01-14,21.0,27.7,14.0,76,10.8,16.3,0.0
BBSR-09,Bhubaneswar Zone 09,20.255,85.858,2024-01-15,21.6,28.4,16.1,77,9.7,15.51,0.0
BBSR-09,Bhubaneswar Zone 09,20.255,85.858,2024-01-16,22.1,27.6,18.0,81,12.7,14.14,0.0
BBSR-09,Bhubaneswar Zone 09,20.255,85.858,2024-01-17,21.7,26.1,18.7,87,12.1,10.59,3.8
BBSR-09,Bhubaneswar Zone 09,20.255,85.858,2024-01-18,22.9,27.8,18.9,82,21.6,13.08,0.3
BBSR-09,Bhubaneswar Zone 09,20.255,85.858,2024-01-19,22.2,27.3,18.7,77,13.8,14.59,0.1
BBSR-09,Bhubaneswar Zone 09,20.255,85.858,2024-01-20,21.5,27.0,17.6,79,13.3,14.07,0.1
BBSR-09,Bhubaneswar Zone 09,20.255,85.858,2024-01-21,21.4,26.8,18.1,87,7.1,10.03,5.0
BBSR-09,Bhubaneswar Zone 09,20.255,85.858,2024-01-22,20.5,24.7,15.7,72,15.7,10.63,1.4
BBSR-09,Bhubaneswar Zone 09,20.255,85.858,2024-01-23,21.1,27.7,15.4,66,15.3,14.44,2.3
BBSR-09,Bhubaneswar Zone 09,20.255,85.858,2024-01-24,20.2,23.4,17.6,88,18.7,6.56,20.4
BBSR-09,Bhubaneswar Zone 09,20.255,85.858,2024-01-25,19.6,24.5,16.0,82,14.9,11.22,0.9
BBSR-09,Bhubaneswar Zone 09,20.255,85.858,2024-01-26,19.5,25.4,15.4,75,11.6,17.17,0.0
BBSR-09,Bhubaneswar Zone 09,20.255,85.858,2024-01-27,19.5,25.7,14.2,74,9.7,17.74,0.0
BBSR-09,Bhubaneswar Zone 09,20.255,85.858,2024-01-28,19.7,26.5,14.0,77,12.5,18.0,0.0
BBSR-09,Bhubaneswar Zone 09,20.255,85.858,2024-01-29,20.7,27.6,13.9,77,15.1,17.25,0.0
BBSR-09,Bhubaneswar Zone 09,20.255,85.858,2024-01-30,22.4,28.8,16.6,79,13.7,16.26,0.0
BBSR-09,Bhubaneswar Zone 09,20.255,85.858,2024-01-31,23.3,29.5,19.3,75,15.7,16.18,0.0
BBSR-09,Bhubaneswar Zone 09,20.255,85.858,2024-02-01,24.0,30.1,19.8,78,19.3,17.35,0.0
BBSR-09,Bhubaneswar Zone 09,20.255,85.858,2024-02-02,23.3,29.3,19.0,85,14.0,14.22,0.6
BBSR-09,Bhubaneswar Zone 09,20.255,85.858,2024-02-03,23.5,29.6,19.3,81,15.5,16.84,0.0
BBSR-09,Bhubaneswar Zone 09,20.255,85.858,2024-02-04,24.2,30.3,19.3,78,13.7,16.86,0.4
BBSR-09,Bhubaneswar Zone 09,20.255,85.858,2024-02-05,24.3,30.9,18.2,79,15.4,18.64,0.0
BBSR-09,Bhubaneswar Zone 09,20.255,85.858,2024-02-06,26.1,32.6,22.0,79,20.3,17.88,0.6
BBSR-09,Bhubaneswar Zone 09,20.255,85.858,2024-02-07,25.1,30.3,21.2,80,17.9,14.83,0.0
BBSR-09,Bhubaneswar Zone 09,20.255,85.858,2024-02-08,24.1,29.0,20.5,75,16.8,14.27,0.1
BBSR-09,Bhubaneswar Zone 09,20.255,85.858,2024-02-09,21.8,27.4,17.8,64,15.7,18.98,0.0
BBSR-09,Bhubaneswar Zone 09,20.255,85.858,2024-02-10,21.3,28.0,15.5,64,9.4,19.6,0.0
BBSR-09,Bhubaneswar Zone 09,20.255,85.858,2024-02-11,22.7,29.5,16.9,67,12.8,19.3,0.0
BBSR-09,Bhubaneswar Zone 09,20.255,85.858,2024-02-12,23.5,31.0,17.8,68,14.7,18.95,0.0
BBSR-09,Bhubaneswar Zone 09,20.255,85.858,2024-02-13,23.7,31.7,18.0,73,15.3,18.91,0.0
BBSR-09,Bhubaneswar Zone 09,20.255,85.858,2024-02-14,23.5,31.6,17.6,77,16.3,18.71,0.0
BBSR-09,Bhubaneswar Zone 09,20.255,85.858,2024-02-15,24.4,31.4,18.2,78,17.4,17.57,0.1
BBSR-09,Bhubaneswar Zone 09,20.255,85.858,2024-02-16,24.7,32.1,18.6,68,14.2,19.8,0.0
BBSR-09,Bhubaneswar Zone 09,20.255,85.858,2024-02-17,25.3,32.4,19.8,73,14.4,19.11,0.1
BBSR-09,Bhubaneswar Zone 09,20.255,85.858,2024-02-18,26.0,32.5,20.9,75,15.9,17.91,0.1
BBSR-09,Bhubaneswar Zone 09,20.255,85.858,2024-02-19,26.2,33.2,20.8,75,15.8,18.41,0.0
BBSR-09,Bhubaneswar Zone 09,20.255,85.858,2024-02-20,27.3,35.1,21.6,67,17.2,18.08,0.0
BBSR-09,Bhubaneswar Zone 09,20.255,85.858,2024-02-21,27.6,35.6,21.3,57,21.6,18.65,0.0
BBSR-09,Bhubaneswar Zone 09,20.255,85.858,2024-02-22,27.5,33.1,23.4,66,25.0,18.25,0.4
BBSR-09,Bhubaneswar Zone 09,20.255,85.858,2024-02-23,26.4,31.5,22.2,71,18.8,18.91,0.5
BBSR-09,Bhubaneswar Zone 09,20.255,85.858,2024-02-24,24.2,28.1,21.3,83,14.3,12.84,9.5
BBSR-09,Bhubaneswar Zone 09,20.255,85.858,2024-02-25,24.4,30.6,20.9,81,17.7,15.99,6.0
BBSR-09,Bhubaneswar Zone 09,20.255,85.858,2024-02-26,25.1,31.1,20.3,71,14.7,19.8,0.0
BBSR-09,Bhubaneswar Zone 09,20.255,85.858,2024-02-27,25.4,31.6,20.2,66,16.7,20.61,0.3
BBSR-09,Bhubaneswar Zone 09,20.255,85.858,2024-02-28,26.7,33.2,21.2,67,11.1,20.17,0.1
BBSR-09,Bhubaneswar Zone 09,20.255,85.858,2024-02-29,26.8,33.2,21.4,73,9.8,20.07,0.0
BBSR-09,Bhubaneswar Zone 09,20.255,85.858,2024-03-01,27.2,34.1,23.2,75,12.6,19.92,0.0
BBSR-09,Bhubaneswar Zone 09,20.255,85.858,2024-03-02,27.3,34.7,21.4,72,19.9,20.98,0.0
BBSR-09,Bhubaneswar Zone 09,20.255,85.858,2024-03-03,27.5,33.7,22.7,72,16.9,20.93,0.0
BBSR-09,Bhubaneswar Zone 09,20.255,85.858,2024-03-04,27.6,33.9,22.9,75,17.4,19.26,1.0
BBSR-09,Bhubaneswar Zone 09,20.255,85.858,2024-03-05,27.6,34.3,22.2,74,18.7,19.76,0.6
BBSR-09,Bhubaneswar Zone 09,20.255,85.858,2024-03-06,26.8,34.6,23.1,80,13.8,18.71,1.4
BBSR-09,Bhubaneswar Zone 09,20.255,85.858,2024-03-07,26.8,34.5,23.5,81,13.7,16.5,20.6
BBSR-09,Bhubaneswar Zone 09,20.255,85.858,2024-03-08,25.9,31.9,22.6,81,12.0,18.25,3.2
BBSR-09,Bhubaneswar Zone 09,20.255,85.858,2024-03-09,26.3,32.7,20.5,67,14.6,21.17,0.0
BBSR-09,Bhubaneswar Zone 09,20.255,85.858,2024-03-10,26.8,33.7,21.0,69,16.6,20.44,0.0
BBSR-09,Bhubaneswar Zone 09,20.255,85.858,2024-03-11,27.2,33.2,21.7,75,16.5,20.7,0.0
BBSR-09,Bhubaneswar Zone 09,20.255,85.858,2024-03-12,29.0,35.5,23.6,74,15.2,20.13,0.7
BBSR-09,Bhubaneswar Zone 09,20.255,85.858,2024-03-13,29.4,35.8,25.0,75,20.2,19.37,0.4
BBSR-09,Bhubaneswar Zone 09,20.255,85.858,2024-03-14,29.6,36.5,26.1,72,18.6,19.34,0.3
BBSR-09,Bhubaneswar Zone 09,20.255,85.858,2024-03-15,28.9,36.5,24.7,75,16.9,19.81,0.3
BBSR-09,Bhubaneswar Zone 09,20.255,85.858,2024-03-16,28.4,34.0,24.5,77,15.5,20.87,1.5
BBSR-09,Bhubaneswar Zone 09,20.255,85.858,2024-03-17,28.1,33.5,23.3,75,10.9,19.61,1.6
BBSR-09,Bhubaneswar Zone 09,20.255,85.858,2024-03-18,28.3,33.4,23.6,76,18.1,17.67,7.3
BBSR-09,Bhubaneswar Zone 09,20.255,85.858,2024-03-19,24.6,29.1,22.1,84,19.1,9.82,13.4
BBSR-09,Bhubaneswar Zone 09,20.255,85.858,2024-03-20,21.4,25.3,18.9,81,19.2,6.98,25.0
BBSR-09,Bhubaneswar Zone 09,20.255,85.858,2024-03-21,23.4,29.9,16.3,77,16.6,21.41,0.2
BBSR-09,Bhubaneswar Zone 09,20.255,85.858,2024-03-22,26.7,32.3,21.5,78,18.2,21.08,1.2
BBSR-09,Bhubaneswar Zone 09,20.255,85.858,2024-03-23,28.0,35.5,21.2,73,17.9,23.01,0.0
BBSR-09,Bhubaneswar Zone 09,20.255,85.858,2024-03-24,28.6,34.9,23.9,75,20.6,22.5,0.4
BBSR-09,Bhubaneswar Zone 09,20.255,85.858,2024-03-25,29.1,35.8,24.2,67,16.8,21.26,0.0
BBSR-09,Bhubaneswar Zone 09,20.255,85.858,2024-03-26,29.0,35.5,23.9,59,21.1,22.41,0.0
BBSR-09,Bhubaneswar Zone 09,20.255,85.858,2024-03-27,29.6,36.3,24.2,63,18.1,23.13,0.0
BBSR-09,Bhubaneswar Zone 09,20.255,85.858,2024-03-28,29.7,37.3,23.8,71,18.8,22.54,0.0
BBSR-09,Bhubaneswar Zone 09,20.255,85.858,2024-03-29,30.1,37.6,23.6,69,19.8,22.84,0.1
BBSR-09,Bhubaneswar Zone 09,20.255,85.858,2024-03-30,30.6,37.7,24.8,65,19.5,21.66,1.0
BBSR-09,Bhubaneswar Zone 09,20.255,85.858,2024-03-31,30.2,36.5,24.5,66,18.6,20.75,0.0
BBSR-09,Bhubaneswar Zone 09,20.255,85.858,2024-04-01,30.9,37.9,25.1,61,19.3,22.75,0.2
BBSR-09,Bhubaneswar Zone 09,20.255,85.858,2024-04-02,30.9,37.9,26.0,70,19.2,23.4,0.0
BBSR-09,Bhubaneswar Zone 09,20.255,85.858,2024-04-03,30.7,37.0,25.1,74,16.9,23.23,0.0
BBSR-09,Bhubaneswar Zone 09,20.255,85.858,2024-04-04,30.9,37.2,25.7,75,16.8,21.57,0.0
BBSR-09,Bhubaneswar Zone 09,20.255,85.858,2024-04-05,32.2,41.2,25.9,66,19.5,23.13,0.0
BBSR-09,Bhubaneswar Zone 09,20.255,85.858,2024-04-06,31.6,39.5,25.7,70,19.1,23.0,0.0
BBSR-09,Bhubaneswar Zone 09,20.255,85.858,2024-04-07,30.1,38.1,25.0,74,15.9,20.94,16.7
BBSR-09,Bhubaneswar Zone 09,20.255,85.858,2024-04-08,27.6,33.1,24.3,65,25.3,23.52,0.0
BBSR-09,Bhubaneswar Zone 09,20.255,85.858,2024-04-09,29.0,36.0,24.2,55,25.0,22.19,0.0
BBSR-09,Bhubaneswar Zone 09,20.255,85.858,2024-04-10,29.1,36.1,22.9,59,8.9,21.73,0.1
BBSR-09,Bhubaneswar Zone 09,20.255,85.858,2024-04-11,26.2,28.9,22.6,72,25.8,12.17,0.1
BBSR-09,Bhubaneswar Zone 09,20.255,85.858,2024-04-12,27.3,33.3,22.1,67,14.9,17.7,0.0
BBSR-09,Bhubaneswar Zone 09,20.255,85.858,2024-04-13,29.4,36.3,22.5,57,11.6,23.49,0.0
BBSR-09,Bhubaneswar Zone 09,20.255,85.858,2024-04-14,30.6,37.3,24.0,59,11.5,23.8,0.0
BBSR-09,Bhubaneswar Zone 09,20.255,85.858,2024-04-15,31.5,38.8,25.0,58,16.7,24.28,0.0
BBSR-09,Bhubaneswar Zone 09,20.255,85.858,2024-04-16,32.8,39.9,26.2,59,15.2,24.0,0.0
BBSR-09,Bhubaneswar Zone 09,20.255,85.858,2024-04-17,33.5,40.9,27.0,55,15.8,23.81,0.0
BBSR-09,Bhubaneswar Zone 09,20.255,85.858,2024-04-18,33.1,41.2,26.9,54,16.6,25.55,0.0
BBSR-09,Bhubaneswar Zone 09,20.255,85.858,2024-04-19,32.1,41.4,24.2,61,21.6,25.79,0.0
BBSR-09,Bhubaneswar Zone 09,20.255,85.858,2024-04-20,32.3,39.3,26.5,69,20.3,23.8,0.0
BBSR-09,Bhubaneswar Zone 09,20.255,85.858,2024-04-21,33.2,41.0,26.3,65,20.4,23.27,0.1
BBSR-09,Bhubaneswar Zone 09,20.255,85.858,2024-04-22,33.6,39.9,27.6,50,23.6,22.32,1.0
BBSR-09,Bhubaneswar Zone 09,20.255,85.858,2024-04-23,32.8,39.5,26.9,43,17.8,24.58,0.0
BBSR-09,Bhubaneswar Zone 09,20.255,85.858,2024-04-24,32.2,40.0,27.0,56,28.9,23.14,1.0
BBSR-09,Bhubaneswar Zone 09,20.255,85.858,2024-04-25,32.8,41.3,25.7,58,17.7,23.72,0.0
BBSR-09,Bhubaneswar Zone 09,20.255,85.858,2024-04-26,32.7,40.3,27.2,68,19.3,24.34,1.7
BBSR-09,Bhubaneswar Zone 09,20.255,85.858,2024-04-27,32.6,40.3,27.4,67,17.5,24.74,1.0
BBSR-09,Bhubaneswar Zone 09,20.255,85.858,2024-04-28,33.3,40.6,27.2,60,15.6,24.6,0.4
BBSR-09,Bhubaneswar Zone 09,20.255,85.858,2024-04-29,33.2,40.8,27.2,64,17.6,24.07,0.0
BBSR-09,Bhubaneswar Zone 09,20.255,85.858,2024-04-30,33.5,41.4,27.8,55,22.0,24.31,0.0
BBSR-09,Bhubaneswar Zone 09,20.255,85.858,2024-05-01,33.2,39.5,29.2,63,21.4,22.63,0.0
BBSR-09,Bhubaneswar Zone 09,20.255,85.858,2024-05-02,32.4,38.4,28.2,71,23.0,23.64,0.0
BBSR-09,Bhubaneswar Zone 09,20.255,85.858,2024-05-03,32.4,39.9,27.0,71,18.3,24.98,0.0
BBSR-09,Bhubaneswar Zone 09,20.255,85.858,2024-05-04,32.0,37.8,27.7,73,22.0,23.12,0.0
BBSR-09,Bhubaneswar Zone 09,20.255,85.858,2024-05-05,31.8,37.9,27.4,74,26.2,24.88,0.0
BBSR-09,Bhubaneswar Zone 09,20.255,85.858,2024-05-06,31.6,37.4,28.4,76,27.8,20.39,0.0
BBSR-09,Bhubaneswar Zone 09,20.255,85.858,2024-05-07,29.8,35.5,27.8,75,31.6,17.95,3.9
BBSR-09,Bhubaneswar Zone 09,20.255,85.858,2024-05-08,29.8,35.6,26.4,74,16.6,21.15,4.9
BBSR-09,Bhubaneswar Zone 09,20.255,85.858,2024-05-09,30.4,34.9,27.0,74,22.6,20.61,0.9
BBSR-09,Bhubaneswar Zone 09,20.255,85.858,2024-05-10,30.6,35.4,27.4,73,23.5,23.31,0.3
BBSR-09,Bhubaneswar Zone 09,20.255,85.858,2024-05-11,31.3,36.1,27.7,74,20.8,23.94,0.0
BBSR-09,Bhubaneswar Zone 09,20.255,85.858,2024-05-12,30.0,35.6,27.2,78,21.2,22.08,13.7
BBSR-09,Bhubaneswar Zone 09,20.255,85.858,2024-05-13,30.3,37.1,27.1,75,13.3,23.15,7.9
BBSR-09,Bhubaneswar Zone 09,20.255,85.858,2024-05-14,29.9,34.6,26.1,78,15.7,23.1,0.9
BBSR-09,Bhubaneswar Zone 09,20.255,85.858,2024-05-15,30.8,36.6,25.6,70,18.0,24.27,0.1
BBSR-09,Bhubaneswar Zone 09,20.255,85.858,2024-05-16,30.8,35.3,27.8,71,17.3,17.58,0.1
BBSR-09,Bhubaneswar Zone 09,20.255,85.858,2024-05-17,31.9,37.7,27.8,69,18.2,22.53,0.0
BBSR-09,Bhubaneswar Zone 09,20.255,85.858,2024-05-18,31.5,36.7,28.1,74,16.0,19.57,3.3
BBSR-09,Bhubaneswar Zone 09,20.255,85.858,2024-05-19,31.2,34.9,28.3,73,14.3,21.87,0.3
BBSR-09,Bhubaneswar Zone 09,20.255,85.858,2024-05-20,31.6,35.7,28.9,72,18.9,22.5,0.9
BBSR-09,Bhubaneswar Zone 09,20.255,85.858,2024-05-21,31.2,36.2,28.2,74,18.1,21.49,0.4
BBSR-09,Bhubaneswar Zone 09,20.255,85.858,2024-05-22,31.2,36.0,27.9,74,20.5,22.74,0.0
BBSR-09,Bhubaneswar Zone 09,20.255,85.858,2024-05-23,31.0,36.1,26.8,71,16.4,23.55,0.0
BBSR-09,Bhubaneswar Zone 09,20.255,85.858,2024-05-24,30.8,34.8,27.4,72,19.7,18.61,0.4
BBSR-09,Bhubaneswar Zone 09,20.255,85.858,2024-05-25,30.9,34.6,28.1,76,20.0,20.11,12.0
BBSR-09,Bhubaneswar Zone 09,20.255,85.858,2024-05-26,30.0,34.5,27.9,79,18.4,6.84,16.9
BBSR-09,Bhubaneswar Zone 09,20.255,85.858,2024-05-27,31.6,36.2,27.8,78,21.1,15.77,0.2
BBSR-09,Bhubaneswar Zone 09,20.255,85.858,2024-05-28,32.9,37.9,30.0,77,24.9,23.73,0.0
BBSR-09,Bhubaneswar Zone 09,20.255,85.858,2024-05-29,32.9,37.2,29.9,76,26.3,24.62,0.0
BBSR-09,Bhubaneswar Zone 09,20.255,85.858,2024-05-30,32.5,36.9,29.8,77,26.8,23.87,0.1
BBSR-09,Bhubaneswar Zone 09,20.255,85.858,2024-05-31,32.3,36.7,29.9,78,26.3,22.16,0.0
BBSR-09,Bhubaneswar Zone 09,20.255,85.858,2024-06-01,31.9,35.4,29.3,77,24.6,18.35,0.0
BBSR-09,Bhubaneswar Zone 09,20.255,85.858,2024-06-02,31.3,36.4,28.2,78,25.5,19.62,21.8
BBSR-09,Bhubaneswar Zone 09,20.255,85.858,2024-06-03,30.7,35.6,27.8,74,22.7,20.27,0.0
BBSR-09,Bhubaneswar Zone 09,20.255,85.858,2024-06-04,31.0,37.9,28.4,79,18.0,20.29,10.9
BBSR-09,Bhubaneswar Zone 09,20.255,85.858,2024-06-05,32.0,36.7,28.2,70,15.0,24.16,0.0
BBSR-09,Bhubaneswar Zone 09,20.255,85.858,2024-06-06,32.4,38.8,27.4,70,20.4,24.69,3.1
BBSR-09,Bhubaneswar Zone 09,20.255,85.858,2024-06-07,31.7,37.4,28.3,72,20.9,24.46,0.1
BBSR-09,Bhubaneswar Zone 09,20.255,85.858,2024-06-08,31.7,37.7,27.4,71,23.0,24.87,0.0
BBSR-09,Bhubaneswar Zone 09,20.255,85.858,2024-06-09,32.2,38.9,27.8,69,23.0,24.63,0.0
BBSR-09,Bhubaneswar Zone 09,20.255,85.858,2024-06-10,31.8,38.0,27.4,68,22.6,25.38,0.0
BBSR-09,Bhubaneswar Zone 09,20.255,85.858,2024-06-11,31.4,37.2,27.6,72,22.3,24.8,0.0
BBSR-09,Bhubaneswar Zone 09,20.255,85.858,2024-06-12,31.7,39.3,28.1,73,21.1,22.79,8.3
BBSR-09,Bhubaneswar Zone 09,20.255,85.858,2024-06-13,32.1,38.3,28.6,71,24.8,22.29,0.0
BBSR-09,Bhubaneswar Zone 09,20.255,85.858,2024-06-14,32.6,38.2,28.4,66,21.1,20.82,0.0
BBSR-09,Bhubaneswar Zone 09,20.255,85.858,2024-06-15,33.1,39.7,28.8,68,22.7,24.34,0.0
BBSR-09,Bhubaneswar Zone 09,20.255,85.858,2024-06-16,31.4,37.2,27.7,74,16.7,21.61,11.8
BBSR-09,Bhubaneswar Zone 09,20.255,85.858,2024-06-17,31.2,37.4,29.0,76,26.7,16.06,24.0
BBSR-09,Bhubaneswar Zone 09,20.255,85.858,2024-06-18,31.1,36.0,29.0,77,26.1,14.1,9.9
BBSR-09,Bhubaneswar Zone 09,20.255,85.858,2024-06-19,32.0,37.6,28.5,72,23.8,21.37,0.0
BBSR-09,Bhubaneswar Zone 09,20.255,85.858,2024-06-20,31.1,35.8,28.4,75,16.8,19.36,6.1
BBSR-09,Bhubaneswar Zone 09,20.255,85.858,2024-06-21,29.2,34.7,27.2,81,10.5,19.38,13.3
BBSR-09,Bhubaneswar Zone 09,20.255,85.858,2024-06-22,29.2,33.5,26.2,80,15.2,19.84,3.9
BBSR-09,Bhubaneswar Zone 09,20.255,85.858,2024-06-23,30.1,33.9,27.1,78,21.0,20.74,0.4
BBSR-09,Bhubaneswar Zone 09,20.255,85.858,2024-06-24,30.5,34.5,27.9,75,17.7,22.46,0.1
BBSR-09,Bhubaneswar Zone 09,20.255,85.858,2024-06-25,30.4,35.5,27.9,77,16.4,22.51,7.8
BBSR-09,Bhubaneswar Zone 09,20.255,85.858,2024-06-26,29.4,34.2,27.2,82,14.8,19.4,8.8
BBSR-09,Bhubaneswar Zone 09,20.255,85.858,2024-06-27,28.5,32.1,26.5,85,18.4,18.09,10.3
BBSR-09,Bhubaneswar Zone 09,20.255,85.858,2024-06-28,29.1,33.7,26.6,84,13.0,18.45,4.9
BBSR-09,Bhubaneswar Zone 09,20.255,85.858,2024-06-29,28.7,33.9,26.2,85,18.9,15.88,18.7
BBSR-09,Bhubaneswar Zone 09,20.255,85.858,2024-06-30,28.0,31.6,26.1,88,18.7,12.87,28.3
BBSR-09,Bhubaneswar Zone 09,20.255,85.858,2024-07-01,28.6,32.0,26.6,83,20.2,14.97,2.3
BBSR-09,Bhubaneswar Zone 09,20.255,85.858,2024-07-02,29.1,32.4,26.6,83,16.9,12.27,1.3
BBSR-09,Bhubaneswar Zone 09,20.255,85.858,2024-07-03,28.2,31.0,26.8,88,14.6,8.09,14.1
BBSR-09,Bhubaneswar Zone 09,20.255,85.858,2024-07-04,28.8,33.0,26.9,86,18.0,18.47,13.8
BBSR-09,Bhubaneswar Zone 09,20.255,85.858,2024-07-05,29.0,32.4,27.0,85,20.8,16.48,2.7
BBSR-09,Bhubaneswar Zone 09,20.255,85.858,2024-07-06,28.6,32.0,26.0,86,19.6,17.86,8.2
BBSR-09,Bhubaneswar Zone 09,20.255,85.858,2024-07-07,28.4,32.7,26.0,87,14.6,20.48,14.9
BBSR-09,Bhubaneswar Zone 09,20.255,85.858,2024-07-08,28.2,31.4,25.5,84,15.6,17.28,3.6
BBSR-09,Bhubaneswar Zone 09,20.255,85.858,2024-07-09,28.5,32.0,25.7,82,21.1,20.37,2.3
BBSR-09,Bhubaneswar Zone 09,20.255,85.858,2024-07-10,29.3,32.4,26.9,79,19.3,22.52,0.6
BBSR-09,Bhubaneswar Zone 09,20.255,85.858,2024-07-11,29.2,32.3,27.3,82,20.3,16.47,6.5
BBSR-09,Bhubaneswar Zone 09,20.255,85.858,2024-07-12,28.5,32.9,26.6,86,18.1,14.03,12.4
BBSR-09,Bhubaneswar Zone 09,20.255,85.858,2024-07-13,28.8,32.7,26.2,85,10.6,18.51,7.2
BBSR-09,Bhubaneswar Zone 09,20.255,85.858,2024-07-14,28.5,33.2,26.0,86,15.6,22.91,13.7
BBSR-09,Bhubaneswar Zone 09,20.255,85.858,2024-07-15,28.0,31.3,25.5,86,16.9,19.36,12.7
BBSR-09,Bhubaneswar Zone 09,20.255,85.858,2024-07-16,28.4,32.4,25.7,84,14.8,19.35,6.1
BBSR-09,Bhubaneswar Zone 09,20.255,85.858,2024-07-17,28.7,32.2,25.9,85,13.6,20.52,5.4
BBSR-09,Bhubaneswar Zone 09,20.255,85.858,2024-07-18,28.8,32.4,26.3,84,19.4,18.98,17.3
BBSR-09,Bhubaneswar Zone 09,20.255,85.858,2024-07-19,28.5,31.4,26.3,84,26.2,18.46,9.9
BBSR-09,Bhubaneswar Zone 09,20.255,85.858,2024-07-20,28.4,32.4,26.5,85,18.3,13.97,7.2
BBSR-09,Bhubaneswar Zone 09,20.255,85.858,2024-07-21,29.0,32.5,26.5,82,22.6,19.41,1.6
BBSR-09,Bhubaneswar Zone 09,20.255,85.858,2024-07-22,28.4,31.8,26.6,82,22.7,17.09,2.4
BBSR-09,Bhubaneswar Zone 09,20.255,85.858,2024-07-23,27.8,30.4,26.5,87,20.6,10.86,6.7
BBSR-09,Bhubaneswar Zone 09,20.255,85.858,2024-07-24,27.8,30.9,25.6,85,23.1,15.39,6.9
BBSR-09,Bhubaneswar Zone 09,20.255,85.858,2024-07-25,27.7,31.2,25.2,86,19.1,13.9,5.9
BBSR-09,Bhubaneswar Zone 09,20.255,85.858,2024-07-26,28.6,32.2,25.7,82,21.6,18.03,8.0
BBSR-09,Bhubaneswar Zone 09,20.255,85.858,2024-07-27,28.9,32.7,25.7,83,16.0,18.66,2.3
BBSR-09,Bhubaneswar Zone 09,20.255,85.858,2024-07-28,29.1,32.9,25.7,82,10.2,19.92,27.8
BBSR-09,Bhubaneswar Zone 09,20.255,85.858,2024-07-29,28.4,32.1,25.8,89,12.6,14.25,17.0
BBSR-09,Bhubaneswar Zone 09,20.255,85.858,2024-07-30,28.3,32.3,26.2,88,13.8,17.95,20.6
BBSR-09,Bhubaneswar Zone 09,20.255,85.858,2024-07-31,28.1,31.9,26.1,90,15.0,14.22,25.4
BBSR-09,Bhubaneswar Zone 09,20.255,85.858,2024-08-01,27.4,29.7,26.1,92,18.9,6.57,23.3
BBSR-09,Bhubaneswar Zone 09,20.255,85.858,2024-08-02,28.1,30.5,26.8,84,22.9,12.34,1.4
BBSR-09,Bhubaneswar Zone 09,20.255,85.858,2024-08-03,28.7,31.6,26.5,82,21.7,16.19,2.4
BBSR-09,Bhubaneswar Zone 09,20.255,85.858,2024-08-04,29.1,31.9,26.8,83,20.9,12.56,1.1
BBSR-09,Bhubaneswar Zone 09,20.255,85.858,2024-08-05,28.1,31.9,26.2,87,17.8,15.0,22.4
BBSR-09,Bhubaneswar Zone 09,20.255,85.858,2024-08-06,27.2,30.5,26.0,90,15.9,13.88,27.6
BBSR-09,Bhubaneswar Zone 09,20.255,85.858,2024-08-07,27.0,30.7,25.1,89,15.0,13.64,13.7
BBSR-09,Bhubaneswar Zone 09,20.255,85.858,2024-08-08,27.7,31.3,24.3,86,14.7,17.25,14.1
BBSR-09,Bhubaneswar Zone 09,20.255,85.858,2024-08-09,27.9,31.4,25.2,87,15.9,14.93,27.2
BBSR-09,Bhubaneswar Zone 09,20.255,85.858,2024-08-10,28.1,32.1,25.2,86,14.3,19.12,31.7
BBSR-09,Bhubaneswar Zone 09,20.255,85.858,2024-08-11,28.3,32.3,24.8,86,16.2,19.77,18.6
BBSR-09,Bhubaneswar Zone 09,20.255,85.858,2024-08-12,28.7,32.3,25.4,85,14.2,21.04,11.9
BBSR-09,Bhubaneswar Zone 09,20.255,85.858,2024-08-13,28.8,32.6,26.2,88,13.4,17.3,30.8
BBSR-09,Bhubaneswar Zone 09,20.255,85.858,2024-08-14,28.1,31.3,26.5,89,13.9,13.24,25.0
BBSR-09,Bhubaneswar Zone 09,20.255,85.858,2024-08-15,27.9,31.4,25.5,88,15.1,14.09,34.7
BBSR-09,Bhubaneswar Zone 09,20.255,85.858,2024-08-16,27.2,30.4,25.4,89,13.3,10.3,22.6
BBSR-09,Bhubaneswar Zone 09,20.255,85.858,2024-08-17,27.1,31.2,25.1,90,16.1,12.32,21.3
BBSR-09,Bhubaneswar Zone 09,20.255,85.858,2024-08-18,27.6,31.8,24.9,87,14.6,18.23,24.6
BBSR-09,Bhubaneswar Zone 09,20.255,85.858,2024-08-19,27.7,32.2,25.1,87,18.2,18.1,3.5
BBSR-09,Bhubaneswar Zone 09,20.255,85.858,2024-08-20,28.3,32.4,25.8,86,15.0,16.92,20.7
BBSR-09,Bhubaneswar Zone 09,20.255,85.858,2024-08-21,27.9,31.2,25.9,87,18.1,13.78,15.4
BBSR-09,Bhubaneswar Zone 09,20.255,85.858,2024-08-22,27.8,30.3,26.3,87,17.7,13.06,1.5
BBSR-09,Bhubaneswar Zone 09,20.255,85.858,2024-08-23,26.5,27.9,25.9,93,14.6,5.8,30.5
BBSR-09,Bhubaneswar Zone 09,20.255,85.858,2024-08-24,26.6,29.1,24.9,92,19.2,7.91,15.2
BBSR-09,Bhubaneswar Zone 09,20.255,85.858,2024-08-25,27.5,31.3,25.4,88,15.6,14.07,17.2
BBSR-09,Bhubaneswar Zone 09,20.255,85.858,2024-08-26,27.1,30.2,24.8,87,10.4,11.68,11.4
BBSR-09,Bhubaneswar Zone 09,20.255,85.858,2024-08-27,27.8,31.4,25.4,87,10.7,16.08,22.2
BBSR-09,Bhubaneswar Zone 09,20.255,85.858,2024-08-28,26.8,30.8,25.0,90,7.6,12.68,21.9
BBSR-09,Bhubaneswar Zone 09,20.255,85.858,2024-08-29,27.4,31.2,24.8,86,15.6,18.86,2.9
BBSR-09,Bhubaneswar Zone 09,20.255,85.858,2024-08-30,28.0,31.4,25.1,83,21.7,19.97,1.9
BBSR-09,Bhubaneswar Zone 09,20.255,85.858,2024-08-31,27.9,30.7,25.3,85,24.4,17.91,5.2
BBSR-09,Bhubaneswar Zone 09,20.255,85.858,2024-09-01,27.8,31.2,25.7,85,20.8,16.05,4.3
BBSR-09,Bhubaneswar Zone 09,20.255,85.858,2024-09-02,27.3,29.9,25.0,87,14.4,14.93,13.4
BBSR-09,Bhubaneswar Zone 09,20.255,85.858,2024-09-03,27.9,30.7,24.9,83,17.7,17.71,1.1
BBSR-09,Bhubaneswar Zone 09,20.255,85.858,2024-09-04,28.0,31.1,24.8,84,15.6,19.65,0.7
BBSR-09,Bhubaneswar Zone 09,20.255,85.858,2024-09-05,27.8,30.9,24.7,87,11.4,17.25,8.7
BBSR-09,Bhubaneswar Zone 09,20.255,85.858,2024-09-06,28.3,31.9,25.6,86,13.8,18.67,9.8
BBSR-09,Bhubaneswar Zone 09,20.255,85.858,2024-09-07,27.4,31.0,25.3,87,25.0,16.79,16.7
BBSR-09,Bhubaneswar Zone 09,20.255,85.858,2024-09-08,27.5,30.8,25.5,87,23.7,14.8,12.7
BBSR-09,Bhubaneswar Zone 09,20.255,85.858,2024-09-09,28.0,30.6,25.8,87,23.8,14.66,6.3
BBSR-09,Bhubaneswar Zone 09,20.255,85.858,2024-09-10,29.1,32.7,26.1,83,20.3,19.29,0.9
BBSR-09,Bhubaneswar Zone 09,20.255,85.858,2024-09-11,29.3,32.2,26.7,84,16.6,18.4,1.8
BBSR-09,Bhubaneswar Zone 09,20.255,85.858,2024-09-12,29.1,32.1,26.9,83,12.7,12.21,0.0
BBSR-09,Bhubaneswar Zone 09,20.255,85.858,2024-09-13,28.8,32.0,26.6,82,18.1,13.37,16.6
BBSR-09,Bhubaneswar Zone 09,20.255,85.858,2024-09-14,27.5,29.4,26.3,87,24.8,8.06,24.2
BBSR-09,Bhubaneswar Zone 09,20.255,85.858,2024-09-15,27.0,29.5,25.5,83,28.2,8.64,4.5
BBSR-09,Bhubaneswar Zone 09,20.255,85.858,2024-09-16,27.4,31.5,25.3,83,20.9,14.01,8.5
BBSR-09,Bhubaneswar Zone 09,20.255,85.858,2024-09-17,27.7,32.0,24.9,87,15.3,19.36,21.2
BBSR-09,Bhubaneswar Zone 09,20.255,85.858,2024-09-18,27.6,31.2,25.0,89,8.7,15.6,4.7
BBSR-09,Bhubaneswar Zone 09,20.255,85.858,2024-09-19,28.7,33.0,24.6,80,10.7,21.97,0.2
BBSR-09,Bhubaneswar Zone 09,20.255,85.858,2024-09-20,28.3,32.8,25.3,86,14.0,20.24,5.9
BBSR-09,Bhubaneswar Zone 09,20.255,85.858,2024-09-21,28.7,33.4,25.7,83,14.1,21.36,1.2
BBSR-09,Bhubaneswar Zone 09,20.255,85.858,2024-09-22,27.9,31.6,25.9,87,12.2,15.62,15.4
BBSR-09,Bhubaneswar Zone 09,20.255,85.858,2024-09-23,27.4,31.7,25.4,91,16.9,14.26,18.5
BBSR-09,Bhubaneswar Zone 09,20.255,85.858,2024-09-24,26.9,29.2,24.9,92,14.2,9.98,26.2
BBSR-09,Bhubaneswar Zone 09,20.255,85.858,2024-09-25,26.8,29.0,25.1,92,15.0,9.3,31.8
BBSR-09,Bhubaneswar Zone 09,20.255,85.858,2024-09-26,26.3,28.1,24.7,92,23.6,8.52,15.6
BBSR-09,Bhubaneswar Zone 09,20.255,85.858,2024-09-27,27.2,29.6,25.0,87,22.9,14.5,9.8
BBSR-09,Bhubaneswar Zone 09,20.255,85.858,2024-09-28,28.6,31.8,25.8,84,20.7,20.23,0.6
BBSR-09,Bhubaneswar Zone 09,20.255,85.858,2024-09-29,28.8,32.3,26.1,85,12.9,19.65,5.1
BBSR-09,Bhubaneswar Zone 09,20.255,85.858,2024-09-30,29.0,34.1,26.2,85,14.5,19.88,2.8
BBSR-09,Bhubaneswar Zone 09,20.255,85.858,2024-10-01,29.9,34.6,25.7,80,13.5,20.91,0.1
BBSR-09,Bhubaneswar Zone 09,20.255,85.858,2024-10-02,28.4,31.2,25.0,86,15.4,12.07,8.8
BBSR-09,Bhubaneswar Zone 09,20.255,85.858,2024-10-03,28.9,32.9,26.2,82,20.5,18.66,0.1
BBSR-09,Bhubaneswar Zone 09,20.255,85.858,2024-10-04,29.3,33.8,25.1,76,13.2,20.78,0.0
BBSR-09,Bhubaneswar Zone 09,20.255,85.858,2024-10-05,27.4,32.3,24.8,86,19.0,14.24,2.1
BBSR-09,Bhubaneswar Zone 09,20.255,85.858,2024-10-06,26.8,31.9,24.1,89,14.6,19.17,11.3
BBSR-09,Bhubaneswar Zone 09,20.255,85.858,2024-10-07,26.6,30.6,24.7,92,15.7,13.15,11.6
BBSR-09,Bhubaneswar Zone 09,20.255,85.858,2024-10-08,26.9,30.3,25.0,91,14.7,14.38,6.0
BBSR-09,Bhubaneswar Zone 09,20.255,85.858,2024-10-09,27.5,31.8,24.2,84,11.8,19.44,0.1
BBSR-09,Bhubaneswar Zone 09,20.255,85.858,2024-10-10,27.5,31.6,23.5,83,12.8,19.81,0.1
BBSR-09,Bhubaneswar Zone 09,20.255,85.858,2024-10-11,28.1,32.1,24.2,81,10.9,19.82,0.3
BBSR-09,Bhubaneswar Zone 09,20.255,85.858,2024-10-12,28.1,32.0,24.6,81,11.6,19.02,1.1
BBSR-09,Bhubaneswar Zone 09,20.255,85.858,2024-10-13,28.0,32.3,24.4,83,11.4,19.09,0.6
BBSR-09,Bhubaneswar Zone 09,20.255,85.858,2024-10-14,28.2,32.7,24.5,81,9.9,19.61,0.3
BBSR-09,Bhubaneswar Zone 09,20.255,85.858,2024-10-15,27.7,32.2,24.1,84,9.1,18.66,1.8
BBSR-09,Bhubaneswar Zone 09,20.255,85.858,2024-10-16,27.7,32.0,24.4,84,10.9,18.15,1.4
BBSR-09,Bhubaneswar Zone 09,20.255,85.858,2024-10-17,27.7,32.6,24.9,85,12.7,16.96,3.2
BBSR-09,Bhubaneswar Zone 09,20.255,85.858,2024-10-18,28.1,32.1,24.6,84,11.3,17.4,1.4
BBSR-09,Bhubaneswar Zone 09,20.255,85.858,2024-10-19,27.3,32.0,24.6,86,10.7,17.21,45.9
BBSR-09,Bhubaneswar Zone 09,20.255,85.858,2024-10-20,26.4,30.5,24.2,90,10.7,13.24,3.3
BBSR-09,Bhubaneswar Zone 09,20.255,85.858,2024-10-21,27.4,31.7,24.4,78,13.9,18.44,0.2
BBSR-09,Bhubaneswar Zone 09,20.255,85.858,2024-10-22,27.3,31.6,23.3,74,14.8,20.19,0.0
BBSR-09,Bhubaneswar Zone 09,20.255,85.858,2024-10-23,27.1,31.5,23.4,75,21.6,16.9,11.1
BBSR-09,Bhubaneswar Zone 09,20.255,85.858,2024-10-24,25.1,26.6,24.3,88,34.1,3.59,54.3
BBSR-09,Bhubaneswar Zone 09,20.255,85.858,2024-10-25,25.4,27.4,24.0,86,31.3,5.14,7.3
BBSR-09,Bhubaneswar Zone 09,20.255,85.858,2024-10-26,24.6,26.1,23.2,91,14.7,5.72,28.8
BBSR-09,Bhubaneswar Zone 09,20.255,85.858,2024-10-27,25.7,29.6,22.4,91,9.8,14.44,2.7
BBSR-09,Bhubaneswar Zone 09,20.255,85.858,2024-10-28,25.8,29.0,24.0,92,12.6,12.22,6.8
BBSR-09,Bhubaneswar Zone 09,20.255,85.858,2024-10-29,26.2,29.6,23.5,90,11.8,13.59,0.8
BBSR-09,Bhubaneswar Zone 09,20.255,85.858,2024-10-30,26.9,30.4,23.8,85,8.6,15.6,2.4
BBSR-09,Bhubaneswar Zone 09,20.255,85.858,2024-10-31,27.0,31.8,22.5,82,10.0,18.67,0.0
BBSR-09,Bhubaneswar Zone 09,20.255,85.858,2024-11-01,25.9,29.1,23.6,90,17.1,9.25,34.2
BBSR-09,Bhubaneswar Zone 09,20.255,85.858,2024-11-02,26.2,31.6,22.3,82,10.0,18.61,0.0
BBSR-09,Bhubaneswar Zone 09,20.255,85.858,2024-11-03,25.8,31.2,21.0,75,9.9,18.94,0.0
BBSR-09,Bhubaneswar Zone 09,20.255,85.858,2024-11-04,25.5,30.6,21.4,78,8.0,18.47,0.0
BBSR-09,Bhubaneswar Zone 09,20.255,85.858,2024-11-05,24.8,29.4,21.4,86,12.5,15.52,3.8
BBSR-09,Bhubaneswar Zone 09,20.255,85.858,2024-11-06,25.4,29.0,22.5,84,18.4,16.13,1.0
BBSR-09,Bhubaneswar Zone 09,20.255,85.858,2024-11-07,25.6,30.3,22.2,82,10.5,17.39,0.1
BBSR-09,Bhubaneswar Zone 09,20.255,85.858,2024-11-08,25.6,30.3,22.2,81,12.4,17.44,0.0
BBSR-09,Bhubaneswar Zone 09,20.255,85.858,2024-11-09,25.3,30.1,22.1,79,11.5,17.95,0.0
BBSR-09,Bhubaneswar Zone 09,20.255,85.858,2024-11-10,24.9,29.9,21.6,78,16.5,18.31,0.0
BBSR-09,Bhubaneswar Zone 09,20.255,85.858,2024-11-11,24.9,28.7,21.8,77,14.7,8.7,0.2
BBSR-09,Bhubaneswar Zone 09,20.255,85.858,2024-11-12,25.0,29.2,22.8,85,15.9,14.32,1.3
BBSR-09,Bhubaneswar Zone 09,20.255,85.858,2024-11-13,26.0,31.2,22.3,74,13.7,16.6,0.0
BBSR-09,Bhubaneswar Zone 09,20.255,85.858,2024-11-14,25.9,30.9,22.3,67,12.9,17.51,0.0
BBSR-09,Bhubaneswar Zone 09,20.255,85.858,2024-11-15,25.1,30.2,20.6,67,8.0,17.69,0.0
BBSR-09,Bhubaneswar Zone 09,20.255,85.858,2024-11-16,23.9,29.4,19.0,62,11.9,18.05,0.0
BBSR-09,Bhubaneswar Zone 09,20.255,85.858,2024-11-17,23.6,29.5,18.4,62,10.6,17.92,0.0
BBSR-09,Bhubaneswar Zone 09,20.255,85.858,2024-11-18,23.8,29.6,18.7,57,9.3,17.8,0.0
BBSR-09,Bhubaneswar Zone 09,20.255,85.858,2024-11-19,23.6,29.4,18.1,56,9.8,17.69,0.0
BBSR-09,Bhubaneswar Zone 09,20.255,85.858,2024-11-20,23.3,29.2,18.1,59,8.9,16.57,0.0
BBSR-09,Bhubaneswar Zone 09,20.255,85.858,2024-11-21,23.3,29.3,17.9,62,9.0,17.36,0.0
BBSR-09,Bhubaneswar Zone 09,20.255,85.858,2024-11-22,23.2,28.9,18.2,66,8.9,17.31,0.0
BBSR-09,Bhubaneswar Zone 09,20.255,85.858,2024-11-23,23.3,28.9,18.0,68,10.2,17.13,0.0
BBSR-09,Bhubaneswar Zone 09,20.255,85.858,2024-11-24,22.9,28.7,18.5,69,7.1,16.75,0.0
BBSR-09,Bhubaneswar Zone 09,20.255,85.858,2024-11-25,22.2,28.2,17.8,69,11.3,15.78,0.0
BBSR-09,Bhubaneswar Zone 09,20.255,85.858,2024-11-26,22.1,28.0,17.6,68,10.1,16.69,0.0
BBSR-09,Bhubaneswar Zone 09,20.255,85.858,2024-11-27,21.9,27.7,17.9,67,14.4,15.81,0.0
BBSR-09,Bhubaneswar Zone 09,20.255,85.858,2024-11-28,23.0,28.0,18.3,64,19.1,14.34,0.0
BBSR-09,Bhubaneswar Zone 09,20.255,85.858,2024-11-29,23.0,26.1,20.8,73,21.5,7.53,5.3
BBSR-09,Bhubaneswar Zone 09,20.255,85.858,2024-11-30,23.5,27.6,20.8,78,17.7,10.56,1.6
BBSR-09,Bhubaneswar Zone 09,20.255,85.858,2024-12-01,24.1,29.3,20.7,73,14.7,13.96,0.5
BBSR-09,Bhubaneswar Zone 09,20.255,85.858,2024-12-02,24.1,28.4,21.3,76,13.4,11.84,0.2
BBSR-09,Bhubaneswar Zone 09,20.255,85.858,2024-12-03,24.1,28.6,20.7,74,11.8,12.21,0.0
BBSR-09,Bhubaneswar Zone 09,20.255,85.858,2024-12-04,24.7,29.9,20.9,74,10.2,15.38,0.0
BBSR-09,Bhubaneswar Zone 09,20.255,85.858,2024-12-05,24.5,30.1,20.1,75,10.1,15.57,0.0
BBSR-09,Bhubaneswar Zone 09,20.255,85.858,2024-12-06,24.9,30.1,21.0,78,11.0,14.85,0.1
BBSR-09,Bhubaneswar Zone 09,20.255,85.858,2024-12-07,24.1,29.0,20.1,83,9.9,13.45,0.3
BBSR-09,Bhubaneswar Zone 09,20.255,85.858,2024-12-08,23.1,26.8,20.7,87,9.8,8.08,3.6
BBSR-09,Bhubaneswar Zone 09,20.255,85.858,2024-12-09,23.9,28.7,20.8,84,11.9,11.61,3.9
BBSR-09,Bhubaneswar Zone 09,20.255,85.858,2024-12-10,23.7,28.3,20.9,83,10.3,12.56,1.2
BBSR-09,Bhubaneswar Zone 09,20.255,85.858,2024-12-11,21.8,26.9,18.2,69,14.5,15.37,0.0
BBSR-09,Bhubaneswar Zone 09,20.255,85.858,2024-12-12,20.3,25.7,16.1,68,11.3,16.16,0.0
BBSR-09,Bhubaneswar Zone 09,20.255,85.858,2024-12-13,20.1,25.9,15.9,67,12.0,16.05,0.0
BBSR-09,Bhubaneswar Zone 09,20.255,85.858,2024-12-14,19.7,25.9,15.3,62,14.4,16.21,0.0
BBSR-09,Bhubaneswar Zone 09,20.255,85.858,2024-12-15,18.9,24.9,14.2,58,12.9,16.42,0.0
BBSR-09,Bhubaneswar Zone 09,20.255,85.858,2024-12-16,18.8,25.6,13.6,61,13.2,16.44,0.0
BBSR-09,Bhubaneswar Zone 09,20.255,85.858,2024-12-17,20.9,27.6,15.2,65,11.2,14.08,0.0
BBSR-09,Bhubaneswar Zone 09,20.255,85.858,2024-12-18,22.8,28.6,17.7,66,12.6,12.74,0.0
BBSR-09,Bhubaneswar Zone 09,20.255,85.858,2024-12-19,23.4,27.4,19.8,61,15.7,9.31,0.0
BBSR-09,Bhubaneswar Zone 09,20.255,85.858,2024-12-20,21.3,24.9,18.0,76,13.9,6.74,8.8
BBSR-09,Bhubaneswar Zone 09,20.255,85.858,2024-12-21,19.4,21.2,18.2,94,15.4,3.44,61.8
BBSR-09,Bhubaneswar Zone 09,20.255,85.858,2024-12-22,21.2,26.0,16.9,80,12.6,12.67,0.0
BBSR-09,Bhubaneswar Zone 09,20.255,85.858,2024-12-23,22.0,25.4,18.5,70,14.4,7.42,0.0
BBSR-09,Bhubaneswar Zone 09,20.255,85.858,2024-12-24,21.4,24.7,19.3,75,12.3,5.22,1.6
BBSR-09,Bhubaneswar Zone 09,20.255,85.858,2024-12-25,20.6,24.3,18.4,88,11.2,6.54,10.6
BBSR-09,Bhubaneswar Zone 09,20.255,85.858,2024-12-26,22.3,27.3,18.6,77,10.5,12.7,0.3
BBSR-09,Bhubaneswar Zone 09,20.255,85.858,2024-12-27,22.6,28.5,19.2,65,13.7,15.47,0.0
BBSR-09,Bhubaneswar Zone 09,20.255,85.858,2024-12-28,21.9,28.4,16.9,68,7.4,15.63,0.0
BBSR-09,Bhubaneswar Zone 09,20.255,85.858,2024-12-29,22.8,28.9,17.5,75,8.7,15.3,0.0
BBSR-09,Bhubaneswar Zone 09,20.255,85.858,2024-12-30,23.0,28.6,19.0,78,9.5,14.88,0.0
BBSR-09,Bhubaneswar Zone 09,20.255,85.858,2024-12-31,21.4,26.8,17.7,78,12.3,14.99,0.0
BBSR-09,Bhubaneswar Zone 09,20.255,85.858,2025-01-01,19.8,24.7,16.1,78,10.3,16.02,0.0
BBSR-09,Bhubaneswar Zone 09,20.255,85.858,2025-01-02,19.0,24.6,14.8,72,12.5,16.2,0.0
BBSR-09,Bhubaneswar Zone 09,20.255,85.858,2025-01-03,18.7,24.7,14.6,75,10.5,16.25,0.0
BBSR-09,Bhubaneswar Zone 09,20.255,85.858,2025-01-04,18.8,24.8,14.1,75,9.9,16.34,0.0
BBSR-09,Bhubaneswar Zone 09,20.255,85.858,2025-01-05,19.7,26.0,14.6,79,9.0,16.1,0.0
BBSR-09,Bhubaneswar Zone 09,20.255,85.858,2025-01-06,20.5,26.9,15.0,76,8.9,15.67,0.0
BBSR-09,Bhubaneswar Zone 09,20.255,85.858,2025-01-07,21.3,27.4,16.5,72,10.6,16.39,0.0
BBSR-09,Bhubaneswar Zone 09,20.255,85.858,2025-01-08,20.4,26.3,16.1,70,11.5,16.61,0.0
BBSR-09,Bhubaneswar Zone 09,20.255,85.858,2025-01-09,19.3,25.5,15.4,76,10.3,16.56,0.0
BBSR-09,Bhubaneswar Zone 09,20.255,85.858,2025-01-10,18.7,25.0,13.8,79,10.9,16.54,0.0
BBSR-09,Bhubaneswar Zone 09,20.255,85.858,2025-01-11,18.9,25.8,13.9,76,11.5,16.71,0.0
BBSR-09,Bhubaneswar Zone 09,20.255,85.858,2025-01-12,19.4,25.9,14.7,74,8.1,16.63,0.0
BBSR-09,Bhubaneswar Zone 09,20.255,85.858,2025-01-13,20.3,27.5,13.8,75,5.6,16.42,0.0
BBSR-09,Bhubaneswar Zone 09,20.255,85.858,2025-01-14,21.5,28.2,16.9,78,13.5,15.93,0.0
BBSR-09,Bhubaneswar Zone 09,20.255,85.858,2025-01-15,21.2,26.8,17.1,72,13.0,15.97,0.0
BBSR-09,Bhubaneswar Zone 09,20.255,85.858,2025-01-16,20.0,25.5,15.9,69,12.9,17.07,0.0
BBSR-09,Bhubaneswar Zone 09,20.255,85.858,2025-01-17,19.7,25.9,15.1,66,13.6,17.46,0.0
BBSR-09,Bhubaneswar Zone 09,20.255,85.858,2025-01-18,20.2,26.3,15.3,69,12.1,17.19,0.0
BBSR-09,Bhubaneswar Zone 09,20.255,85.858,2025-01-19,20.7,27.5,15.3,71,8.8,17.47,0.0
BBSR-09,Bhubaneswar Zone 09,20.255,85.858,2025-01-20,20.9,27.9,15.5,72,10.0,17.6,0.0
BBSR-09,Bhubaneswar Zone 09,20.255,85.858,2025-01-21,21.5,29.1,15.0,68,7.7,17.79,0.0
BBSR-09,Bhubaneswar Zone 09,20.255,85.858,2025-01-22,22.3,29.9,15.8,73,10.2,17.74,0.0
BBSR-09,Bhubaneswar Zone 09,20.255,85.858,2025-01-23,23.5,30.6,18.7,79,13.2,17.01,0.0
BBSR-09,Bhubaneswar Zone 09,20.255,85.858,2025-01-24,23.4,29.9,19.6,81,14.5,16.29,0.0
BBSR-09,Bhubaneswar Zone 09,20.255,85.858,2025-01-25,23.6,29.7,19.4,79,10.2,16.21,0.0
BBSR-09,Bhubaneswar Zone 09,20.255,85.858,2025-01-26,23.2,28.5,19.5,81,10.9,14.14,0.5
BBSR-09,Bhubaneswar Zone 09,20.255,85.858,2025-01-27,22.7,28.5,18.8,79,10.1,16.06,0.0
BBSR-09,Bhubaneswar Zone 09,20.255,85.858,2025-01-28,23.6,29.9,19.2,80,16.3,16.4,0.0
BBSR-09,Bhubaneswar Zone 09,20.255,85.858,2025-01-29,24.2,30.0,19.7,79,16.1,15.45,0.1
BBSR-09,Bhubaneswar Zone 09,20.255,85.858,2025-01-30,24.2,30.6,19.9,79,18.8,15.44,0.0
BBSR-09,Bhubaneswar Zone 09,20.255,85.858,2025-01-31,25.6,32.6,21.1,78,15.1,16.97,0.0
BBSR-09,Bhubaneswar Zone 09,20.255,85.858,2025-02-01,26.1,33.4,22.0,78,12.7,17.58,0.0
BBSR-09,Bhubaneswar Zone 09,20.255,85.858,2025-02-02,26.7,33.7,22.4,72,12.9,18.01,0.0
BBSR-09,Bhubaneswar Zone 09,20.255,85.858,2025-02-03,26.0,33.0,20.3,75,13.3,18.05,0.0
BBSR-09,Bhubaneswar Zone 09,20.255,85.858,2025-02-04,26.4,32.0,22.7,80,13.3,17.61,0.0
BBSR-09,Bhubaneswar Zone 09,20.255,85.858,2025-02-05,27.3,33.7,23.8,76,14.8,17.5,0.0
BBSR-09,Bhubaneswar Zone 09,20.255,85.858,2025-02-06,26.8,32.9,21.8,69,12.3,17.56,0.0
BBSR-09,Bhubaneswar Zone 09,20.255,85.858,2025-02-07,25.3,31.2,20.8,68,13.3,17.82,0.0
BBSR-09,Bhubaneswar Zone 09,20.255,85.858,2025-02-08,24.6,31.0,20.1,72,13.9,18.64,0.0
BBSR-09,Bhubaneswar Zone 09,20.255,85.858,2025-02-09,24.5,30.9,19.2,71,10.0,18.88,0.0
BBSR-09,Bhubaneswar Zone 09,20.255,85.858,2025-02-10,25.4,32.5,20.2,74,17.3,19.4,0.0
BBSR-09,Bhubaneswar Zone 09,20.255,85.858,2025-02-11,26.4,33.9,21.5,72,14.3,19.0,0.0
BBSR-09,Bhubaneswar Zone 09,20.255,85.858,2025-02-12,27.5,34.9,22.4,69,15.6,18.77,0.0
BBSR-09,Bhubaneswar Zone 09,20.255,85.858,2025-02-13,27.3,33.8,22.2,60,13.3,20.02,0.0
BBSR-09,Bhubaneswar Zone 09,20.255,85.858,2025-02-14,25.6,32.2,20.6,58,13.7,20.39,0.0
BBSR-09,Bhubaneswar Zone 09,20.255,85.858,2025-02-15,25.1,32.3,19.6,61,11.2,20.49,0.0
BBSR-09,Bhubaneswar Zone 09,20.255,85.858,2025-02-16,26.0,33.9,20.2,65,15.2,20.57,0.0
BBSR-09,Bhubaneswar Zone 09,20.255,85.858,2025-02-17,26.6,33.7,22.2,71,16.4,19.88,0.0
BBSR-09,Bhubaneswar Zone 09,20.255,85.858,2025-02-18,26.7,33.4,22.2,74,16.6,18.71,0.0
BBSR-09,Bhubaneswar Zone 09,20.255,85.858,2025-02-19,26.9,33.6,23.1,75,14.6,18.86,0.3
BBSR-09,Bhubaneswar Zone 09,20.255,85.858,2025-02-20,26.8,32.8,22.9,71,17.8,18.58,1.1
BBSR-09,Bhubaneswar Zone 09,20.255,85.858,2025-02-21,26.2,33.9,21.1,74,16.9,19.03,0.1
BBSR-09,Bhubaneswar Zone 09,20.255,85.858,2025-02-22,26.5,32.7,22.2,77,13.6,18.09,1.1
BBSR-09,Bhubaneswar Zone 09,20.255,85.858,2025-02-23,25.6,32.0,20.8,76,15.0,19.19,0.1
BBSR-09,Bhubaneswar Zone 09,20.255,85.858,2025-02-24,25.9,31.5,22.1,77,13.5,18.59,0.2
BBSR-09,Bhubaneswar Zone 09,20.255,85.858,2025-02-25,25.7,31.8,20.0,76,12.9,18.87,1.1
BBSR-09,Bhubaneswar Zone 09,20.255,85.858,2025-02-26,25.6,31.0,20.8,74,13.2,18.89,0.2
BBSR-09,Bhubaneswar Zone 09,20.255,85.858,2025-02-27,26.0,32.6,20.4,71,16.6,19.89,0.0
BBSR-09,Bhubaneswar Zone 09,20.255,85.858,2025-02-28,26.5,33.6,20.7,72,14.8,20.83,0.0
BBSR-09,Bhubaneswar Zone 09,20.255,85.858,2025-03-01,27.3,35.1,22.6,67,15.9,21.45,0.0
BBSR-09,Bhubaneswar Zone 09,20.255,85.858,2025-03-02,28.2,37.0,22.2,67,16.5,21.04,0.0
BBSR-09,Bhubaneswar Zone 09,20.255,85.858,2025-03-03,28.6,36.4,22.7,67,13.0,20.66,0.0
BBSR-09,Bhubaneswar Zone 09,20.255,85.858,2025-03-04,28.6,35.8,24.4,64,14.9,21.27,0.0
BBSR-09,Bhubaneswar Zone 09,20.255,85.858,2025-03-05,28.6,34.7,23.7,57,10.9,21.25,0.0
BBSR-09,Bhubaneswar Zone 09,20.255,85.858,2025-03-06,25.9,32.5,21.1,34,14.1,23.01,0.0
BBSR-09,Bhubaneswar Zone 09,20.255,85.858,2025-03-07,25.6,33.4,18.8,57,15.1,22.9,0.0
BBSR-09,Bhubaneswar Zone 09,20.255,85.858,2025-03-08,27.1,35.3,21.3,68,15.7,22.49,0.0
BBSR-09,Bhubaneswar Zone 09,20.255,85.858,2025-03-09,27.2,34.5,22.3,72,19.8,21.12,0.0
BBSR-09,Bhubaneswar Zone 09,20.255,85.858,2025-03-10,26.7,34.4,20.8,68,14.6,21.31,0.0
BBSR-09,Bhubaneswar Zone 09,20.255,85.858,2025-03-11,27.5,35.4,21.8,60,20.0,22.56,0.0
BBSR-09,Bhubaneswar Zone 09,20.255,85.858,2025-03-12,28.4,37.1,21.8,60,18.0,22.52,0.0
BBSR-09,Bhubaneswar Zone 09,20.255,85.858,2025-03-13,30.0,39.2,23.8,60,17.7,22.24,0.0
BBSR-09,Bhubaneswar Zone 09,20.255,85.858,2025-03-14,30.2,38.1,25.3,69,18.9,21.42,0.0
BBSR-09,Bhubaneswar Zone 09,20.255,85.858,2025-03-15,30.4,40.2,25.0,67,19.1,21.7,0.0
BBSR-09,Bhubaneswar Zone 09,20.255,85.858,2025-03-16,30.4,39.3,24.7,61,20.8,21.92,0.0
BBSR-09,Bhubaneswar Zone 09,20.255,85.858,2025-03-17,30.5,38.2,24.7,57,18.6,21.64,0.0
BBSR-09,Bhubaneswar Zone 09,20.255,85.858,2025-03-18,29.7,36.1,24.6,64,15.2,22.15,0.0
BBSR-09,Bhubaneswar Zone 09,20.255,85.858,2025-03-19,29.1,35.3,24.8,75,16.3,21.29,0.6
BBSR-09,Bhubaneswar Zone 09,20.255,85.858,2025-03-20,29.1,36.4,24.7,67,19.3,22.91,0.0
BBSR-09,Bhubaneswar Zone 09,20.255,85.858,2025-03-21,28.2,34.5,24.1,71,23.9,22.39,0.3
BBSR-09,Bhubaneswar Zone 09,20.255,85.858,2025-03-22,23.8,26.5,21.5,86,14.7,9.55,7.9
BBSR-09,Bhubaneswar Zone 09,20.255,85.858,2025-03-23,25.0,31.8,20.7,78,19.7,19.19,46.9
BBSR-09,Bhubaneswar Zone 09,20.255,85.858,2025-03-24,25.8,33.3,20.1,77,16.4,21.45,2.2
BBSR-09,Bhubaneswar Zone 09,20.255,85.858,2025-03-25,27.4,34.4,21.9,71,14.3,22.97,0.0
BBSR-09,Bhubaneswar Zone 09,20.255,85.858,2025-03-26,28.6,36.4,23.2,72,17.2,23.33,0.0
BBSR-09,Bhubaneswar Zone 09,20.255,85.858,2025-03-27,29.5,37.8,24.2,68,16.2,24.2,0.0
BBSR-09,Bhubaneswar Zone 09,20.255,85.858,2025-03-28,30.2,39.2,23.2,64,15.5,24.32,0.0
BBSR-09,Bhubaneswar Zone 09,20.255,85.858,2025-03-29,30.2,38.4,24.3,73,15.7,22.96,0.0
BBSR-09,Bhubaneswar Zone 09,20.255,85.858,2025-03-30,29.6,36.1,25.8,80,17.4,22.62,0.0
BBSR-09,Bhubaneswar Zone 09,20.255,85.858,2025-03-31,29.4,35.5,25.7,76,18.4,23.72,0.0
BBSR-09,Bhubaneswar Zone 09,20.255,85.858,2025-04-01,29.2,34.9,25.5,72,17.0,23.9,0.0
BBSR-09,Bhubaneswar Zone 09,20.255,85.858,2025-04-02,28.8,34.4,25.0,72,16.0,23.78,0.1
BBSR-09,Bhubaneswar Zone 09,20.255,85.858,2025-04-03,28.6,35.6,23.7,72,16.1,24.34,0.0
BBSR-09,Bhubaneswar Zone 09,20.255,85.858,2025-04-04,29.2,35.9,23.6,70,11.5,20.26,0.1
BBSR-09,Bhubaneswar Zone 09,20.255,85.858,2025-04-05,30.4,38.3,23.9,62,18.9,23.03,0.0
BBSR-09,Bhubaneswar Zone 09,20.255,85.858,2025-04-06,30.7,38.6,25.1,68,19.2,23.36,0.0
BBSR-09,Bhubaneswar Zone 09,20.255,85.858,2025-04-07,29.9,36.8,25.7,72,18.2,22.14,0.0
BBSR-09,Bhubaneswar Zone 09,20.255,85.858,2025-04-08,29.2,35.1,25.3,71,17.7,21.68,0.1
BBSR-09,Bhubaneswar Zone 09,20.255,85.858,2025-04-09,28.4,33.9,23.9,71,19.0,22.1,0.8
BBSR-09,Bhubaneswar Zone 09,20.255,85.858,2025-04-10,28.7,33.9,24.1,70,15.3,21.57,1.1
BBSR-09,Bhubaneswar Zone 09,20.255,85.858,2025-04-11,29.1,35.7,23.5,69,16.3,23.67,0.0
BBSR-09,Bhubaneswar Zone 09,20.255,85.858,2025-04-12,29.4,37.1,25.6,76,16.8,21.48,3.2
BBSR-09,Bhubaneswar Zone 09,20.255,85.858,2025-04-13,30.2,38.6,25.3,70,17.5,22.68,0.1
BBSR-09,Bhubaneswar Zone 09,20.255,85.858,2025-04-14,29.4,34.9,25.6,73,14.1,21.68,1.5
BBSR-09,Bhubaneswar Zone 09,20.255,85.858,2025-04-15,28.0,33.5,23.7,77,16.3,20.55,6.6
BBSR-09,Bhubaneswar Zone 09,20.255,85.858,2025-04-16,28.3,34.7,23.1,76,20.6,22.41,0.0
BBSR-09,Bhubaneswar Zone 09,20.255,85.858,2025-04-17,29.9,34.9,26.2,72,19.4,22.03,1.6
BBSR-09,Bhubaneswar Zone 09,20.255,85.858,2025-04-18,30.3,35.7,27.4,73,22.5,21.69,0.4
BBSR-09,Bhubaneswar Zone 09,20.255,85.858,2025-04-19,30.9,36.9,27.2,72,18.5,24.3,0.0
BBSR-09,Bhubaneswar Zone 09,20.255,85.858,2025-04-20,32.0,38.9,27.9,74,19.2,23.88,0.4
BBSR-09,Bhubaneswar Zone 09,20.255,85.858,2025-04-21,31.6,37.1,27.8,75,19.5,24.29,0.0
BBSR-09,Bhubaneswar Zone 09,20.255,85.858,2025-04-22,31.6,38.2,27.1,74,20.3,24.89,0.0
BBSR-09,Bhubaneswar Zone 09,20.255,85.858,2025-04-23,32.1,39.6,27.2,71,20.8,24.26,0.0
BBSR-09,Bhubaneswar Zone 09,20.255,85.858,2025-04-24,32.0,38.3,27.9,72,24.3,24.38,0.0
BBSR-09,Bhubaneswar Zone 09,20.255,85.858,2025-04-25,31.6,37.0,28.1,72,20.0,24.94,0.0
BBSR-09,Bhubaneswar Zone 09,20.255,85.858,2025-04-26,30.9,36.1,27.7,72,23.3,23.39,0.0
BBSR-09,Bhubaneswar Zone 09,20.255,85.858,2025-04-27,30.8,36.7,27.3,66,21.4,20.34,0.0
BBSR-09,Bhubaneswar Zone 09,20.255,85.858,2025-04-28,29.1,35.7,23.8,75,14.5,21.93,9.9
BBSR-09,Bhubaneswar Zone 09,20.255,85.858,2025-04-29,28.2,33.6,23.4,78,14.7,21.5,2.3
BBSR-09,Bhubaneswar Zone 09,20.255,85.858,2025-04-30,28.2,32.9,22.7,75,13.4,22.98,0.1
BBSR-09,Bhubaneswar Zone 09,20.255,85.858,2025-05-01,28.0,33.6,21.2,75,14.3,23.31,8.8
BBSR-09,Bhubaneswar Zone 09,20.255,85.858,2025-05-02,27.2,33.2,21.2,74,16.9,24.65,0.2
BBSR-09,Bhubaneswar Zone 09,20.255,85.858,2025-05-03,28.6,34.5,24.3,76,13.5,22.92,8.7
BBSR-09,Bhubaneswar Zone 09,20.255,85.858,2025-05-04,28.1,34.0,23.3,76,17.8,25.05,0.0
BBSR-09,Bhubaneswar Zone 09,20.255,85.858,2025-05-05,29.6,35.2,25.4,75,16.2,23.57,0.0
BBSR-09,Bhubaneswar Zone 09,20.255,85.858,2025-05-06,30.2,36.2,26.4,77,16.2,23.1,1.0
BBSR-09,Bhubaneswar Zone 09,20.255,85.858,2025-05-07,30.5,36.5,26.6,76,15.8,23.43,0.3
BBSR-09,Bhubaneswar Zone 09,20.255,85.858,2025-05-08,30.8,36.6,26.6,74,15.7,23.66,0.0
BBSR-09,Bhubaneswar Zone 09,20.255,85.858,2025-05-09,31.1,37.3,26.3,72,14.2,24.2,0.0
BBSR-09,Bhubaneswar Zone 09,20.255,85.858,2025-05-10,31.3,38.1,26.4,68,15.0,25.26,0.0
BBSR-09,Bhubaneswar Zone 09,20.255,85.858,2025-05-11,31.5,38.8,26.2,67,16.4,25.22,0.0
BBSR-09,Bhubaneswar Zone 09,20.255,85.858,2025-05-12,32.0,39.2,27.2,73,15.3,24.01,0.1
BBSR-09,Bhubaneswar Zone 09,20.255,85.858,2025-05-13,31.5,37.0,28.1,76,16.9,23.1,0.0
BBSR-09,Bhubaneswar Zone 09,20.255,85.858,2025-05-14,31.7,36.6,28.4,76,18.5,22.28,0.3
BBSR-09,Bhubaneswar Zone 09,20.255,85.858,2025-05-15,31.7,36.9,28.1,75,16.4,22.99,0.1
BBSR-09,Bhubaneswar Zone 09,20.255,85.858,2025-05-16,31.5,37.0,28.4,76,15.6,22.61,2.0
BBSR-09,Bhubaneswar Zone 09,20.255,85.858,2025-05-17,30.8,36.1,27.9,76,20.0,22.53,0.6
BBSR-09,Bhubaneswar Zone 09,20.255,85.858,2025-05-18,30.1,33.6,26.7,76,18.1,19.42,2.0
BBSR-09,Bhubaneswar Zone 09,20.255,85.858,2025-05-19,30.6,34.8,27.0,74,14.2,21.99,2.6
BBSR-09,Bhubaneswar Zone 09,20.255,85.858,2025-05-20,30.3,34.0,27.4,76,23.1,22.21,0.4
BBSR-09,Bhubaneswar Zone 09,20.255,85.858,2025-05-21,29.8,33.4,26.6,78,17.1,14.8,3.8
BBSR-09,Bhubaneswar Zone 09,20.255,85.858,2025-05-22,28.9,33.2,26.0,83,10.1,16.39,4.9
BBSR-09,Bhubaneswar Zone 09,20.255,85.858,2025-05-23,28.9,33.3,25.8,82,10.1,20.1,4.9
BBSR-09,Bhubaneswar Zone 09,20.255,85.858,2025-05-24,27.7,32.0,25.3,88,11.4,15.56,23.9
BBSR-09,Bhubaneswar Zone 09,20.255,85.858,2025-05-25,27.6,32.5,25.9,90,12.8,11.73,18.1
BBSR-09,Bhubaneswar Zone 09,20.255,85.858,2025-05-26,28.5,33.0,25.3,85,12.8,19.9,14.9
BBSR-09,Bhubaneswar Zone 09,20.255,85.858,2025-05-27,28.0,31.5,26.2,88,19.2,10.55,8.4
BBSR-09,Bhubaneswar Zone 09,20.255,85.858,2025-05-28,27.5,32.0,25.4,90,20.5,11.62,47.6
BBSR-09,Bhubaneswar Zone 09,20.255,85.858,2025-05-29,28.9,32.6,25.9,83,20.3,10.55,21.8
BBSR-09,Bhubaneswar Zone 09,20.255,85.858,2025-05-30,30.4,35.7,25.8,80,15.1,19.94,0.5
BBSR-09,Bhubaneswar Zone 09,20.255,85.858,2025-05-31,30.2,34.0,27.8,82,13.3,19.13,3.8
BBSR-09,Bhubaneswar Zone 09,20.255,85.858,2025-06-01,31.8,37.0,27.5,72,13.5,21.76,0.0
BBSR-09,Bhubaneswar Zone 09,20.255,85.858,2025-06-02,32.1,37.8,27.7,60,19.4,24.53,0.0
BBSR-09,Bhubaneswar Zone 09,20.255,85.858,2025-06-03,31.2,35.6,26.2,71,16.9,21.55,2.8
BBSR-09,Bhubaneswar Zone 09,20.255,85.858,2025-06-04,31.5,36.8,27.6,73,12.4,24.16,0.2
BBSR-09,Bhubaneswar Zone 09,20.255,85.858,2025-06-05,29.9,35.0,25.0,77,13.5,22.6,4.3
BBSR-09,Bhubaneswar Zone 09,20.255,85.858,2025-06-06,30.3,35.3,27.4,80,12.4,22.74,3.5
BBSR-09,Bhubaneswar Zone 09,20.255,85.858,2025-06-07,30.5,36.1,26.2,75,9.3,24.04,0.0
BBSR-09,Bhubaneswar Zone 09,20.255,85.858,2025-06-08,30.6,35.4,27.1,77,9.1,17.14,0.0
BBSR-09,Bhubaneswar Zone 09,20.255,85.858,2025-06-09,30.0,36.3,27.0,85,9.9,19.63,10.1
BBSR-09,Bhubaneswar Zone 09,20.255,85.858,2025-06-10,29.0,33.3,25.8,83,12.6,22.07,7.4
BBSR-09,Bhubaneswar Zone 09,20.255,85.858,2025-06-11,29.1,32.3,26.5,81,16.1,21.33,3.2
BBSR-09,Bhubaneswar Zone 09,20.255,85.858,2025-06-12,28.5,31.4,26.6,84,14.9,15.6,10.9
BBSR-09,Bhubaneswar Zone 09,20.255,85.858,2025-06-13,29.4,32.9,26.8,82,10.6,19.63,2.1
BBSR-09,Bhubaneswar Zone 09,20.255,85.858,2025-06-14,30.2,33.9,27.1,79,17.1,22.42,0.8
BBSR-09,Bhubaneswar Zone 09,20.255,85.858,2025-06-15,28.8,31.9,26.3,86,13.9,15.4,7.1
BBSR-09,Bhubaneswar Zone 09,20.255,85.858,2025-06-16,27.1,28.6,25.8,94,9.9,6.5,18.9
BBSR-09,Bhubaneswar Zone 09,20.255,85.858,2025-06-17,28.1,30.9,26.6,88,15.7,11.28,10.4
BBSR-09,Bhubaneswar Zone 09,20.255,85.858,2025-06-18,27.7,30.2,25.5,88,19.7,8.94,11.9
BBSR-09,Bhubaneswar Zone 09,20.255,85.858,2025-06-19,28.4,30.8,26.4,82,20.9,9.66,1.3
BBSR-09,Bhubaneswar Zone 09,20.255,85.858,2025-06-20,29.7,32.8,27.1,80,16.2,14.65,0.5
BBSR-09,Bhubaneswar Zone 09,20.255,85.858,2025-06-21,30.7,35.0,27.7,76,12.5,21.64,1.0
BBSR-09,Bhubaneswar Zone 09,20.255,85.858,2025-06-22,29.8,34.1,26.9,80,11.1,17.68,3.5
BBSR-09,Bhubaneswar Zone 09,20.255,85.858,2025-06-23,27.7,30.0,26.3,87,10.4,9.85,19.3
BBSR-09,Bhubaneswar Zone 09,20.255,85.858,2025-06-24,28.2,32.0,26.3,85,15.1,17.84,18.0
BBSR-09,Bhubaneswar Zone 09,20.255,85.858,2025-06-25,27.2,29.1,25.6,92,14.0,9.87,31.3
BBSR-09,Bhubaneswar Zone 09,20.255,85.858,2025-06-26,27.6,32.0,25.2,88,17.8,15.4,18.4
BBSR-09,Bhubaneswar Zone 09,20.255,85.858,2025-06-27,27.8,30.6,25.4,89,17.0,8.99,21.0
BBSR-09,Bhubaneswar Zone 09,20.255,85.858,2025-06-28,28.1,30.1,26.7,84,18.4,10.93,7.5
BBSR-09,Bhubaneswar Zone 09,20.255,85.858,2025-06-29,27.6,30.2,25.3,79,19.9,10.4,5.7
BBSR-09,Bhubaneswar Zone 09,20.255,85.858,2025-06-30,27.0,29.7,25.5,85,17.9,12.62,13.2
BBSR-09,Bhubaneswar Zone 09,20.255,85.858,2025-07-01,26.9,30.7,24.7,89,18.1,14.19,29.0
BBSR-09,Bhubaneswar Zone 09,20.255,85.858,2025-07-02,27.2,31.0,25.5,90,12.7,15.36,13.0
BBSR-09,Bhubaneswar Zone 09,20.255,85.858,2025-07-03,27.5,32.2,24.7,88,15.3,16.04,17.6
BBSR-09,Bhubaneswar Zone 09,20.255,85.858,2025-07-04,27.3,29.7,25.7,91,15.3,12.05,17.1
BBSR-09,Bhubaneswar Zone 09,20.255,85.858,2025-07-05,27.0,29.5,25.6,91,16.6,8.85,16.5
BBSR-09,Bhubaneswar Zone 09,20.255,85.858,2025-07-06,27.0,32.1,25.2,89,18.1,15.89,24.7
BBSR-09,Bhubaneswar Zone 09,20.255,85.858,2025-07-07,27.4,31.4,25.4,87,18.0,12.54,10.3
BBSR-09,Bhubaneswar Zone 09,20.255,85.858,2025-07-08,27.8,31.6,25.9,80,17.1,15.12,4.9
BBSR-09,Bhubaneswar Zone 09,20.255,85.858,2025-07-09,28.1,31.2,25.5,77,19.5,16.19,0.6
BBSR-09,Bhubaneswar Zone 09,20.255,85.858,2025-07-10,28.5,32.1,25.8,80,14.5,20.13,5.6
BBSR-09,Bhubaneswar Zone 09,20.255,85.858,2025-07-11,28.5,32.2,25.9,86,12.4,19.28,9.0
BBSR-09,Bhubaneswar Zone 09,20.255,85.858,2025-07-12,29.5,33.8,26.8,82,14.6,19.38,11.4
BBSR-09,Bhubaneswar Zone 09,20.255,85.858,2025-07-13,28.4,32.3,26.2,86,12.6,13.14,21.7
BBSR-09,Bhubaneswar Zone 09,20.255,85.858,2025-07-14,27.4,30.3,26.1,92,14.8,9.91,21.3
BBSR-09,Bhubaneswar Zone 09,20.255,85.858,2025-07-15,29.0,33.3,25.2,84,15.5,20.03,9.5
BBSR-09,Bhubaneswar Zone 09,20.255,85.858,2025-07-16,28.7,30.8,27.2,90,13.5,14.49,16.4
BBSR-09,Bhubaneswar Zone 09,20.255,85.858,2025-07-17,29.1,32.2,26.7,85,17.6,21.29,5.8
BBSR-09,Bhubaneswar Zone 09,20.255,85.858,2025-07-18,29.3,32.3,26.4,84,10.6,20.21,3.1
BBSR-09,Bhubaneswar Zone 09,20.255,85.858,2025-07-19,29.3,33.1,26.9,86,11.2,22.82,10.6
BBSR-09,Bhubaneswar Zone 09,20.255,85.858,2025-07-20,28.8,33.1,26.5,86,9.9,22.02,3.0
BBSR-09,Bhubaneswar Zone 09,20.255,85.858,2025-07-21,28.7,32.3,25.9,85,12.4,20.95,5.2
BBSR-09,Bhubaneswar Zone 09,20.255,85.858,2025-07-22,28.9,32.5,25.9,85,13.1,20.91,1.8
BBSR-09,Bhubaneswar Zone 09,20.255,85.858,2025-07-23,28.6,32.9,26.1,87,11.2,20.62,10.4
BBSR-09,Bhubaneswar Zone 09,20.255,85.858,2025-07-24,27.9,32.1,26.0,87,20.9,12.83,16.1
BBSR-09,Bhubaneswar Zone 09,20.255,85.858,2025-07-25,26.6,27.6,25.2,95,16.0,3.68,26.3
BBSR-09,Bhubaneswar Zone 09,20.255,85.858,2025-07-26,28.6,32.2,26.0,83,23.9,19.61,3.7
BBSR-09,Bhubaneswar Zone 09,20.255,85.858,2025-07-27,29.3,33.3,26.5,81,17.2,22.25,0.8
BBSR-09,Bhubaneswar Zone 09,20.255,85.858,2025-07-28,29.1,31.9,26.7,80,17.5,16.59,0.1
BBSR-09,Bhubaneswar Zone 09,20.255,85.858,2025-07-29,27.3,29.2,26.1,89,19.0,9.51,16.3
BBSR-09,Bhubaneswar Zone 09,20.255,85.858,2025-07-30,27.8,31.6,25.3,87,16.5,14.5,10.3
BBSR-09,Bhubaneswar Zone 09,20.255,85.858,2025-07-31,28.7,32.8,26.2,84,13.9,16.55,1.4
BBSR-09,Bhubaneswar Zone 09,20.255,85.858,2025-08-01,29.7,33.4,26.4,78,17.6,22.22,1.0
BBSR-09,Bhubaneswar Zone 09,20.255,85.858,2025-08-02,29.8,34.1,25.8,79,14.5,23.52,6.1
BBSR-09,Bhubaneswar Zone 09,20.255,85.858,2025-08-03,28.6,31.1,25.9,87,16.6,15.81,15.3
BBSR-09,Bhubaneswar Zone 09,20.255,85.858,2025-08-04,29.6,32.7,26.8,83,15.3,18.49,1.1
BBSR-09,Bhubaneswar Zone 09,20.255,85.858,2025-08-05,29.6,33.1,27.3,83,13.7,21.53,4.2
BBSR-09,Bhubaneswar Zone 09,20.255,85.858,2025-08-06,28.8,33.7,26.4,86,15.4,15.97,6.8
BBSR-09,Bhubaneswar Zone 09,20.255,85.858,2025-08-07,28.4,31.9,26.4,87,12.4,15.54,19.3
BBSR-09,Bhubaneswar Zone 09,20.255,85.858,2025-08-08,27.0,30.0,24.9,88,19.2,10.1,10.5
BBSR-09,Bhubaneswar Zone 09,20.255,85.858,2025-08-09,27.9,32.0,24.4,87,13.5,18.83,4.9
BBSR-09,Bhubaneswar Zone 09,20.255,85.858,2025-08-10,28.8,32.5,25.6,83,16.1,23.38,5.7
BBSR-09,Bhubaneswar Zone 09,20.255,85.858,2025-08-11,28.8,33.0,25.9,86,9.9,21.77,5.8
BBSR-09,Bhubaneswar Zone 09,20.255,85.858,2025-08-12,29.1,33.1,25.8,83,11.5,21.71,9.2
BBSR-09,Bhubaneswar Zone 09,20.255,85.858,2025-08-13,28.4,32.1,26.1,83,15.5,20.05,11.0
BBSR-09,Bhubaneswar Zone 09,20.255,85.858,2025-08-14,27.7,30.7,25.0,85,13.1,15.81,4.6
BBSR-09,Bhubaneswar Zone 09,20.255,85.858,2025-08-15,27.9,32.0,25.4,86,13.6,17.96,4.7
BBSR-09,Bhubaneswar Zone 09,20.255,85.858,2025-08-16,28.0,31.8,25.2,84,18.6,20.72,6.4
BBSR-09,Bhubaneswar Zone 09,20.255,85.858,2025-08-17,27.5,30.7,25.4,86,22.2,17.73,24.2
BBSR-09,Bhubaneswar Zone 09,20.255,85.858,2025-08-18,27.0,30.2,24.9,87,25.1,16.36,7.8
BBSR-09,Bhubaneswar Zone 09,20.255,85.858,2025-08-19,27.5,29.8,25.4,87,17.3,14.49,6.6
BBSR-09,Bhubaneswar Zone 09,20.255,85.858,2025-08-20,28.4,31.6,25.3,84,16.7,17.4,1.1
BBSR-09,Bhubaneswar Zone 09,20.255,85.858,2025-08-21,27.6,29.4,26.0,89,16.7,10.43,6.1
BBSR-09,Bhubaneswar Zone 09,20.255,85.858,2025-08-22,26.4,28.0,25.2,94,16.7,6.0,38.0
BBSR-09,Bhubaneswar Zone 09,20.255,85.858,2025-08-23,27.5,30.4,25.3,87,20.0,12.91,15.8
BBSR-09,Bhubaneswar Zone 09,20.255,85.858,2025-08-24,27.4,29.2,25.9,84,17.2,12.5,0.9
BBSR-09,Bhubaneswar Zone 09,20.255,85.858,2025-08-25,26.4,29.2,25.3,92,9.6,9.23,22.4
BBSR-09,Bhubaneswar Zone 09,20.255,85.858,2025-08-26,27.4,31.7,24.6,86,15.3,21.77,20.7
BBSR-09,Bhubaneswar Zone 09,20.255,85.858,2025-08-27,26.8,29.9,24.8,89,15.4,12.96,24.7
BBSR-09,Bhubaneswar Zone 09,20.255,85.858,2025-08-28,27.6,30.7,24.6,85,20.3,19.62,11.9
BBSR-09,Bhubaneswar Zone 09,20.255,85.858,2025-08-29,28.3,30.8,25.8,82,20.6,16.62,3.6
BBSR-09,Bhubaneswar Zone 09,20.255,85.858,2025-08-30,27.7,29.6,25.9,87,15.2,13.62,12.6
BBSR-09,Bhubaneswar Zone 09,20.255,85.858,2025-08-31,27.1,31.7,25.2,91,9.0,17.82,9.9
BBSR-09,Bhubaneswar Zone 09,20.255,85.858,2025-09-01,27.9,31.9,25.0,88,12.9,19.32,1.3
BBSR-09,Bhubaneswar Zone 09,20.255,85.858,2025-09-02,26.4,29.8,24.4,92,10.0,10.24,30.7
BBSR-09,Bhubaneswar Zone 09,20.255,85.858,2025-09-03,25.5,26.4,24.8,96,17.5,4.0,80.7
BBSR-09,Bhubaneswar Zone 09,20.255,85.858,2025-09-04,27.4,30.9,25.2,91,8.4,15.49,8.9
BBSR-09,Bhubaneswar Zone 09,20.255,85.858,2025-09-05,27.6,30.1,25.2,90,11.0,12.97,12.4
BBSR-09,Bhubaneswar Zone 09,20.255,85.858,2025-09-06,27.1,30.4,25.1,92,8.3,13.13,9.8
BBSR-09,Bhubaneswar Zone 09,20.255,85.858,2025-09-07,27.5,31.8,24.8,88,14.6,20.9,5.5
BBSR-09,Bhubaneswar Zone 09,20.255,85.858,2025-09-08,28.0,31.9,24.8,87,13.2,20.85,3.8
BBSR-09,Bhubaneswar Zone 09,20.255,85.858,2025-09-09,28.5,32.1,24.8,86,12.0,21.36,1.3
BBSR-09,Bhubaneswar Zone 09,20.255,85.858,2025-09-10,28.7,33.2,25.6,86,14.1,20.72,6.7
BBSR-09,Bhubaneswar Zone 09,20.255,85.858,2025-09-11,28.2,30.9,25.7,89,14.8,18.23,5.6
BBSR-09,Bhubaneswar Zone 09,20.255,85.858,2025-09-12,27.5,31.5,25.3,88,16.3,18.41,4.9
BBSR-09,Bhubaneswar Zone 09,20.255,85.858,2025-09-13,27.6,30.6,25.5,88,13.1,15.16,13.5
BBSR-09,Bhubaneswar Zone 09,20.255,85.858,2025-09-14,27.7,30.7,25.7,87,12.9,14.36,10.0
BBSR-09,Bhubaneswar Zone 09,20.255,85.858,2025-09-15,27.7,31.1,25.4,87,13.5,14.76,7.5
BBSR-09,Bhubaneswar Zone 09,20.255,85.858,2025-09-16,26.9,29.9,25.3,91,14.7,11.83,17.3
BBSR-09,Bhubaneswar Zone 09,20.255,85.858,2025-09-17,28.3,32.4,25.9,83,14.8,19.51,5.6
BBSR-09,Bhubaneswar Zone 09,20.255,85.858,2025-09-18,29.0,33.2,25.7,80,11.8,21.88,0.3
BBSR-09,Bhubaneswar Zone 09,20.255,85.858,2025-09-19,29.3,33.4,26.2,83,10.2,20.26,0.5
BBSR-09,Bhubaneswar Zone 09,20.255,85.858,2025-09-20,28.6,33.3,25.8,86,10.7,16.44,8.1
BBSR-09,Bhubaneswar Zone 09,20.255,85.858,2025-09-21,27.9,33.3,25.7,88,13.5,17.95,9.7
BBSR-09,Bhubaneswar Zone 09,20.255,85.858,2025-09-22,27.6,32.7,25.1,89,15.4,16.64,7.4
BBSR-09,Bhubaneswar Zone 09,20.255,85.858,2025-09-23,26.6,30.0,25.3,92,15.4,12.53,22.6
BBSR-09,Bhubaneswar Zone 09,20.255,85.858,2025-09-24,26.9,30.4,24.7,89,7.6,14.16,5.8
BBSR-09,Bhubaneswar Zone 09,20.255,85.858,2025-09-25,27.3,32.0,25.0,90,15.9,18.77,12.4
BBSR-09,Bhubaneswar Zone 09,20.255,85.858,2025-09-26,26.1,27.5,25.0,94,17.5,6.84,21.5
BBSR-09,Bhubaneswar Zone 09,20.255,85.858,2025-09-27,26.8,29.5,25.0,90,18.1,12.58,8.4
BBSR-09,Bhubaneswar Zone 09,20.255,85.858,2025-09-28,27.1,30.2,24.8,89,17.2,14.49,8.9
BBSR-09,Bhubaneswar Zone 09,20.255,85.858,2025-09-29,27.1,31.9,24.9,89,14.4,16.94,8.1
BBSR-09,Bhubaneswar Zone 09,20.255,85.858,2025-09-30,28.3,32.4,24.9,85,8.6,20.65,0.7
BBSR-09,Bhubaneswar Zone 09,20.255,85.858,2025-10-01,28.2,33.4,25.4,84,19.9,19.62,2.9
BBSR-09,Bhubaneswar Zone 09,20.255,85.858,2025-10-02,26.5,29.9,24.6,90,26.8,9.81,41.1
BBSR-09,Bhubaneswar Zone 09,20.255,85.858,2025-10-03,28.5,31.2,26.0,83,25.2,17.24,2.7
BBSR-09,Bhubaneswar Zone 09,20.255,85.858,2025-10-04,28.1,31.8,25.0,87,18.6,17.28,4.2
BBSR-09,Bhubaneswar Zone 09,20.255,85.858,2025-10-05,26.8,29.1,25.0,92,14.5,13.89,8.9
BBSR-09,Bhubaneswar Zone 09,20.255,85.858,2025-10-06,26.4,31.0,24.3,89,10.8,14.82,17.6
BBSR-09,Bhubaneswar Zone 09,20.255,85.858,2025-10-07,26.9,31.1,25.1,91,10.0,14.54,4.1
BBSR-09,Bhubaneswar Zone 09,20.255,85.858,2025-10-08,26.4,30.0,24.6,91,7.4,13.67,5.1
BBSR-09,Bhubaneswar Zone 09,20.255,85.858,2025-10-09,26.9,31.4,24.9,89,10.2,17.22,11.4
BBSR-09,Bhubaneswar Zone 09,20.255,85.858,2025-10-10,26.9,31.6,24.9,87,10.8,18.41,3.5
BBSR-09,Bhubaneswar Zone 09,20.255,85.858,2025-10-11,27.1,30.7,24.8,85,13.2,18.29,1.4
BBSR-09,Bhubaneswar Zone 09,20.255,85.858,2025-10-12,27.2,31.0,24.3,81,17.4,18.66,0.8
BBSR-09,Bhubaneswar Zone 09,20.255,85.858,2025-10-13,26.2,30.9,24.1,86,15.7,15.39,7.1
BBSR-09,Bhubaneswar Zone 09,20.255,85.858,2025-10-14,27.4,31.7,24.2,77,12.4,19.81,0.2
BBSR-09,Bhubaneswar Zone 09,20.255,85.858,2025-10-15,27.4,31.8,24.1,75,13.2,20.94,0.0
BBSR-09,Bhubaneswar Zone 09,20.255,85.858,2025-10-16,27.3,31.8,24.0,77,8.9,20.28,0.0
BBSR-09,Bhubaneswar Zone 09,20.255,85.858,2025-10-17,27.0,31.5,22.9,74,11.5,20.69,0.0
BBSR-09,Bhubaneswar Zone 09,20.255,85.858,2025-10-18,26.8,31.5,23.9,80,12.6,18.93,1.5
BBSR-09,Bhubaneswar Zone 09,20.255,85.858,2025-10-19,26.4,29.9,24.0,87,16.8,15.83,6.7
BBSR-09,Bhubaneswar Zone 09,20.255,85.858,2025-10-20,26.7,31.2,24.9,88,12.1,15.17,6.3
BBSR-09,Bhubaneswar Zone 09,20.255,85.858,2025-10-21,27.7,32.0,24.4,80,19.4,18.4,1.1
BBSR-09,Bhubaneswar Zone 09,20.255,85.858,2025-10-22,27.8,31.9,24.5,78,17.1,17.99,0.5
BBSR-09,Bhubaneswar Zone 09,20.255,85.858,2025-10-23,27.7,32.2,24.5,80,12.7,18.13,0.8
BBSR-09,Bhubaneswar Zone 09,20.255,85.858,2025-10-24,27.3,32.5,24.4,81,12.7,18.43,0.1
BBSR-09,Bhubaneswar Zone 09,20.255,85.858,2025-10-25,26.8,31.9,23.9,85,14.8,16.96,2.6
BBSR-09,Bhubaneswar Zone 09,20.255,85.858,2025-10-26,27.8,32.1,24.7,79,12.5,17.86,0.1
BBSR-09,Bhubaneswar Zone 09,20.255,85.858,2025-10-27,27.2,31.0,24.7,82,16.2,16.64,8.7
BBSR-09,Bhubaneswar Zone 09,20.255,85.858,2025-10-28,25.7,29.7,23.6,90,21.5,11.47,20.7
BBSR-09,Bhubaneswar Zone 09,20.255,85.858,2025-10-29,26.0,28.7,24.4,91,19.6,12.37,19.1
BBSR-09,Bhubaneswar Zone 09,20.255,85.858,2025-10-30,26.4,29.7,24.3,88,17.5,14.77,6.5
BBSR-09,Bhubaneswar Zone 09,20.255,85.858,2025-10-31,27.8,31.5,24.9,82,14.8,17.34,0.3
BBSR-09,Bhubaneswar Zone 09,20.255,85.858,2025-11-01,27.7,31.9,25.5,85,13.2,16.02,10.0
BBSR-09,Bhubaneswar Zone 09,20.255,85.858,2025-11-02,27.5,31.1,24.4,84,11.3,16.37,0.5
BBSR-09,Bhubaneswar Zone 09,20.255,85.858,2025-11-03,26.6,30.7,23.4,78,9.0,17.04,0.2
BBSR-09,Bhubaneswar Zone 09,20.255,85.858,2025-11-04,25.7,30.9,21.4,65,12.8,17.11,0.0
BBSR-09,Bhubaneswar Zone 09,20.255,85.858,2025-11-05,24.8,30.7,20.0,64,10.1,19.16,0.0
BBSR-09,Bhubaneswar Zone 09,20.255,85.858,2025-11-06,25.8,31.7,21.3,67,8.2,18.69,0.0
BBSR-09,Bhubaneswar Zone 09,20.255,85.858,2025-11-07,26.0,31.2,21.7,70,13.3,18.48,0.0
BBSR-09,Bhubaneswar Zone 09,20.255,85.858,2025-11-08,25.2,30.3,21.3,66,13.5,18.66,0.0
BBSR-09,Bhubaneswar Zone 09,20.255,85.858,2025-11-09,23.8,29.4,19.5,65,8.8,18.75,0.0
BBSR-09,Bhubaneswar Zone 09,20.255,85.858,2025-11-10,23.7,29.3,18.8,61,11.1,18.78,0.0
BBSR-09,Bhubaneswar Zone 09,20.255,85.858,2025-11-11,23.8,29.7,18.7,60,9.0,18.61,0.0
BBSR-09,Bhubaneswar Zone 09,20.255,85.858,2025-11-12,23.1,28.6,18.2,59,10.5,18.6,0.0
BBSR-09,Bhubaneswar Zone 09,20.255,85.858,2025-11-13,22.9,28.5,17.6,59,11.3,18.58,0.0
BBSR-09,Bhubaneswar Zone 09,20.255,85.858,2025-11-14,22.9,28.5,17.9,60,11.0,18.43,0.0
BBSR-09,Bhubaneswar Zone 09,20.255,85.858,2025-11-15,22.4,28.1,18.1,59,14.8,18.4,0.0
BBSR-09,Bhubaneswar Zone 09,20.255,85.858,2025-11-16,22.1,28.1,17.6,56,14.7,18.42,0.0
BBSR-09,Bhubaneswar Zone 09,20.255,85.858,2025-11-17,22.0,27.6,17.5,58,13.1,18.22,0.0
BBSR-09,Bhubaneswar Zone 09,20.255,85.858,2025-11-18,22.6,28.2,17.6,61,10.1,17.96,0.0
BBSR-09,Bhubaneswar Zone 09,20.255,85.858,2025-11-19,23.6,29.7,18.0,63,9.7,17.43,0.0
BBSR-09,Bhubaneswar Zone 09,20.255,85.858,2025-11-20,25.5,30.3,22.0,60,13.7,16.58,0.0
BBSR-09,Bhubaneswar Zone 09,20.255,85.858,2025-11-21,25.3,30.8,20.7,67,13.0,17.01,0.0
BBSR-09,Bhubaneswar Zone 09,20.255,85.858,2025-11-22,25.2,30.9,20.3,73,9.6,16.24,0.0
BBSR-09,Bhubaneswar Zone 09,20.255,85.858,2025-11-23,25.2,30.7,20.9,74,8.3,15.29,0.0
BBSR-09,Bhubaneswar Zone 09,20.255,85.858,2025-11-24,24.1,29.0,20.5,71,11.4,16.24,0.0
BBSR-09,Bhubaneswar Zone 09,20.255,85.858,2025-11-25,22.9,28.0,19.3,67,13.5,16.73,0.0
BBSR-09,Bhubaneswar Zone 09,20.255,85.858,2025-11-26,21.8,27.2,18.0,63,15.8,16.89,0.0
BBSR-09,Bhubaneswar Zone 09,20.255,85.858,2025-11-27,21.3,26.7,16.6,59,13.9,17.13,0.0
BBSR-09,Bhubaneswar Zone 09,20.255,85.858,2025-11-28,22.2,28.2,17.1,67,11.2,16.09,0.0
BBSR-09,Bhubaneswar Zone 09,20.255,85.858,2025-11-29,23.3,29.0,18.7,68,10.0,15.49,0.0
BBSR-09,Bhubaneswar Zone 09,20.255,85.858,2025-11-30,23.2,28.3,19.2,65,10.5,15.62,0.0
BBSR-09,Bhubaneswar Zone 09,20.255,85.858,2025-12-01,22.1,25.7,18.4,66,11.1,7.17,0.1
BBSR-09,Bhubaneswar Zone 09,20.255,85.858,2025-12-02,23.7,28.4,20.3,69,10.9,12.89,0.0
BBSR-09,Bhubaneswar Zone 09,20.255,85.858,2025-12-03,23.3,28.3,18.9,69,10.3,14.82,0.0
BBSR-09,Bhubaneswar Zone 09,20.255,85.858,2025-12-04,22.5,27.7,18.4,64,14.3,16.16,0.0
BBSR-09,Bhubaneswar Zone 09,20.255,85.858,2025-12-05,21.7,27.2,17.3,58,15.7,16.41,0.0
BBSR-09,Bhubaneswar Zone 09,20.255,85.858,2025-12-06,20.8,26.7,16.3,58,11.7,16.33,0.0
BBSR-09,Bhubaneswar Zone 09,20.255,85.858,2025-12-07,20.7,26.6,15.9,57,10.1,16.13,0.0
BBSR-09,Bhubaneswar Zone 09,20.255,85.858,2025-12-08,21.0,27.0,15.5,60,8.7,15.94,0.0
BBSR-09,Bhubaneswar Zone 09,20.255,85.858,2025-12-09,21.2,27.1,16.1,62,11.5,15.81,0.0
BBSR-09,Bhubaneswar Zone 09,20.255,85.858,2025-12-10,21.0,26.9,16.2,64,11.7,15.99,0.0
BBSR-09,Bhubaneswar Zone 09,20.255,85.858,2025-12-11,20.7,27.0,15.2,57,8.6,16.4,0.0
BBSR-09,Bhubaneswar Zone 09,20.255,85.858,2025-12-12,20.6,27.0,15.2,62,6.6,16.21,0.0
BBSR-09,Bhubaneswar Zone 09,20.255,85.858,2025-12-13,21.0,26.9,15.7,65,10.2,15.97,0.0
BBSR-09,Bhubaneswar Zone 09,20.255,85.858,2025-12-14,20.9,26.8,16.2,65,10.5,15.88,0.0
BBSR-09,Bhubaneswar Zone 09,20.255,85.858,2025-12-15,21.2,27.4,16.1,68,7.9,15.85,0.0
BBSR-09,Bhubaneswar Zone 09,20.255,85.858,2025-12-16,21.3,27.5,16.1,72,7.2,15.67,0.0
BBSR-09,Bhubaneswar Zone 09,20.255,85.858,2025-12-17,21.1,27.2,16.3,72,8.4,15.84,0.0
BBSR-09,Bhubaneswar Zone 09,20.255,85.858,2025-12-18,21.0,26.7,16.0,65,8.8,15.68,0.0
BBSR-09,Bhubaneswar Zone 09,20.255,85.858,2025-12-19,20.9,26.8,15.8,64,7.1,15.76,0.0
BBSR-09,Bhubaneswar Zone 09,20.255,85.858,2025-12-20,20.9,26.3,16.3,67,8.3,15.43,0.0
BBSR-09,Bhubaneswar Zone 09,20.255,85.858,2025-12-21,20.4,26.4,15.6,67,9.9,15.36,0.0
BBSR-09,Bhubaneswar Zone 09,20.255,85.858,2025-12-22,20.1,25.9,15.4,69,11.5,15.7,0.0
BBSR-09,Bhubaneswar Zone 09,20.255,85.858,2025-12-23,20.4,26.5,15.3,73,8.2,15.67,0.0
BBSR-09,Bhubaneswar Zone 09,20.255,85.858,2025-12-24,20.7,27.4,14.7,76,6.9,14.71,0.0
BBSR-09,Bhubaneswar Zone 09,20.255,85.858,2025-12-25,20.0,25.9,16.1,76,11.8,15.43,0.0
BBSR-09,Bhubaneswar Zone 09,20.255,85.858,2025-12-26,19.3,25.0,15.2,76,10.7,15.79,0.0
BBSR-09,Bhubaneswar Zone 09,20.255,85.858,2025-12-27,19.4,25.5,14.6,74,9.6,15.83,0.0
BBSR-09,Bhubaneswar Zone 09,20.255,85.858,2025-12-28,19.5,25.6,14.4,72,8.6,16.03,0.0
BBSR-09,Bhubaneswar Zone 09,20.255,85.858,2025-12-29,19.3,25.4,14.8,75,9.7,16.06,0.0
BBSR-09,Bhubaneswar Zone 09,20.255,85.858,2025-12-30,18.8,25.3,14.0,79,10.4,16.02,0.0
BBSR-09,Bhubaneswar Zone 09,20.255,85.858,2025-12-31,18.7,24.9,14.6,84,10.2,14.24,0.0
BBSR-10,Bhubaneswar Zone 10,20.283,85.772,2024-01-01,20.6,26.2,15.5,76,9.4,15.91,0.0
BBSR-10,Bhubaneswar Zone 10,20.283,85.772,2024-01-02,20.3,26.5,15.6,81,11.8,15.34,0.0
BBSR-10,Bhubaneswar Zone 10,20.283,85.772,2024-01-03,20.1,26.2,15.4,73,11.2,16.09,0.0
BBSR-10,Bhubaneswar Zone 10,20.283,85.772,2024-01-04,19.8,27.0,13.9,74,11.5,16.18,0.0
BBSR-10,Bhubaneswar Zone 10,20.283,85.772,2024-01-05,20.4,27.5,14.3,73,10.6,16.29,0.0
BBSR-10,Bhubaneswar Zone 10,20.283,85.772,2024-01-06,20.9,27.7,15.2,70,9.4,16.5,0.0
BBSR-10,Bhubaneswar Zone 10,20.283,85.772,2024-01-07,20.8,27.6,14.5,69,13.8,16.16,0.0
BBSR-10,Bhubaneswar Zone 10,20.283,85.772,2024-01-08,21.4,28.0,17.0,72,14.8,16.08,0.0
BBSR-10,Bhubaneswar Zone 10,20.283,85.772,2024-01-09,21.0,27.5,15.7,76,12.0,16.1,0.0
BBSR-10,Bhubaneswar Zone 10,20.283,85.772,2024-01-10,22.4,29.3,16.4,78,13.6,15.22,0.0
BBSR-10,Bhubaneswar Zone 10,20.283,85.772,2024-01-11,23.5,29.2,19.1,78,12.3,15.5,0.0
BBSR-10,Bhubaneswar Zone 10,20.283,85.772,2024-01-12,21.4,26.6,17.6,73,12.8,16.43,0.0
BBSR-10,Bhubaneswar Zone 10,20.283,85.772,2024-01-13,20.2,26.6,14.7,69,15.3,16.83,0.0
BBSR-10,Bhubaneswar Zone 10,20.283,85.772,2024-01-14,21.1,27.8,14.0,76,9.2,16.21,0.0
BBSR-10,Bhubaneswar Zone 10,20.283,85.772,2024-01-15,21.5,28.3,16.1,77,10.0,15.47,0.0
BBSR-10,Bhubaneswar Zone 10,20.283,85.772,2024-01-16,22.0,27.2,17.9,81,13.3,13.9,0.1
BBSR-10,Bhubaneswar Zone 10,20.283,85.772,2024-01-17,21.5,26.0,18.7,88,11.2,10.25,5.4
BBSR-10,Bhubaneswar Zone 10,20.283,85.772,2024-01-18,22.9,27.8,19.1,82,21.1,13.69,0.8
BBSR-10,Bhubaneswar Zone 10,20.283,85.772,2024-01-19,22.1,27.0,18.6,77,13.8,14.51,0.0
BBSR-10,Bhubaneswar Zone 10,20.283,85.772,2024-01-20,21.4,26.8,17.7,79,12.6,13.94,0.0
BBSR-10,Bhubaneswar Zone 10,20.283,85.772,2024-01-21,21.3,26.8,18.0,88,8.4,10.12,4.2
BBSR-10,Bhubaneswar Zone 10,20.283,85.772,2024-01-22,20.3,24.4,15.7,72,15.9,10.51,1.1
BBSR-10,Bhubaneswar Zone 10,20.283,85.772,2024-01-23,21.0,27.4,15.3,66,14.4,14.36,3.8
BBSR-10,Bhubaneswar Zone 10,20.283,85.772,2024-01-24,19.9,23.3,17.4,89,17.1,6.5,22.0
BBSR-10,Bhubaneswar Zone 10,20.283,85.772,2024-01-25,19.5,24.2,15.9,82,14.2,11.2,0.6
BBSR-10,Bhubaneswar Zone 10,20.283,85.772,2024-01-26,19.5,25.2,15.6,76,11.5,17.0,0.0
BBSR-10,Bhubaneswar Zone 10,20.283,85.772,2024-01-27,19.5,25.7,14.1,74,9.2,17.72,0.0
BBSR-10,Bhubaneswar Zone 10,20.283,85.772,2024-01-28,19.8,26.5,14.0,77,11.9,18.04,0.0
BBSR-10,Bhubaneswar Zone 10,20.283,85.772,2024-01-29,20.7,27.4,14.1,78,14.4,17.2,0.0
BBSR-10,Bhubaneswar Zone 10,20.283,85.772,2024-01-30,22.4,28.5,17.2,79,13.3,16.32,0.0
BBSR-10,Bhubaneswar Zone 10,20.283,85.772,2024-01-31,23.1,29.2,19.3,75,15.0,16.2,0.0
BBSR-10,Bhubaneswar Zone 10,20.283,85.772,2024-02-01,23.8,29.7,20.0,78,17.8,17.41,0.0
BBSR-10,Bhubaneswar Zone 10,20.283,85.772,2024-02-02,23.2,29.3,18.7,85,16.5,14.35,1.0
BBSR-10,Bhubaneswar Zone 10,20.283,85.772,2024-02-03,23.5,29.6,19.8,81,10.2,16.78,0.0
BBSR-10,Bhubaneswar Zone 10,20.283,85.772,2024-02-04,24.2,30.2,19.5,77,13.0,17.14,0.0
BBSR-10,Bhubaneswar Zone 10,20.283,85.772,2024-02-05,24.3,30.7,18.6,79,13.8,18.68,0.0
BBSR-10,Bhubaneswar Zone 10,20.283,85.772,2024-02-06,25.9,32.5,22.0,80,18.1,17.88,0.5
BBSR-10,Bhubaneswar Zone 10,20.283,85.772,2024-02-07,24.9,30.2,21.0,81,17.8,14.21,0.0
BBSR-10,Bhubaneswar Zone 10,20.283,85.772,2024-02-08,24.0,29.0,19.9,76,16.8,13.42,0.2
BBSR-10,Bhubaneswar Zone 10,20.283,85.772,2024-02-09,21.7,27.1,17.3,65,15.4,18.78,0.0
BBSR-10,Bhubaneswar Zone 10,20.283,85.772,2024-02-10,21.2,27.7,15.6,64,8.7,19.63,0.0
BBSR-10,Bhubaneswar Zone 10,20.283,85.772,2024-02-11,22.9,29.3,17.7,66,12.8,19.34,0.0
BBSR-10,Bhubaneswar Zone 10,20.283,85.772,2024-02-12,23.4,30.7,17.8,68,14.7,18.94,0.0
BBSR-10,Bhubaneswar Zone 10,20.283,85.772,2024-02-13,23.7,31.3,18.0,72,14.0,19.16,0.0
BBSR-10,Bhubaneswar Zone 10,20.283,85.772,2024-02-14,23.3,31.3,17.6,78,16.2,18.75,0.0
BBSR-10,Bhubaneswar Zone 10,20.283,85.772,2024-02-15,24.4,31.4,18.6,77,14.0,17.47,0.0
BBSR-10,Bhubaneswar Zone 10,20.283,85.772,2024-02-16,24.7,31.8,18.4,67,14.5,19.76,0.0
BBSR-10,Bhubaneswar Zone 10,20.283,85.772,2024-02-17,24.9,31.9,19.6,74,15.0,18.88,0.1
BBSR-10,Bhubaneswar Zone 10,20.283,85.772,2024-02-18,25.9,32.2,20.9,75,16.6,18.05,0.0
BBSR-10,Bhubaneswar Zone 10,20.283,85.772,2024-02-19,26.0,33.0,20.9,74,15.1,18.58,0.0
BBSR-10,Bhubaneswar Zone 10,20.283,85.772,2024-02-20,27.1,34.8,21.5,66,15.6,18.29,0.0
BBSR-10,Bhubaneswar Zone 10,20.283,85.772,2024-02-21,27.5,35.3,21.1,55,20.2,19.0,0.0
BBSR-10,Bhubaneswar Zone 10,20.283,85.772,2024-02-22,27.3,32.4,23.1,66,23.8,18.06,0.6
BBSR-10,Bhubaneswar Zone 10,20.283,85.772,2024-02-23,26.3,31.5,21.9,70,17.4,19.04,0.2
BBSR-10,Bhubaneswar Zone 10,20.283,85.772,2024-02-24,24.0,28.2,21.2,83,14.3,13.28,11.5
BBSR-10,Bhubaneswar Zone 10,20.283,85.772,2024-02-25,24.3,30.8,20.7,80,16.1,16.43,5.5
BBSR-10,Bhubaneswar Zone 10,20.283,85.772,2024-02-26,25.0,31.0,20.3,72,13.0,19.81,0.0
BBSR-10,Bhubaneswar Zone 10,20.283,85.772,2024-02-27,25.2,31.7,19.7,66,16.1,20.64,0.5
BBSR-10,Bhubaneswar Zone 10,20.283,85.772,2024-02-28,26.4,33.1,20.8,68,10.6,20.26,0.0
BBSR-10,Bhubaneswar Zone 10,20.283,85.772,2024-02-29,26.7,33.4,20.8,72,9.7,20.07,0.0
BBSR-10,Bhubaneswar Zone 10,20.283,85.772,2024-03-01,27.1,34.0,23.2,74,14.1,19.94,0.0
BBSR-10,Bhubaneswar Zone 10,20.283,85.772,2024-03-02,27.2,34.8,21.3,71,18.5,21.07,0.0
BBSR-10,Bhubaneswar Zone 10,20.283,85.772,2024-03-03,27.3,33.6,22.7,72,15.6,20.94,0.0
BBSR-10,Bhubaneswar Zone 10,20.283,85.772,2024-03-04,27.4,33.8,22.7,76,17.0,19.34,1.0
BBSR-10,Bhubaneswar Zone 10,20.283,85.772,2024-03-05,27.4,34.3,22.4,75,14.2,20.06,1.2
BBSR-10,Bhubaneswar Zone 10,20.283,85.772,2024-03-06,26.8,34.0,22.9,80,16.3,18.76,0.4
BBSR-10,Bhubaneswar Zone 10,20.283,85.772,2024-03-07,26.8,33.8,23.4,81,14.0,16.91,6.8
BBSR-10,Bhubaneswar Zone 10,20.283,85.772,2024-03-08,25.8,31.8,22.5,80,10.5,18.37,1.8
BBSR-10,Bhubaneswar Zone 10,20.283,85.772,2024-03-09,26.2,32.5,20.3,68,15.2,21.01,0.0
BBSR-10,Bhubaneswar Zone 10,20.283,85.772,2024-03-10,26.5,33.0,20.5,71,15.5,20.45,0.0
BBSR-10,Bhubaneswar Zone 10,20.283,85.772,2024-03-11,27.0,32.8,21.5,76,15.6,20.61,0.4
BBSR-10,Bhubaneswar Zone 10,20.283,85.772,2024-03-12,28.8,35.1,23.4,74,15.0,20.56,1.4
BBSR-10,Bhubaneswar Zone 10,20.283,85.772,2024-03-13,29.2,35.3,24.9,76,19.0,19.56,0.9
BBSR-10,Bhubaneswar Zone 10,20.283,85.772,2024-03-14,29.3,36.4,25.7,73,20.1,18.96,0.0
BBSR-10,Bhubaneswar Zone 10,20.283,85.772,2024-03-15,28.7,36.4,24.4,76,19.9,20.26,1.2
BBSR-10,Bhubaneswar Zone 10,20.283,85.772,2024-03-16,28.3,34.1,24.3,77,14.8,20.85,1.2
BBSR-10,Bhubaneswar Zone 10,20.283,85.772,2024-03-17,28.0,33.7,23.1,75,9.7,19.47,1.1
BBSR-10,Bhubaneswar Zone 10,20.283,85.772,2024-03-18,28.1,33.6,23.8,75,13.5,17.56,7.5
BBSR-10,Bhubaneswar Zone 10,20.283,85.772,2024-03-19,24.4,28.7,22.0,85,20.5,9.25,19.0
BBSR-10,Bhubaneswar Zone 10,20.283,85.772,2024-03-20,21.1,24.7,18.9,81,16.2,6.8,21.7
BBSR-10,Bhubaneswar Zone 10,20.283,85.772,2024-03-21,23.2,29.4,16.2,79,13.8,21.61,0.1
BBSR-10,Bhubaneswar Zone 10,20.283,85.772,2024-03-22,26.4,32.0,21.1,79,16.0,21.51,0.5
BBSR-10,Bhubaneswar Zone 10,20.283,85.772,2024-03-23,27.8,35.1,21.1,73,17.0,23.03,0.0
BBSR-10,Bhubaneswar Zone 10,20.283,85.772,2024-03-24,28.2,34.2,23.6,77,18.8,22.51,0.0
BBSR-10,Bhubaneswar Zone 10,20.283,85.772,2024-03-25,28.8,35.6,23.9,68,15.5,21.09,0.0
BBSR-10,Bhubaneswar Zone 10,20.283,85.772,2024-03-26,28.7,34.8,23.7,60,19.2,22.24,0.0
BBSR-10,Bhubaneswar Zone 10,20.283,85.772,2024-03-27,29.3,36.0,24.0,63,17.0,23.05,0.0
BBSR-10,Bhubaneswar Zone 10,20.283,85.772,2024-03-28,29.5,37.2,23.4,70,17.0,22.65,0.0
BBSR-10,Bhubaneswar Zone 10,20.283,85.772,2024-03-29,29.8,37.2,23.4,69,18.2,22.75,0.0
BBSR-10,Bhubaneswar Zone 10,20.283,85.772,2024-03-30,30.2,37.2,24.4,66,18.6,21.44,1.2
BBSR-10,Bhubaneswar Zone 10,20.283,85.772,2024-03-31,29.9,36.1,24.4,67,17.1,20.58,0.0
BBSR-10,Bhubaneswar Zone 10,20.283,85.772,2024-04-01,30.8,37.9,25.6,61,19.2,22.79,0.1
BBSR-10,Bhubaneswar Zone 10,20.283,85.772,2024-04-02,30.7,37.8,25.6,71,18.7,23.36,0.0
BBSR-10,Bhubaneswar Zone 10,20.283,85.772,2024-04-03,30.6,36.9,24.9,73,15.5,23.17,0.0
BBSR-10,Bhubaneswar Zone 10,20.283,85.772,2024-04-04,30.7,36.9,25.8,76,15.1,21.33,0.0
BBSR-10,Bhubaneswar Zone 10,20.283,85.772,2024-04-05,32.2,41.2,25.9,64,16.2,23.09,0.0
BBSR-10,Bhubaneswar Zone 10,20.283,85.772,2024-04-06,31.5,39.6,25.3,69,17.3,22.99,0.2
BBSR-10,Bhubaneswar Zone 10,20.283,85.772,2024-04-07,29.9,38.2,24.8,73,14.7,21.11,16.2
BBSR-10,Bhubaneswar Zone 10,20.283,85.772,2024-04-08,27.4,32.7,24.2,65,24.7,23.44,0.0
BBSR-10,Bhubaneswar Zone 10,20.283,85.772,2024-04-09,29.1,36.1,24.3,52,23.7,22.47,0.0
BBSR-10,Bhubaneswar Zone 10,20.283,85.772,2024-04-10,29.2,36.3,23.4,56,9.0,21.81,0.1
BBSR-10,Bhubaneswar Zone 10,20.283,85.772,2024-04-11,25.9,28.3,22.4,72,24.8,11.35,0.3
BBSR-10,Bhubaneswar Zone 10,20.283,85.772,2024-04-12,27.1,33.1,21.8,67,14.7,17.43,0.0
BBSR-10,Bhubaneswar Zone 10,20.283,85.772,2024-04-13,29.4,36.3,22.5,56,11.4,23.31,0.0
BBSR-10,Bhubaneswar Zone 10,20.283,85.772,2024-04-14,30.6,37.2,24.2,56,11.0,23.61,0.0
BBSR-10,Bhubaneswar Zone 10,20.283,85.772,2024-04-15,31.6,39.0,25.2,55,19.1,24.25,0.0
BBSR-10,Bhubaneswar Zone 10,20.283,85.772,2024-04-16,32.9,40.0,26.2,57,14.5,24.07,0.0
BBSR-10,Bhubaneswar Zone 10,20.283,85.772,2024-04-17,33.5,40.9,27.1,53,15.8,23.81,0.0
BBSR-10,Bhubaneswar Zone 10,20.283,85.772,2024-04-18,33.3,41.4,27.0,50,16.8,25.59,0.0
BBSR-10,Bhubaneswar Zone 10,20.283,85.772,2024-04-19,32.3,41.3,24.5,56,21.3,25.83,0.0
BBSR-10,Bhubaneswar Zone 10,20.283,85.772,2024-04-20,32.1,39.4,26.2,69,19.0,23.7,0.0
BBSR-10,Bhubaneswar Zone 10,20.283,85.772,2024-04-21,33.1,41.1,26.2,63,19.1,23.14,0.3
BBSR-10,Bhubaneswar Zone 10,20.283,85.772,2024-04-22,33.3,39.1,27.3,50,23.7,22.01,0.0
BBSR-10,Bhubaneswar Zone 10,20.283,85.772,2024-04-23,32.7,39.7,27.0,43,19.3,24.67,0.0
BBSR-10,Bhubaneswar Zone 10,20.283,85.772,2024-04-24,32.2,39.9,26.9,54,24.9,22.95,1.1
BBSR-10,Bhubaneswar Zone 10,20.283,85.772,2024-04-25,33.0,41.7,26.0,55,17.4,23.63,0.0
BBSR-10,Bhubaneswar Zone 10,20.283,85.772,2024-04-26,32.8,40.3,27.0,66,18.5,24.37,0.6
BBSR-10,Bhubaneswar Zone 10,20.283,85.772,2024-04-27,32.6,40.7,27.1,66,17.3,24.77,0.1
BBSR-10,Bhubaneswar Zone 10,20.283,85.772,2024-04-28,33.1,40.6,26.9,59,15.3,24.76,0.0
BBSR-10,Bhubaneswar Zone 10,20.283,85.772,2024-04-29,33.3,41.6,27.1,62,15.8,24.04,0.0
BBSR-10,Bhubaneswar Zone 10,20.283,85.772,2024-04-30,33.6,41.8,28.0,52,20.0,24.4,0.0
BBSR-10,Bhubaneswar Zone 10,20.283,85.772,2024-05-01,33.1,40.0,29.0,63,20.9,22.74,1.2
BBSR-10,Bhubaneswar Zone 10,20.283,85.772,2024-05-02,32.2,38.4,27.8,72,23.0,23.6,0.0
BBSR-10,Bhubaneswar Zone 10,20.283,85.772,2024-05-03,32.3,39.7,26.9,70,18.5,24.96,0.0
BBSR-10,Bhubaneswar Zone 10,20.283,85.772,2024-05-04,31.9,38.0,27.4,73,20.4,23.34,0.0
BBSR-10,Bhubaneswar Zone 10,20.283,85.772,2024-05-05,31.5,37.8,27.1,75,25.3,24.84,0.0
BBSR-10,Bhubaneswar Zone 10,20.283,85.772,2024-05-06,31.3,37.3,28.0,78,25.6,20.38,6.1
BBSR-10,Bhubaneswar Zone 10,20.283,85.772,2024-05-07,29.5,36.2,27.4,76,33.4,17.89,4.8
BBSR-10,Bhubaneswar Zone 10,20.283,85.772,2024-05-08,29.8,35.8,26.0,73,17.4,21.83,5.8
BBSR-10,Bhubaneswar Zone 10,20.283,85.772,2024-05-09,30.3,34.4,27.0,74,22.0,20.94,0.8
BBSR-10,Bhubaneswar Zone 10,20.283,85.772,2024-05-10,30.4,35.3,27.2,73,21.5,23.49,0.3
BBSR-10,Bhubaneswar Zone 10,20.283,85.772,2024-05-11,31.2,36.2,27.5,73,19.0,23.95,0.8
BBSR-10,Bhubaneswar Zone 10,20.283,85.772,2024-05-12,29.9,36.1,27.1,78,21.8,22.19,7.0
BBSR-10,Bhubaneswar Zone 10,20.283,85.772,2024-05-13,30.1,37.3,26.8,75,12.0,23.15,0.4
BBSR-10,Bhubaneswar Zone 10,20.283,85.772,2024-05-14,29.7,34.5,25.9,78,14.8,23.25,1.3
BBSR-10,Bhubaneswar Zone 10,20.283,85.772,2024-05-15,30.7,36.6,25.5,70,17.0,24.51,0.0
BBSR-10,Bhubaneswar Zone 10,20.283,85.772,2024-05-16,30.7,35.5,27.7,71,15.8,17.18,0.4
BBSR-10,Bhubaneswar Zone 10,20.283,85.772,2024-05-17,31.7,37.5,27.7,69,16.6,22.6,0.0
BBSR-10,Bhubaneswar Zone 10,20.283,85.772,2024-05-18,31.3,36.5,27.7,74,15.3,19.48,0.5
BBSR-10,Bhubaneswar Zone 10,20.283,85.772,2024-05-19,30.8,34.6,27.9,74,13.7,21.87,0.9
BBSR-10,Bhubaneswar Zone 10,20.283,85.772,2024-05-20,31.3,35.2,28.5,73,17.1,22.85,0.5
BBSR-10,Bhubaneswar Zone 10,20.283,85.772,2024-05-21,31.0,36.4,27.9,75,16.6,22.12,1.3
BBSR-10,Bhubaneswar Zone 10,20.283,85.772,2024-05-22,31.0,35.9,27.5,75,19.3,23.23,0.2
BBSR-10,Bhubaneswar Zone 10,20.283,85.772,2024-05-23,30.8,35.9,26.5,72,15.2,23.6,0.0
BBSR-10,Bhubaneswar Zone 10,20.283,85.772,2024-05-24,30.6,34.9,27.1,73,19.5,19.04,0.6
BBSR-10,Bhubaneswar Zone 10,20.283,85.772,2024-05-25,30.7,34.7,27.9,77,19.4,20.39,8.9
BBSR-10,Bhubaneswar Zone 10,20.283,85.772,2024-05-26,29.7,34.5,27.5,80,16.7,7.54,19.3
BBSR-10,Bhubaneswar Zone 10,20.283,85.772,2024-05-27,31.3,36.2,27.6,78,21.1,16.03,0.2
BBSR-10,Bhubaneswar Zone 10,20.283,85.772,2024-05-28,32.7,37.9,29.6,77,22.7,23.75,0.0
BBSR-10,Bhubaneswar Zone 10,20.283,85.772,2024-05-29,32.8,37.1,29.7,76,25.1,24.79,0.0
BBSR-10,Bhubaneswar Zone 10,20.283,85.772,2024-05-30,32.3,36.9,29.6,77,25.1,23.82,0.1
BBSR-10,Bhubaneswar Zone 10,20.283,85.772,2024-05-31,32.2,36.8,29.7,78,25.0,22.46,0.0
BBSR-10,Bhubaneswar Zone 10,20.283,85.772,2024-06-01,31.8,35.6,28.9,77,22.7,20.96,0.1
BBSR-10,Bhubaneswar Zone 10,20.283,85.772,2024-06-02,31.0,36.1,28.0,78,21.7,19.41,20.9
BBSR-10,Bhubaneswar Zone 10,20.283,85.772,2024-06-03,30.6,35.8,27.3,73,22.2,20.42,0.0
BBSR-10,Bhubaneswar Zone 10,20.283,85.772,2024-06-04,30.9,37.7,28.2,79,17.7,20.09,10.1
BBSR-10,Bhubaneswar Zone 10,20.283,85.772,2024-06-05,31.8,36.8,28.0,70,14.5,24.04,0.3
BBSR-10,Bhubaneswar Zone 10,20.283,85.772,2024-06-06,32.2,38.9,27.1,70,22.0,24.71,0.7
BBSR-10,Bhubaneswar Zone 10,20.283,85.772,2024-06-07,31.4,37.3,27.9,72,19.6,24.25,0.2
BBSR-10,Bhubaneswar Zone 10,20.283,85.772,2024-06-08,31.4,37.7,27.0,71,21.7,24.86,0.0
BBSR-10,Bhubaneswar Zone 10,20.283,85.772,2024-06-09,32.0,38.8,27.4,68,21.8,24.56,0.0
BBSR-10,Bhubaneswar Zone 10,20.283,85.772,2024-06-10,31.6,38.1,27.0,68,22.4,25.44,0.0
BBSR-10,Bhubaneswar Zone 10,20.283,85.772,2024-06-11,31.3,37.3,27.2,72,21.1,24.91,0.0
BBSR-10,Bhubaneswar Zone 10,20.283,85.772,2024-06-12,31.4,39.3,27.7,75,20.5,22.63,9.6
BBSR-10,Bhubaneswar Zone 10,20.283,85.772,2024-06-13,31.9,38.0,28.2,72,23.6,22.01,0.0
BBSR-10,Bhubaneswar Zone 10,20.283,85.772,2024-06-14,32.2,37.8,28.1,67,21.3,19.88,0.0
BBSR-10,Bhubaneswar Zone 10,20.283,85.772,2024-06-15,32.9,39.9,28.4,68,20.1,24.43,2.9
BBSR-10,Bhubaneswar Zone 10,20.283,85.772,2024-06-16,31.3,36.9,27.6,74,15.5,21.48,8.7
BBSR-10,Bhubaneswar Zone 10,20.283,85.772,2024-06-17,30.8,36.9,28.6,78,20.2,16.27,21.7
BBSR-10,Bhubaneswar Zone 10,20.283,85.772,2024-06-18,30.9,36.0,28.5,78,21.9,15.02,7.8
BBSR-10,Bhubaneswar Zone 10,20.283,85.772,2024-06-19,31.6,37.0,28.2,73,22.2,21.54,0.0
BBSR-10,Bhubaneswar Zone 10,20.283,85.772,2024-06-20,30.8,35.5,28.1,76,15.2,19.26,6.5
BBSR-10,Bhubaneswar Zone 10,20.283,85.772,2024-06-21,28.9,34.7,26.9,81,9.0,19.62,8.8
BBSR-10,Bhubaneswar Zone 10,20.283,85.772,2024-06-22,28.9,33.4,26.2,82,13.9,19.99,3.2
BBSR-10,Bhubaneswar Zone 10,20.283,85.772,2024-06-23,29.8,33.7,26.7,79,19.6,21.13,0.2
BBSR-10,Bhubaneswar Zone 10,20.283,85.772,2024-06-24,30.2,34.3,27.7,76,16.6,22.4,0.4
BBSR-10,Bhubaneswar Zone 10,20.283,85.772,2024-06-25,30.2,35.6,27.6,78,15.9,22.3,7.5
BBSR-10,Bhubaneswar Zone 10,20.283,85.772,2024-06-26,29.0,33.5,26.9,84,11.9,19.14,9.0
BBSR-10,Bhubaneswar Zone 10,20.283,85.772,2024-06-27,28.1,31.3,26.1,86,15.9,17.59,16.6
BBSR-10,Bhubaneswar Zone 10,20.283,85.772,2024-06-28,28.8,33.6,26.3,86,11.7,18.86,5.5
BBSR-10,Bhubaneswar Zone 10,20.283,85.772,2024-06-29,28.5,33.0,25.9,85,15.9,16.25,21.9
BBSR-10,Bhubaneswar Zone 10,20.283,85.772,2024-06-30,27.8,31.6,25.8,89,16.1,12.8,30.3
BBSR-10,Bhubaneswar Zone 10,20.283,85.772,2024-07-01,28.3,32.0,26.3,84,19.1,15.81,1.5
BBSR-10,Bhubaneswar Zone 10,20.283,85.772,2024-07-02,28.7,31.9,26.3,84,15.7,11.96,1.4
BBSR-10,Bhubaneswar Zone 10,20.283,85.772,2024-07-03,27.8,30.3,26.5,90,13.1,7.76,13.0
BBSR-10,Bhubaneswar Zone 10,20.283,85.772,2024-07-04,28.5,32.7,26.6,87,15.5,18.35,15.8
BBSR-10,Bhubaneswar Zone 10,20.283,85.772,2024-07-05,28.6,31.3,26.6,86,19.3,16.12,5.1
BBSR-10,Bhubaneswar Zone 10,20.283,85.772,2024-07-06,28.4,32.0,26.2,87,18.2,17.92,14.2
BBSR-10,Bhubaneswar Zone 10,20.283,85.772,2024-07-07,28.2,32.8,25.9,87,12.3,20.7,16.9
BBSR-10,Bhubaneswar Zone 10,20.283,85.772,2024-07-08,27.9,31.1,25.3,85,13.7,17.36,3.4
BBSR-10,Bhubaneswar Zone 10,20.283,85.772,2024-07-09,28.3,31.5,25.5,83,20.3,20.51,2.9
BBSR-10,Bhubaneswar Zone 10,20.283,85.772,2024-07-10,29.0,32.3,26.5,79,18.8,22.37,0.6
BBSR-10,Bhubaneswar Zone 10,20.283,85.772,2024-07-11,28.8,32.4,26.8,84,18.8,16.82,13.8
BBSR-10,Bhubaneswar Zone 10,20.283,85.772,2024-07-12,28.2,32.4,26.4,87,17.2,14.13,12.0
BBSR-10,Bhubaneswar Zone 10,20.283,85.772,2024-07-13,28.4,32.8,25.7,86,10.3,18.35,7.9
BBSR-10,Bhubaneswar Zone 10,20.283,85.772,2024-07-14,28.1,33.1,25.4,87,12.7,22.7,23.0
BBSR-10,Bhubaneswar Zone 10,20.283,85.772,2024-07-15,27.7,31.6,25.2,87,16.0,19.77,12.6
BBSR-10,Bhubaneswar Zone 10,20.283,85.772,2024-07-16,28.1,31.9,25.3,85,12.7,19.45,5.4
BBSR-10,Bhubaneswar Zone 10,20.283,85.772,2024-07-17,28.4,32.0,25.6,86,12.6,20.81,8.0
BBSR-10,Bhubaneswar Zone 10,20.283,85.772,2024-07-18,28.4,31.8,26.1,85,18.2,19.31,15.2
BBSR-10,Bhubaneswar Zone 10,20.283,85.772,2024-07-19,28.2,31.2,26.0,85,26.1,18.1,15.4
BBSR-10,Bhubaneswar Zone 10,20.283,85.772,2024-07-20,28.1,32.0,26.5,86,18.0,13.74,6.8
BBSR-10,Bhubaneswar Zone 10,20.283,85.772,2024-07-21,28.6,32.2,26.0,84,20.9,19.18,2.6
BBSR-10,Bhubaneswar Zone 10,20.283,85.772,2024-07-22,28.1,31.7,26.1,83,20.8,16.66,2.5
BBSR-10,Bhubaneswar Zone 10,20.283,85.772,2024-07-23,27.4,30.1,26.1,88,18.1,10.92,12.0
BBSR-10,Bhubaneswar Zone 10,20.283,85.772,2024-07-24,27.4,30.8,25.3,86,22.8,14.84,7.1
BBSR-10,Bhubaneswar Zone 10,20.283,85.772,2024-07-25,27.5,31.0,25.0,87,18.1,14.16,8.5
BBSR-10,Bhubaneswar Zone 10,20.283,85.772,2024-07-26,28.3,31.8,25.4,82,21.9,17.68,10.3
BBSR-10,Bhubaneswar Zone 10,20.283,85.772,2024-07-27,28.6,32.8,25.4,84,15.6,18.23,2.5
BBSR-10,Bhubaneswar Zone 10,20.283,85.772,2024-07-28,28.8,32.6,25.3,83,10.8,19.71,20.7
BBSR-10,Bhubaneswar Zone 10,20.283,85.772,2024-07-29,28.2,32.3,25.7,89,12.2,14.69,9.0
BBSR-10,Bhubaneswar Zone 10,20.283,85.772,2024-07-30,28.0,31.8,25.8,89,14.3,17.5,29.6
BBSR-10,Bhubaneswar Zone 10,20.283,85.772,2024-07-31,27.8,31.6,25.9,91,14.5,14.2,32.6
BBSR-10,Bhubaneswar Zone 10,20.283,85.772,2024-08-01,27.1,29.2,25.8,93,17.4,6.67,22.3
BBSR-10,Bhubaneswar Zone 10,20.283,85.772,2024-08-02,27.8,30.1,26.5,85,20.8,12.16,4.6
BBSR-10,Bhubaneswar Zone 10,20.283,85.772,2024-08-03,28.3,31.3,26.2,84,19.9,15.35,3.1
BBSR-10,Bhubaneswar Zone 10,20.283,85.772,2024-08-04,28.7,31.6,26.4,85,20.3,12.4,0.7
BBSR-10,Bhubaneswar Zone 10,20.283,85.772,2024-08-05,27.8,31.8,25.9,88,15.9,15.34,21.1
BBSR-10,Bhubaneswar Zone 10,20.283,85.772,2024-08-06,26.9,29.9,25.8,91,16.6,12.49,37.8
BBSR-10,Bhubaneswar Zone 10,20.283,85.772,2024-08-07,26.6,30.7,24.8,91,13.1,13.02,16.5
BBSR-10,Bhubaneswar Zone 10,20.283,85.772,2024-08-08,27.4,31.3,24.2,88,14.0,17.16,19.4
BBSR-10,Bhubaneswar Zone 10,20.283,85.772,2024-08-09,27.6,31.0,24.9,88,15.1,14.9,17.2
BBSR-10,Bhubaneswar Zone 10,20.283,85.772,2024-08-10,27.9,32.0,25.1,86,13.4,19.64,27.0
BBSR-10,Bhubaneswar Zone 10,20.283,85.772,2024-08-11,27.9,32.2,24.5,88,16.0,19.39,19.6
BBSR-10,Bhubaneswar Zone 10,20.283,85.772,2024-08-12,28.4,32.4,24.9,86,14.5,20.9,15.2
BBSR-10,Bhubaneswar Zone 10,20.283,85.772,2024-08-13,28.5,32.6,26.1,89,12.3,17.15,20.1
BBSR-10,Bhubaneswar Zone 10,20.283,85.772,2024-08-14,27.8,31.2,26.2,90,13.7,13.38,24.2
BBSR-10,Bhubaneswar Zone 10,20.283,85.772,2024-08-15,27.7,31.1,25.5,89,14.5,14.65,24.0
BBSR-10,Bhubaneswar Zone 10,20.283,85.772,2024-08-16,27.0,30.1,25.1,90,12.4,10.17,16.2
BBSR-10,Bhubaneswar Zone 10,20.283,85.772,2024-08-17,26.9,31.4,24.8,91,13.7,12.42,26.9
BBSR-10,Bhubaneswar Zone 10,20.283,85.772,2024-08-18,27.3,31.5,24.7,88,16.3,17.67,18.2
BBSR-10,Bhubaneswar Zone 10,20.283,85.772,2024-08-19,27.4,32.2,25.0,88,14.1,18.01,4.1
BBSR-10,Bhubaneswar Zone 10,20.283,85.772,2024-08-20,28.0,32.1,25.4,87,13.9,17.02,14.6
BBSR-10,Bhubaneswar Zone 10,20.283,85.772,2024-08-21,27.5,31.0,25.7,89,15.9,13.23,16.0
BBSR-10,Bhubaneswar Zone 10,20.283,85.772,2024-08-22,27.4,30.0,26.0,88,16.7,13.17,2.5
BBSR-10,Bhubaneswar Zone 10,20.283,85.772,2024-08-23,26.2,27.7,25.5,94,13.8,5.67,32.2
BBSR-10,Bhubaneswar Zone 10,20.283,85.772,2024-08-24,26.2,28.7,24.6,93,16.3,8.16,14.8
BBSR-10,Bhubaneswar Zone 10,20.283,85.772,2024-08-25,27.2,31.2,25.2,89,14.4,14.22,17.2
BBSR-10,Bhubaneswar Zone 10,20.283,85.772,2024-08-26,26.9,29.9,24.4,87,11.1,11.78,8.8
BBSR-10,Bhubaneswar Zone 10,20.283,85.772,2024-08-27,27.4,31.1,25.1,87,12.8,16.05,22.9
BBSR-10,Bhubaneswar Zone 10,20.283,85.772,2024-08-28,26.6,30.4,24.6,91,8.7,12.61,25.6
BBSR-10,Bhubaneswar Zone 10,20.283,85.772,2024-08-29,27.1,30.8,24.6,87,14.9,18.15,4.8
BBSR-10,Bhubaneswar Zone 10,20.283,85.772,2024-08-30,27.8,31.1,25.1,84,21.4,20.24,2.5
BBSR-10,Bhubaneswar Zone 10,20.283,85.772,2024-08-31,27.6,30.6,25.1,86,24.1,17.5,6.1
BBSR-10,Bhubaneswar Zone 10,20.283,85.772,2024-09-01,27.4,30.6,25.5,85,21.3,15.58,4.8
BBSR-10,Bhubaneswar Zone 10,20.283,85.772,2024-09-02,26.9,29.8,24.8,89,14.8,14.68,15.1
BBSR-10,Bhubaneswar Zone 10,20.283,85.772,2024-09-03,27.6,30.5,24.6,84,17.0,17.72,3.1
BBSR-10,Bhubaneswar Zone 10,20.283,85.772,2024-09-04,27.8,30.9,24.6,84,14.9,20.06,1.0
BBSR-10,Bhubaneswar Zone 10,20.283,85.772,2024-09-05,27.4,31.0,24.5,88,10.7,17.34,12.2
BBSR-10,Bhubaneswar Zone 10,20.283,85.772,2024-09-06,28.0,31.7,25.4,87,12.1,19.16,5.5
BBSR-10,Bhubaneswar Zone 10,20.283,85.772,2024-09-07,27.2,31.1,25.1,88,21.4,16.19,12.2
BBSR-10,Bhubaneswar Zone 10,20.283,85.772,2024-09-08,27.3,29.9,25.1,88,22.9,14.72,21.7
BBSR-10,Bhubaneswar Zone 10,20.283,85.772,2024-09-09,27.6,29.8,25.5,88,23.5,14.59,9.7
BBSR-10,Bhubaneswar Zone 10,20.283,85.772,2024-09-10,28.8,32.5,25.9,85,18.8,18.56,1.0
BBSR-10,Bhubaneswar Zone 10,20.283,85.772,2024-09-11,29.0,32.0,26.4,85,15.6,18.0,2.7
BBSR-10,Bhubaneswar Zone 10,20.283,85.772,2024-09-12,28.9,31.8,26.7,82,12.9,12.95,0.1
BBSR-10,Bhubaneswar Zone 10,20.283,85.772,2024-09-13,28.6,31.6,26.4,81,15.9,13.19,17.8
BBSR-10,Bhubaneswar Zone 10,20.283,85.772,2024-09-14,27.3,29.0,26.0,87,22.9,7.63,17.4
BBSR-10,Bhubaneswar Zone 10,20.283,85.772,2024-09-15,26.8,29.0,25.4,83,27.1,8.7,3.8
BBSR-10,Bhubaneswar Zone 10,20.283,85.772,2024-09-16,27.2,31.2,25.0,83,20.8,14.52,6.0
BBSR-10,Bhubaneswar Zone 10,20.283,85.772,2024-09-17,27.5,31.4,24.8,87,14.5,18.99,13.3
BBSR-10,Bhubaneswar Zone 10,20.283,85.772,2024-09-18,27.2,31.0,24.5,90,7.0,15.78,10.8
BBSR-10,Bhubaneswar Zone 10,20.283,85.772,2024-09-19,28.4,32.6,24.6,81,9.7,21.61,0.5
BBSR-10,Bhubaneswar Zone 10,20.283,85.772,2024-09-20,28.0,32.4,25.1,87,14.6,20.55,9.8
BBSR-10,Bhubaneswar Zone 10,20.283,85.772,2024-09-21,28.5,33.1,25.7,83,15.0,21.34,0.6
BBSR-10,Bhubaneswar Zone 10,20.283,85.772,2024-09-22,27.7,31.9,25.7,88,11.6,16.96,15.0
BBSR-10,Bhubaneswar Zone 10,20.283,85.772,2024-09-23,27.2,31.5,25.3,92,19.2,14.45,25.3
BBSR-10,Bhubaneswar Zone 10,20.283,85.772,2024-09-24,26.7,29.7,24.7,92,15.1,10.35,27.5
BBSR-10,Bhubaneswar Zone 10,20.283,85.772,2024-09-25,26.5,28.4,24.9,93,14.2,8.61,29.1
BBSR-10,Bhubaneswar Zone 10,20.283,85.772,2024-09-26,26.1,28.0,24.6,93,23.0,8.22,16.1
BBSR-10,Bhubaneswar Zone 10,20.283,85.772,2024-09-27,26.9,29.3,24.8,89,21.9,13.95,14.0
BBSR-10,Bhubaneswar Zone 10,20.283,85.772,2024-09-28,28.4,31.8,25.7,84,20.0,20.3,0.2
BBSR-10,Bhubaneswar Zone 10,20.283,85.772,2024-09-29,28.6,32.2,25.9,85,11.6,19.75,9.5
BBSR-10,Bhubaneswar Zone 10,20.283,85.772,2024-09-30,28.8,33.8,25.9,85,14.9,19.87,5.3
BBSR-10,Bhubaneswar Zone 10,20.283,85.772,2024-10-01,29.6,34.2,25.6,81,12.6,20.87,0.8
BBSR-10,Bhubaneswar Zone 10,20.283,85.772,2024-10-02,28.3,31.8,25.4,86,14.2,12.05,11.6
BBSR-10,Bhubaneswar Zone 10,20.283,85.772,2024-10-03,28.6,32.5,26.2,82,20.5,18.04,0.5
BBSR-10,Bhubaneswar Zone 10,20.283,85.772,2024-10-04,29.1,33.4,25.0,75,13.1,20.75,0.1
BBSR-10,Bhubaneswar Zone 10,20.283,85.772,2024-10-05,27.5,32.4,24.8,86,13.8,15.78,4.0
BBSR-10,Bhubaneswar Zone 10,20.283,85.772,2024-10-06,26.7,32.0,23.3,89,10.0,19.22,12.7
BBSR-10,Bhubaneswar Zone 10,20.283,85.772,2024-10-07,26.5,30.8,24.3,91,18.0,13.94,3.8
BBSR-10,Bhubaneswar Zone 10,20.283,85.772,2024-10-08,27.0,30.6,25.0,91,15.7,14.56,3.9
BBSR-10,Bhubaneswar Zone 10,20.283,85.772,2024-10-09,27.4,31.8,24.4,84,10.6,19.5,3.3
BBSR-10,Bhubaneswar Zone 10,20.283,85.772,2024-10-10,27.4,31.5,23.5,83,11.8,19.83,0.6
BBSR-10,Bhubaneswar Zone 10,20.283,85.772,2024-10-11,28.0,32.0,24.3,81,11.0,19.95,0.0
BBSR-10,Bhubaneswar Zone 10,20.283,85.772,2024-10-12,28.0,32.1,24.6,81,11.2,19.09,0.6
BBSR-10,Bhubaneswar Zone 10,20.283,85.772,2024-10-13,27.8,32.1,24.2,84,10.7,19.14,0.9
BBSR-10,Bhubaneswar Zone 10,20.283,85.772,2024-10-14,28.0,32.5,24.6,81,9.6,19.59,0.3
BBSR-10,Bhubaneswar Zone 10,20.283,85.772,2024-10-15,27.6,32.1,24.1,84,8.5,18.5,1.6
BBSR-10,Bhubaneswar Zone 10,20.283,85.772,2024-10-16,27.6,31.8,24.3,84,9.9,17.68,4.2
BBSR-10,Bhubaneswar Zone 10,20.283,85.772,2024-10-17,27.6,32.4,24.9,85,14.9,16.83,3.9
BBSR-10,Bhubaneswar Zone 10,20.283,85.772,2024-10-18,27.9,32.3,24.2,84,11.7,17.23,2.9
BBSR-10,Bhubaneswar Zone 10,20.283,85.772,2024-10-19,27.2,32.2,24.3,86,11.2,17.11,45.7
BBSR-10,Bhubaneswar Zone 10,20.283,85.772,2024-10-20,26.4,30.6,24.1,89,11.7,14.55,2.0
BBSR-10,Bhubaneswar Zone 10,20.283,85.772,2024-10-21,27.3,31.6,24.2,78,12.9,18.48,0.2
BBSR-10,Bhubaneswar Zone 10,20.283,85.772,2024-10-22,27.3,31.6,23.7,73,13.2,20.24,0.0
BBSR-10,Bhubaneswar Zone 10,20.283,85.772,2024-10-23,27.1,31.7,23.4,74,19.5,17.24,9.5
BBSR-10,Bhubaneswar Zone 10,20.283,85.772,2024-10-24,25.0,26.3,24.1,87,33.2,3.54,54.6
BBSR-10,Bhubaneswar Zone 10,20.283,85.772,2024-10-25,25.2,27.3,23.6,86,29.1,5.53,9.6
BBSR-10,Bhubaneswar Zone 10,20.283,85.772,2024-10-26,24.4,25.6,23.0,91,15.3,4.69,28.0
BBSR-10,Bhubaneswar Zone 10,20.283,85.772,2024-10-27,25.6,29.4,22.6,91,9.5,14.75,3.7
BBSR-10,Bhubaneswar Zone 10,20.283,85.772,2024-10-28,25.7,28.8,23.8,92,15.7,12.25,7.1
BBSR-10,Bhubaneswar Zone 10,20.283,85.772,2024-10-29,26.1,29.7,23.5,90,9.7,13.51,2.0
BBSR-10,Bhubaneswar Zone 10,20.283,85.772,2024-10-30,26.9,30.1,23.8,85,8.7,15.96,2.2
BBSR-10,Bhubaneswar Zone 10,20.283,85.772,2024-10-31,26.9,31.8,22.6,82,9.5,18.79,0.0
BBSR-10,Bhubaneswar Zone 10,20.283,85.772,2024-11-01,25.5,28.5,23.7,91,14.5,6.53,41.1
BBSR-10,Bhubaneswar Zone 10,20.283,85.772,2024-11-02,26.1,31.4,21.8,81,9.3,18.8,0.0
BBSR-10,Bhubaneswar Zone 10,20.283,85.772,2024-11-03,25.6,31.1,20.6,75,9.9,18.91,0.0
BBSR-10,Bhubaneswar Zone 10,20.283,85.772,2024-11-04,25.4,30.5,21.7,78,9.3,18.6,0.0
BBSR-10,Bhubaneswar Zone 10,20.283,85.772,2024-11-05,24.6,29.4,21.3,85,13.4,15.58,10.2
BBSR-10,Bhubaneswar Zone 10,20.283,85.772,2024-11-06,25.3,28.5,22.4,83,16.5,15.93,0.6
BBSR-10,Bhubaneswar Zone 10,20.283,85.772,2024-11-07,25.5,30.2,22.2,82,10.6,17.41,0.1
BBSR-10,Bhubaneswar Zone 10,20.283,85.772,2024-11-08,25.5,30.1,21.9,81,11.8,17.59,0.0
BBSR-10,Bhubaneswar Zone 10,20.283,85.772,2024-11-09,25.3,30.0,22.2,78,11.5,17.91,0.0
BBSR-10,Bhubaneswar Zone 10,20.283,85.772,2024-11-10,24.8,29.6,21.6,77,16.1,18.39,0.0
BBSR-10,Bhubaneswar Zone 10,20.283,85.772,2024-11-11,24.7,28.3,21.9,76,13.8,8.0,0.1
BBSR-10,Bhubaneswar Zone 10,20.283,85.772,2024-11-12,24.9,29.4,22.6,84,15.7,14.88,1.0
BBSR-10,Bhubaneswar Zone 10,20.283,85.772,2024-11-13,25.6,30.8,22.1,75,14.2,16.64,0.0
BBSR-10,Bhubaneswar Zone 10,20.283,85.772,2024-11-14,25.4,30.5,21.9,70,12.9,17.56,0.0
BBSR-10,Bhubaneswar Zone 10,20.283,85.772,2024-11-15,24.5,29.7,20.2,69,7.4,17.71,0.0
BBSR-10,Bhubaneswar Zone 10,20.283,85.772,2024-11-16,23.5,29.0,18.6,64,11.7,18.09,0.0
BBSR-10,Bhubaneswar Zone 10,20.283,85.772,2024-11-17,23.1,29.1,17.7,64,10.1,17.96,0.0
BBSR-10,Bhubaneswar Zone 10,20.283,85.772,2024-11-18,23.1,29.0,18.0,60,9.0,17.85,0.0
BBSR-10,Bhubaneswar Zone 10,20.283,85.772,2024-11-19,22.7,28.6,17.7,60,9.6,17.74,0.0
BBSR-10,Bhubaneswar Zone 10,20.283,85.772,2024-11-20,22.3,28.5,16.8,63,8.9,16.42,0.0
BBSR-10,Bhubaneswar Zone 10,20.283,85.772,2024-11-21,22.5,28.7,16.8,67,6.8,17.38,0.0
BBSR-10,Bhubaneswar Zone 10,20.283,85.772,2024-11-22,22.5,28.4,17.2,67,8.1,17.36,0.0
BBSR-10,Bhubaneswar Zone 10,20.283,85.772,2024-11-23,22.7,28.4,17.6,68,7.7,17.18,0.0
BBSR-10,Bhubaneswar Zone 10,20.283,85.772,2024-11-24,22.4,28.3,17.5,69,7.3,16.8,0.0
BBSR-10,Bhubaneswar Zone 10,20.283,85.772,2024-11-25,21.8,27.6,17.4,69,11.0,15.88,0.0
BBSR-10,Bhubaneswar Zone 10,20.283,85.772,2024-11-26,21.8,27.7,17.1,68,10.0,16.71,0.0
BBSR-10,Bhubaneswar Zone 10,20.283,85.772,2024-11-27,21.6,27.3,17.3,67,14.4,15.83,0.0
BBSR-10,Bhubaneswar Zone 10,20.283,85.772,2024-11-28,22.7,27.7,17.7,65,18.9,14.77,0.0
BBSR-10,Bhubaneswar Zone 10,20.283,85.772,2024-11-29,22.7,25.3,20.4,74,19.2,7.21,6.9
BBSR-10,Bhubaneswar Zone 10,20.283,85.772,2024-11-30,23.2,27.4,20.5,79,17.0,10.18,2.6
BBSR-10,Bhubaneswar Zone 10,20.283,85.772,2024-12-01,23.8,29.0,20.6,74,15.1,13.93,0.8
BBSR-10,Bhubaneswar Zone 10,20.283,85.772,2024-12-02,23.9,28.2,20.8,77,13.6,11.99,0.1
BBSR-10,Bhubaneswar Zone 10,20.283,85.772,2024-12-03,23.9,28.4,20.8,74,11.1,12.24,0.0
BBSR-10,Bhubaneswar Zone 10,20.283,85.772,2024-12-04,24.6,29.7,20.6,73,9.1,15.44,0.0
BBSR-10,Bhubaneswar Zone 10,20.283,85.772,2024-12-05,24.4,30.0,19.8,75,9.3,15.6,0.0
BBSR-10,Bhubaneswar Zone 10,20.283,85.772,2024-12-06,24.7,29.8,20.4,78,11.1,14.86,0.1
BBSR-10,Bhubaneswar Zone 10,20.283,85.772,2024-12-07,23.8,28.6,19.8,84,9.3,13.19,0.1
BBSR-10,Bhubaneswar Zone 10,20.283,85.772,2024-12-08,22.9,27.0,20.7,88,8.5,8.52,2.2
BBSR-10,Bhubaneswar Zone 10,20.283,85.772,2024-12-09,23.7,28.4,20.7,85,12.5,11.85,2.9
BBSR-10,Bhubaneswar Zone 10,20.283,85.772,2024-12-10,23.4,28.0,20.5,84,10.3,12.56,2.2
BBSR-10,Bhubaneswar Zone 10,20.283,85.772,2024-12-11,21.6,26.6,17.9,69,14.3,15.38,0.0
BBSR-10,Bhubaneswar Zone 10,20.283,85.772,2024-12-12,20.3,25.4,16.4,66,11.1,16.21,0.0
BBSR-10,Bhubaneswar Zone 10,20.283,85.772,2024-12-13,20.1,25.6,15.6,65,11.8,16.08,0.0
BBSR-10,Bhubaneswar Zone 10,20.283,85.772,2024-12-14,19.6,25.5,15.3,63,13.9,16.27,0.0
BBSR-10,Bhubaneswar Zone 10,20.283,85.772,2024-12-15,18.8,24.6,14.7,57,12.8,16.47,0.0
BBSR-10,Bhubaneswar Zone 10,20.283,85.772,2024-12-16,18.6,25.1,14.0,62,12.6,16.51,0.0
BBSR-10,Bhubaneswar Zone 10,20.283,85.772,2024-12-17,20.4,27.0,14.7,66,10.4,14.18,0.0
BBSR-10,Bhubaneswar Zone 10,20.283,85.772,2024-12-18,22.3,28.1,17.5,69,12.5,12.75,0.0
BBSR-10,Bhubaneswar Zone 10,20.283,85.772,2024-12-19,23.0,26.7,19.9,62,14.9,8.17,0.0
BBSR-10,Bhubaneswar Zone 10,20.283,85.772,2024-12-20,20.9,24.5,17.6,77,13.6,6.38,7.8
BBSR-10,Bhubaneswar Zone 10,20.283,85.772,2024-12-21,19.1,21.1,17.9,95,14.4,3.65,69.3
BBSR-10,Bhubaneswar Zone 10,20.283,85.772,2024-12-22,21.1,25.9,16.6,79,12.3,13.0,0.0
BBSR-10,Bhubaneswar Zone 10,20.283,85.772,2024-12-23,21.9,25.2,18.5,69,14.4,7.51,0.0
BBSR-10,Bhubaneswar Zone 10,20.283,85.772,2024-12-24,21.2,24.2,19.0,75,12.2,5.14,1.2
BBSR-10,Bhubaneswar Zone 10,20.283,85.772,2024-12-25,20.3,24.3,18.3,88,11.3,6.71,8.6
BBSR-10,Bhubaneswar Zone 10,20.283,85.772,2024-12-26,22.0,27.1,18.3,78,10.0,12.43,0.4
BBSR-10,Bhubaneswar Zone 10,20.283,85.772,2024-12-27,22.5,28.3,19.1,64,13.9,15.51,0.0
BBSR-10,Bhubaneswar Zone 10,20.283,85.772,2024-12-28,22.0,28.1,16.2,66,7.2,15.69,0.0
BBSR-10,Bhubaneswar Zone 10,20.283,85.772,2024-12-29,22.6,28.7,17.5,75,7.4,15.35,0.0
BBSR-10,Bhubaneswar Zone 10,20.283,85.772,2024-12-30,22.8,28.3,18.8,78,8.9,14.86,0.1
BBSR-10,Bhubaneswar Zone 10,20.283,85.772,2024-12-31,21.4,26.4,17.8,78,12.1,14.82,0.0
BBSR-10,Bhubaneswar Zone 10,20.283,85.772,2025-01-01,19.6,24.5,16.3,77,10.6,16.06,0.0
BBSR-10,Bhubaneswar Zone 10,20.283,85.772,2025-01-02,19.0,24.3,14.9,71,12.7,16.23,0.0
BBSR-10,Bhubaneswar Zone 10,20.283,85.772,2025-01-03,18.7,24.4,14.3,74,11.1,16.3,0.0
BBSR-10,Bhubaneswar Zone 10,20.283,85.772,2025-01-04,18.8,24.5,14.2,73,9.7,16.38,0.0
BBSR-10,Bhubaneswar Zone 10,20.283,85.772,2025-01-05,19.8,25.8,14.9,77,6.6,16.14,0.0
BBSR-10,Bhubaneswar Zone 10,20.283,85.772,2025-01-06,20.5,26.5,14.9,74,6.7,15.54,0.0
BBSR-10,Bhubaneswar Zone 10,20.283,85.772,2025-01-07,20.9,27.2,16.1,72,8.2,16.45,0.0
BBSR-10,Bhubaneswar Zone 10,20.283,85.772,2025-01-08,20.3,26.0,16.1,68,10.5,16.65,0.0
BBSR-10,Bhubaneswar Zone 10,20.283,85.772,2025-01-09,19.0,25.1,14.9,75,10.6,16.64,0.0
BBSR-10,Bhubaneswar Zone 10,20.283,85.772,2025-01-10,18.4,24.7,13.4,79,11.1,16.62,0.0
BBSR-10,Bhubaneswar Zone 10,20.283,85.772,2025-01-11,18.7,25.4,13.6,75,11.3,16.73,0.0
BBSR-10,Bhubaneswar Zone 10,20.283,85.772,2025-01-12,19.3,25.7,14.0,74,8.0,16.7,0.0
BBSR-10,Bhubaneswar Zone 10,20.283,85.772,2025-01-13,20.3,27.4,13.8,74,5.9,16.39,0.0
BBSR-10,Bhubaneswar Zone 10,20.283,85.772,2025-01-14,21.4,27.9,16.9,78,12.9,16.02,0.0
BBSR-10,Bhubaneswar Zone 10,20.283,85.772,2025-01-15,21.0,26.4,16.9,72,13.1,15.84,0.0
BBSR-10,Bhubaneswar Zone 10,20.283,85.772,2025-01-16,19.9,25.2,15.8,68,13.0,17.1,0.0
BBSR-10,Bhubaneswar Zone 10,20.283,85.772,2025-01-17,19.6,25.6,14.6,64,13.1,17.46,0.0
BBSR-10,Bhubaneswar Zone 10,20.283,85.772,2025-01-18,20.3,26.0,14.7,66,11.3,17.24,0.0
BBSR-10,Bhubaneswar Zone 10,20.283,85.772,2025-01-19,20.6,27.2,14.6,69,8.9,17.51,0.0
BBSR-10,Bhubaneswar Zone 10,20.283,85.772,2025-01-20,20.6,27.6,14.8,72,11.1,17.66,0.0
BBSR-10,Bhubaneswar Zone 10,20.283,85.772,2025-01-21,21.1,28.7,14.1,67,9.0,17.83,0.0
BBSR-10,Bhubaneswar Zone 10,20.283,85.772,2025-01-22,21.8,29.6,15.3,73,7.2,17.81,0.0
BBSR-10,Bhubaneswar Zone 10,20.283,85.772,2025-01-23,23.0,30.3,18.1,79,9.8,17.42,0.0
BBSR-10,Bhubaneswar Zone 10,20.283,85.772,2025-01-24,23.0,29.6,18.9,82,13.8,16.67,0.0
BBSR-10,Bhubaneswar Zone 10,20.283,85.772,2025-01-25,23.2,29.3,19.4,81,8.9,16.46,0.0
BBSR-10,Bhubaneswar Zone 10,20.283,85.772,2025-01-26,23.0,28.1,19.5,82,10.3,14.02,0.2
BBSR-10,Bhubaneswar Zone 10,20.283,85.772,2025-01-27,22.4,28.3,18.8,78,7.7,16.23,0.0
BBSR-10,Bhubaneswar Zone 10,20.283,85.772,2025-01-28,23.4,29.5,19.1,80,15.7,17.05,0.0
BBSR-10,Bhubaneswar Zone 10,20.283,85.772,2025-01-29,23.7,29.7,19.4,80,18.2,15.44,0.2
BBSR-10,Bhubaneswar Zone 10,20.283,85.772,2025-01-30,23.9,30.3,19.2,79,16.3,15.88,0.0
BBSR-10,Bhubaneswar Zone 10,20.283,85.772,2025-01-31,25.3,32.1,21.0,79,14.8,17.03,0.0
BBSR-10,Bhubaneswar Zone 10,20.283,85.772,2025-02-01,25.8,33.0,21.6,78,11.5,17.78,0.0
BBSR-10,Bhubaneswar Zone 10,20.283,85.772,2025-02-02,26.4,33.2,22.0,72,12.1,18.16,0.0
BBSR-10,Bhubaneswar Zone 10,20.283,85.772,2025-02-03,25.7,32.5,20.2,75,13.7,18.18,0.0
BBSR-10,Bhubaneswar Zone 10,20.283,85.772,2025-02-04,26.1,31.7,22.4,81,10.0,17.66,0.0
BBSR-10,Bhubaneswar Zone 10,20.283,85.772,2025-02-05,27.0,33.2,23.6,77,12.8,17.59,0.0
BBSR-10,Bhubaneswar Zone 10,20.283,85.772,2025-02-06,26.3,32.3,21.2,71,11.2,17.6,0.0
BBSR-10,Bhubaneswar Zone 10,20.283,85.772,2025-02-07,24.9,30.8,20.4,72,13.9,17.71,0.0
BBSR-10,Bhubaneswar Zone 10,20.283,85.772,2025-02-08,24.1,30.4,19.8,76,12.1,18.61,0.0
BBSR-10,Bhubaneswar Zone 10,20.283,85.772,2025-02-09,23.9,30.3,18.9,74,7.9,18.77,0.0
BBSR-10,Bhubaneswar Zone 10,20.283,85.772,2025-02-10,24.8,32.0,19.3,75,15.7,19.48,0.0
BBSR-10,Bhubaneswar Zone 10,20.283,85.772,2025-02-11,25.9,33.0,21.2,74,13.7,19.06,0.0
BBSR-10,Bhubaneswar Zone 10,20.283,85.772,2025-02-12,26.9,34.0,21.9,71,14.2,18.81,0.0
BBSR-10,Bhubaneswar Zone 10,20.283,85.772,2025-02-13,26.4,33.0,21.2,63,12.9,20.07,0.0
BBSR-10,Bhubaneswar Zone 10,20.283,85.772,2025-02-14,24.8,31.3,19.8,61,11.3,20.45,0.0
BBSR-10,Bhubaneswar Zone 10,20.283,85.772,2025-02-15,24.1,31.4,19.0,62,10.7,20.54,0.0
BBSR-10,Bhubaneswar Zone 10,20.283,85.772,2025-02-16,25.2,33.2,19.0,68,14.3,20.64,0.0
BBSR-10,Bhubaneswar Zone 10,20.283,85.772,2025-02-17,26.1,33.2,21.9,72,15.5,20.12,0.0
BBSR-10,Bhubaneswar Zone 10,20.283,85.772,2025-02-18,26.2,33.0,21.9,76,16.5,19.01,0.0
BBSR-10,Bhubaneswar Zone 10,20.283,85.772,2025-02-19,26.6,33.2,22.8,76,15.2,18.82,0.2
BBSR-10,Bhubaneswar Zone 10,20.283,85.772,2025-02-20,26.3,32.6,22.7,73,17.2,18.69,0.3
BBSR-10,Bhubaneswar Zone 10,20.283,85.772,2025-02-21,25.8,33.2,21.2,75,16.8,19.04,0.1
BBSR-10,Bhubaneswar Zone 10,20.283,85.772,2025-02-22,26.2,32.1,21.7,78,14.2,17.92,2.5
BBSR-10,Bhubaneswar Zone 10,20.283,85.772,2025-02-23,25.4,32.1,20.4,75,15.1,19.21,0.8
BBSR-10,Bhubaneswar Zone 10,20.283,85.772,2025-02-24,25.8,31.7,21.6,76,13.2,18.49,0.1
BBSR-10,Bhubaneswar Zone 10,20.283,85.772,2025-02-25,25.4,31.7,20.4,75,12.0,19.09,0.9
BBSR-10,Bhubaneswar Zone 10,20.283,85.772,2025-02-26,25.5,30.9,21.0,74,12.4,19.03,0.1
BBSR-10,Bhubaneswar Zone 10,20.283,85.772,2025-02-27,25.8,32.4,20.5,71,17.1,20.03,0.0
BBSR-10,Bhubaneswar Zone 10,20.283,85.772,2025-02-28,26.4,33.5,20.5,71,14.4,20.89,0.0
BBSR-10,Bhubaneswar Zone 10,20.283,85.772,2025-03-01,27.0,34.8,22.4,66,15.9,21.5,0.0
BBSR-10,Bhubaneswar Zone 10,20.283,85.772,2025-03-02,27.8,36.2,22.1,67,14.1,21.12,0.0
BBSR-10,Bhubaneswar Zone 10,20.283,85.772,2025-03-03,28.1,36.0,21.9,68,11.7,20.84,0.0
BBSR-10,Bhubaneswar Zone 10,20.283,85.772,2025-03-04,27.9,35.0,23.7,67,14.9,21.48,0.0
BBSR-10,Bhubaneswar Zone 10,20.283,85.772,2025-03-05,27.6,33.9,22.8,60,11.8,21.39,0.0
BBSR-10,Bhubaneswar Zone 10,20.283,85.772,2025-03-06,24.7,31.5,19.6,38,14.2,23.1,0.0
BBSR-10,Bhubaneswar Zone 10,20.283,85.772,2025-03-07,24.9,32.8,18.0,59,14.8,22.99,0.0
BBSR-10,Bhubaneswar Zone 10,20.283,85.772,2025-03-08,26.7,34.7,21.0,68,14.8,22.6,0.0
BBSR-10,Bhubaneswar Zone 10,20.283,85.772,2025-03-09,26.7,34.1,21.6,73,18.8,21.4,0.0
BBSR-10,Bhubaneswar Zone 10,20.283,85.772,2025-03-10,26.1,33.9,20.7,70,15.4,21.24,0.0
BBSR-10,Bhubaneswar Zone 10,20.283,85.772,2025-03-11,27.0,35.4,21.2,63,18.6,22.62,0.0
BBSR-10,Bhubaneswar Zone 10,20.283,85.772,2025-03-12,27.9,36.7,20.7,60,17.1,22.63,0.0
BBSR-10,Bhubaneswar Zone 10,20.283,85.772,2025-03-13,29.7,38.9,23.0,60,16.7,22.32,0.0
BBSR-10,Bhubaneswar Zone 10,20.283,85.772,2025-03-14,30.0,38.1,24.9,69,17.7,21.53,0.0
BBSR-10,Bhubaneswar Zone 10,20.283,85.772,2025-03-15,30.3,39.9,24.5,66,17.6,21.69,0.0
BBSR-10,Bhubaneswar Zone 10,20.283,85.772,2025-03-16,30.2,39.3,24.2,60,20.0,21.9,0.0
BBSR-10,Bhubaneswar Zone 10,20.283,85.772,2025-03-17,30.2,38.2,24.3,57,18.1,21.58,0.1
BBSR-10,Bhubaneswar Zone 10,20.283,85.772,2025-03-18,29.4,35.9,24.1,64,14.5,22.2,0.0
BBSR-10,Bhubaneswar Zone 10,20.283,85.772,2025-03-19,28.8,35.2,24.7,76,16.2,21.37,1.1
BBSR-10,Bhubaneswar Zone 10,20.283,85.772,2025-03-20,28.7,36.0,23.7,68,19.8,22.85,0.0
BBSR-10,Bhubaneswar Zone 10,20.283,85.772,2025-03-21,27.9,34.2,23.7,71,24.0,22.39,0.2
BBSR-10,Bhubaneswar Zone 10,20.283,85.772,2025-03-22,23.7,27.0,21.2,86,15.1,10.27,10.9
BBSR-10,Bhubaneswar Zone 10,20.283,85.772,2025-03-23,24.9,31.5,20.7,78,20.1,18.91,20.2
BBSR-10,Bhubaneswar Zone 10,20.283,85.772,2025-03-24,25.6,33.3,20.1,76,13.7,21.45,3.3
BBSR-10,Bhubaneswar Zone 10,20.283,85.772,2025-03-25,27.4,34.2,21.7,70,14.1,22.97,0.0
BBSR-10,Bhubaneswar Zone 10,20.283,85.772,2025-03-26,28.4,36.1,22.8,70,15.2,23.38,0.0
BBSR-10,Bhubaneswar Zone 10,20.283,85.772,2025-03-27,29.3,37.6,23.7,67,15.0,24.27,0.0
BBSR-10,Bhubaneswar Zone 10,20.283,85.772,2025-03-28,30.0,38.9,22.9,62,13.9,24.36,0.0
BBSR-10,Bhubaneswar Zone 10,20.283,85.772,2025-03-29,30.0,38.4,23.6,73,14.3,22.96,0.0
BBSR-10,Bhubaneswar Zone 10,20.283,85.772,2025-03-30,29.6,36.7,25.8,80,17.6,22.41,0.3
BBSR-10,Bhubaneswar Zone 10,20.283,85.772,2025-03-31,29.2,35.5,25.5,76,17.8,23.75,0.0
BBSR-10,Bhubaneswar Zone 10,20.283,85.772,2025-04-01,28.9,34.8,25.3,72,16.6,23.94,0.0
BBSR-10,Bhubaneswar Zone 10,20.283,85.772,2025-04-02,28.5,34.2,24.8,74,15.7,23.82,0.0
BBSR-10,Bhubaneswar Zone 10,20.283,85.772,2025-04-03,28.1,35.3,23.4,73,15.3,24.35,0.0
BBSR-10,Bhubaneswar Zone 10,20.283,85.772,2025-04-04,28.5,35.0,23.5,73,12.8,20.16,0.1
BBSR-10,Bhubaneswar Zone 10,20.283,85.772,2025-04-05,29.8,37.5,23.2,63,18.7,22.91,0.0
BBSR-10,Bhubaneswar Zone 10,20.283,85.772,2025-04-06,30.3,37.9,24.7,69,17.7,23.39,0.0
BBSR-10,Bhubaneswar Zone 10,20.283,85.772,2025-04-07,29.6,36.1,25.4,73,18.3,22.5,0.5
BBSR-10,Bhubaneswar Zone 10,20.283,85.772,2025-04-08,28.8,34.8,24.8,73,17.0,21.56,0.2
BBSR-10,Bhubaneswar Zone 10,20.283,85.772,2025-04-09,27.9,33.4,23.5,74,18.4,21.92,0.5
BBSR-10,Bhubaneswar Zone 10,20.283,85.772,2025-04-10,28.2,33.6,23.5,73,15.7,21.66,0.2
BBSR-10,Bhubaneswar Zone 10,20.283,85.772,2025-04-11,28.6,35.3,23.4,72,18.8,23.46,0.3
BBSR-10,Bhubaneswar Zone 10,20.283,85.772,2025-04-12,29.1,36.9,24.9,77,17.4,21.62,4.2
BBSR-10,Bhubaneswar Zone 10,20.283,85.772,2025-04-13,30.0,38.6,25.2,70,16.7,22.96,0.2
BBSR-10,Bhubaneswar Zone 10,20.283,85.772,2025-04-14,29.2,35.2,25.3,73,12.9,21.63,0.7
BBSR-10,Bhubaneswar Zone 10,20.283,85.772,2025-04-15,27.6,33.5,23.3,79,15.3,20.73,9.7
BBSR-10,Bhubaneswar Zone 10,20.283,85.772,2025-04-16,28.2,34.9,22.8,75,20.0,22.37,0.3
BBSR-10,Bhubaneswar Zone 10,20.283,85.772,2025-04-17,29.8,34.7,25.9,72,18.7,22.19,0.0
BBSR-10,Bhubaneswar Zone 10,20.283,85.772,2025-04-18,30.1,35.6,27.2,73,21.6,22.03,0.1
BBSR-10,Bhubaneswar Zone 10,20.283,85.772,2025-04-19,30.7,36.9,26.9,73,18.6,24.39,0.2
BBSR-10,Bhubaneswar Zone 10,20.283,85.772,2025-04-20,31.9,39.0,27.6,73,19.2,23.86,0.0
BBSR-10,Bhubaneswar Zone 10,20.283,85.772,2025-04-21,31.5,37.5,27.6,75,18.2,24.36,0.0
BBSR-10,Bhubaneswar Zone 10,20.283,85.772,2025-04-22,31.5,38.4,26.8,75,20.7,24.88,0.0
BBSR-10,Bhubaneswar Zone 10,20.283,85.772,2025-04-23,32.0,39.9,26.8,71,20.2,24.2,0.0
BBSR-10,Bhubaneswar Zone 10,20.283,85.772,2025-04-24,31.8,38.5,27.6,73,23.8,24.34,0.0
BBSR-10,Bhubaneswar Zone 10,20.283,85.772,2025-04-25,31.4,37.0,27.7,73,19.6,24.82,0.0
BBSR-10,Bhubaneswar Zone 10,20.283,85.772,2025-04-26,30.7,36.3,27.5,74,24.4,23.28,1.1
BBSR-10,Bhubaneswar Zone 10,20.283,85.772,2025-04-27,30.5,36.3,26.9,67,19.9,20.6,0.0
BBSR-10,Bhubaneswar Zone 10,20.283,85.772,2025-04-28,28.9,35.8,23.3,75,12.6,22.02,9.6
BBSR-10,Bhubaneswar Zone 10,20.283,85.772,2025-04-29,28.2,33.8,23.3,76,15.4,22.01,1.9
BBSR-10,Bhubaneswar Zone 10,20.283,85.772,2025-04-30,28.1,33.4,22.5,74,14.7,22.89,1.2
BBSR-10,Bhubaneswar Zone 10,20.283,85.772,2025-05-01,28.0,33.6,20.8,73,15.1,23.63,6.9
BBSR-10,Bhubaneswar Zone 10,20.283,85.772,2025-05-02,27.1,33.3,21.4,74,15.7,24.61,0.4
BBSR-10,Bhubaneswar Zone 10,20.283,85.772,2025-05-03,28.6,34.9,24.4,76,13.9,23.13,6.2
BBSR-10,Bhubaneswar Zone 10,20.283,85.772,2025-05-04,28.1,34.3,23.4,74,17.6,25.02,0.0
BBSR-10,Bhubaneswar Zone 10,20.283,85.772,2025-05-05,29.6,35.5,25.2,74,16.2,23.63,0.1
BBSR-10,Bhubaneswar Zone 10,20.283,85.772,2025-05-06,30.2,36.5,26.2,75,16.4,23.21,0.2
BBSR-10,Bhubaneswar Zone 10,20.283,85.772,2025-05-07,30.5,36.8,26.4,75,14.6,23.54,0.0
BBSR-10,Bhubaneswar Zone 10,20.283,85.772,2025-05-08,30.7,36.6,26.4,74,14.6,23.64,0.0
BBSR-10,Bhubaneswar Zone 10,20.283,85.772,2025-05-09,30.9,37.4,25.9,72,13.7,24.24,0.0
BBSR-10,Bhubaneswar Zone 10,20.283,85.772,2025-05-10,31.1,38.1,26.0,68,14.4,25.31,0.0
BBSR-10,Bhubaneswar Zone 10,20.283,85.772,2025-05-11,31.4,38.8,25.8,67,16.3,25.25,0.0
BBSR-10,Bhubaneswar Zone 10,20.283,85.772,2025-05-12,31.8,39.0,27.0,73,15.0,24.03,0.3
BBSR-10,Bhubaneswar Zone 10,20.283,85.772,2025-05-13,31.4,36.9,27.9,76,15.9,23.17,0.3
BBSR-10,Bhubaneswar Zone 10,20.283,85.772,2025-05-14,31.5,36.6,28.1,77,18.8,22.39,0.3
BBSR-10,Bhubaneswar Zone 10,20.283,85.772,2025-05-15,31.5,36.8,27.9,75,14.7,23.18,0.2
BBSR-10,Bhubaneswar Zone 10,20.283,85.772,2025-05-16,31.3,36.8,28.2,76,15.8,22.8,1.6
BBSR-10,Bhubaneswar Zone 10,20.283,85.772,2025-05-17,30.6,35.9,27.6,77,20.3,22.6,0.3
BBSR-10,Bhubaneswar Zone 10,20.283,85.772,2025-05-18,29.8,33.6,26.5,78,17.6,19.54,1.9
BBSR-10,Bhubaneswar Zone 10,20.283,85.772,2025-05-19,30.1,34.5,26.7,77,13.4,22.23,4.5
BBSR-10,Bhubaneswar Zone 10,20.283,85.772,2025-05-20,29.9,33.8,26.9,78,21.2,22.38,0.3
BBSR-10,Bhubaneswar Zone 10,20.283,85.772,2025-05-21,29.5,33.3,26.3,79,17.3,14.94,4.1
BBSR-10,Bhubaneswar Zone 10,20.283,85.772,2025-05-22,28.6,33.0,25.7,83,10.8,16.08,5.2
BBSR-10,Bhubaneswar Zone 10,20.283,85.772,2025-05-23,28.8,33.5,25.7,82,10.2,20.19,3.8
BBSR-10,Bhubaneswar Zone 10,20.283,85.772,2025-05-24,27.5,31.8,25.0,88,10.4,15.12,26.8
BBSR-10,Bhubaneswar Zone 10,20.283,85.772,2025-05-25,27.5,32.6,25.8,91,13.3,12.07,22.3
BBSR-10,Bhubaneswar Zone 10,20.283,85.772,2025-05-26,28.3,33.3,25.2,85,12.2,19.94,11.6
BBSR-10,Bhubaneswar Zone 10,20.283,85.772,2025-05-27,27.7,31.5,25.8,88,19.7,10.66,17.2
BBSR-10,Bhubaneswar Zone 10,20.283,85.772,2025-05-28,27.2,32.2,25.1,91,19.6,11.88,46.0
BBSR-10,Bhubaneswar Zone 10,20.283,85.772,2025-05-29,28.9,32.6,25.9,82,19.9,11.27,18.7
BBSR-10,Bhubaneswar Zone 10,20.283,85.772,2025-05-30,30.3,35.8,25.7,79,14.1,19.95,1.1
BBSR-10,Bhubaneswar Zone 10,20.283,85.772,2025-05-31,29.9,33.9,27.2,81,12.7,18.82,9.2
BBSR-10,Bhubaneswar Zone 10,20.283,85.772,2025-06-01,31.7,37.2,27.2,71,14.3,22.11,0.0
BBSR-10,Bhubaneswar Zone 10,20.283,85.772,2025-06-02,32.1,38.0,27.5,58,19.0,24.66,0.0
BBSR-10,Bhubaneswar Zone 10,20.283,85.772,2025-06-03,31.0,35.8,25.4,69,15.4,21.89,6.3
BBSR-10,Bhubaneswar Zone 10,20.283,85.772,2025-06-04,31.4,36.3,27.1,71,12.3,24.21,0.4
BBSR-10,Bhubaneswar Zone 10,20.283,85.772,2025-06-05,29.8,35.3,24.6,75,11.1,22.94,5.0
BBSR-10,Bhubaneswar Zone 10,20.283,85.772,2025-06-06,30.2,35.8,27.3,79,12.4,23.04,1.8
BBSR-10,Bhubaneswar Zone 10,20.283,85.772,2025-06-07,30.4,36.3,26.1,74,10.0,24.1,0.0
BBSR-10,Bhubaneswar Zone 10,20.283,85.772,2025-06-08,30.5,35.4,26.9,76,8.7,16.02,0.0
BBSR-10,Bhubaneswar Zone 10,20.283,85.772,2025-06-09,29.8,36.6,25.2,84,17.3,19.59,10.7
BBSR-10,Bhubaneswar Zone 10,20.283,85.772,2025-06-10,28.8,33.4,25.5,83,10.4,22.41,7.1
BBSR-10,Bhubaneswar Zone 10,20.283,85.772,2025-06-11,28.8,32.1,26.3,81,16.2,21.62,3.9
BBSR-10,Bhubaneswar Zone 10,20.283,85.772,2025-06-12,28.2,31.0,26.4,85,15.2,14.92,13.8
BBSR-10,Bhubaneswar Zone 10,20.283,85.772,2025-06-13,29.3,32.9,26.6,81,11.5,19.99,0.9
BBSR-10,Bhubaneswar Zone 10,20.283,85.772,2025-06-14,30.1,34.3,27.0,79,17.4,22.53,1.6
BBSR-10,Bhubaneswar Zone 10,20.283,85.772,2025-06-15,28.6,32.0,26.3,86,12.2,15.9,8.2
BBSR-10,Bhubaneswar Zone 10,20.283,85.772,2025-06-16,26.8,28.9,25.4,95,10.4,6.9,15.0
BBSR-10,Bhubaneswar Zone 10,20.283,85.772,2025-06-17,27.8,30.7,26.2,89,15.6,11.33,12.4
BBSR-10,Bhubaneswar Zone 10,20.283,85.772,2025-06-18,27.3,29.9,25.4,89,18.8,8.7,11.4
BBSR-10,Bhubaneswar Zone 10,20.283,85.772,2025-06-19,28.0,30.6,25.8,83,20.9,8.86,2.1
BBSR-10,Bhubaneswar Zone 10,20.283,85.772,2025-06-20,29.5,32.8,26.8,80,16.2,15.2,1.6
BBSR-10,Bhubaneswar Zone 10,20.283,85.772,2025-06-21,30.5,34.9,27.4,75,14.5,21.74,0.2
BBSR-10,Bhubaneswar Zone 10,20.283,85.772,2025-06-22,29.7,34.3,26.8,78,11.0,19.56,2.8
BBSR-10,Bhubaneswar Zone 10,20.283,85.772,2025-06-23,27.6,30.1,26.2,87,10.3,10.07,17.8
BBSR-10,Bhubaneswar Zone 10,20.283,85.772,2025-06-24,28.0,32.1,26.1,86,14.9,17.41,22.5
BBSR-10,Bhubaneswar Zone 10,20.283,85.772,2025-06-25,26.9,28.9,25.6,93,15.3,9.93,22.0
BBSR-10,Bhubaneswar Zone 10,20.283,85.772,2025-06-26,27.2,31.9,25.0,90,18.5,15.07,8.2
BBSR-10,Bhubaneswar Zone 10,20.283,85.772,2025-06-27,27.5,30.7,25.1,90,15.8,10.01,28.8
BBSR-10,Bhubaneswar Zone 10,20.283,85.772,2025-06-28,27.8,29.8,26.3,85,18.6,11.31,5.6
BBSR-10,Bhubaneswar Zone 10,20.283,85.772,2025-06-29,27.4,30.1,24.9,80,20.7,10.24,5.0
BBSR-10,Bhubaneswar Zone 10,20.283,85.772,2025-06-30,26.6,29.7,25.4,87,17.3,11.92,15.5
BBSR-10,Bhubaneswar Zone 10,20.283,85.772,2025-07-01,26.5,30.3,24.3,91,17.7,13.95,28.3
BBSR-10,Bhubaneswar Zone 10,20.283,85.772,2025-07-02,26.9,30.6,25.2,91,12.0,15.44,17.8
BBSR-10,Bhubaneswar Zone 10,20.283,85.772,2025-07-03,27.1,31.9,24.4,90,14.6,15.53,22.3
BBSR-10,Bhubaneswar Zone 10,20.283,85.772,2025-07-04,26.9,29.4,25.2,92,15.3,12.34,18.6
BBSR-10,Bhubaneswar Zone 10,20.283,85.772,2025-07-05,26.7,29.2,25.1,92,17.3,8.59,19.4
BBSR-10,Bhubaneswar Zone 10,20.283,85.772,2025-07-06,26.7,31.5,24.8,91,16.9,16.07,23.7
BBSR-10,Bhubaneswar Zone 10,20.283,85.772,2025-07-07,27.1,31.1,25.0,88,18.0,13.57,10.6
BBSR-10,Bhubaneswar Zone 10,20.283,85.772,2025-07-08,27.6,31.4,25.5,79,18.5,15.61,4.5
BBSR-10,Bhubaneswar Zone 10,20.283,85.772,2025-07-09,27.9,31.1,25.3,77,20.3,16.58,0.7
BBSR-10,Bhubaneswar Zone 10,20.283,85.772,2025-07-10,28.3,32.0,25.4,81,14.8,20.07,6.3
BBSR-10,Bhubaneswar Zone 10,20.283,85.772,2025-07-11,28.2,32.2,25.6,87,11.8,19.17,11.2
BBSR-10,Bhubaneswar Zone 10,20.283,85.772,2025-07-12,29.3,33.6,26.5,82,14.8,20.07,9.9
BBSR-10,Bhubaneswar Zone 10,20.283,85.772,2025-07-13,28.2,32.1,26.1,87,12.5,13.52,23.8
BBSR-10,Bhubaneswar Zone 10,20.283,85.772,2025-07-14,27.1,30.0,25.9,92,13.9,9.81,24.2
BBSR-10,Bhubaneswar Zone 10,20.283,85.772,2025-07-15,28.8,33.3,25.2,85,15.8,20.17,8.1
BBSR-10,Bhubaneswar Zone 10,20.283,85.772,2025-07-16,28.5,30.8,26.7,90,12.8,14.67,10.8
BBSR-10,Bhubaneswar Zone 10,20.283,85.772,2025-07-17,28.9,32.1,26.4,85,15.3,21.32,4.8
BBSR-10,Bhubaneswar Zone 10,20.283,85.772,2025-07-18,29.1,32.4,26.3,85,10.4,20.56,2.5
BBSR-10,Bhubaneswar Zone 10,20.283,85.772,2025-07-19,28.9,33.2,26.6,87,12.1,22.79,6.9
BBSR-10,Bhubaneswar Zone 10,20.283,85.772,2025-07-20,28.4,32.8,26.2,88,8.2,22.1,5.9
BBSR-10,Bhubaneswar Zone 10,20.283,85.772,2025-07-21,28.4,32.4,25.6,86,15.3,20.81,5.7
BBSR-10,Bhubaneswar Zone 10,20.283,85.772,2025-07-22,28.7,32.5,25.6,86,12.5,20.89,3.5
BBSR-10,Bhubaneswar Zone 10,20.283,85.772,2025-07-23,28.3,32.2,26.2,88,11.2,20.07,19.6
BBSR-10,Bhubaneswar Zone 10,20.283,85.772,2025-07-24,27.7,32.1,25.8,88,20.5,13.27,15.0
BBSR-10,Bhubaneswar Zone 10,20.283,85.772,2025-07-25,26.3,27.4,25.4,96,15.4,3.87,26.4
BBSR-10,Bhubaneswar Zone 10,20.283,85.772,2025-07-26,28.1,31.8,25.6,85,23.9,20.18,5.4
BBSR-10,Bhubaneswar Zone 10,20.283,85.772,2025-07-27,28.9,33.2,26.1,82,16.0,22.8,0.9
BBSR-10,Bhubaneswar Zone 10,20.283,85.772,2025-07-28,28.7,31.7,26.3,81,17.3,16.48,0.2
BBSR-10,Bhubaneswar Zone 10,20.283,85.772,2025-07-29,27.0,29.1,25.8,91,18.9,9.84,18.7
BBSR-10,Bhubaneswar Zone 10,20.283,85.772,2025-07-30,27.5,31.3,25.0,88,15.8,14.21,9.6
BBSR-10,Bhubaneswar Zone 10,20.283,85.772,2025-07-31,28.5,32.5,26.3,84,13.9,16.62,2.4
BBSR-10,Bhubaneswar Zone 10,20.283,85.772,2025-08-01,29.4,33.1,26.1,79,16.1,22.44,0.3
BBSR-10,Bhubaneswar Zone 10,20.283,85.772,2025-08-02,29.5,33.8,25.8,79,11.9,23.62,7.8
BBSR-10,Bhubaneswar Zone 10,20.283,85.772,2025-08-03,28.3,31.0,25.8,89,14.5,15.43,11.7
BBSR-10,Bhubaneswar Zone 10,20.283,85.772,2025-08-04,29.3,32.5,26.4,83,15.3,18.56,2.0
BBSR-10,Bhubaneswar Zone 10,20.283,85.772,2025-08-05,29.4,32.8,27.0,84,13.2,22.03,4.9
BBSR-10,Bhubaneswar Zone 10,20.283,85.772,2025-08-06,28.4,33.3,25.9,88,13.5,15.6,10.8
BBSR-10,Bhubaneswar Zone 10,20.283,85.772,2025-08-07,28.1,31.8,26.3,87,12.1,15.77,22.1
BBSR-10,Bhubaneswar Zone 10,20.283,85.772,2025-08-08,26.7,29.6,24.6,89,17.9,9.78,11.3
BBSR-10,Bhubaneswar Zone 10,20.283,85.772,2025-08-09,27.5,32.1,24.5,89,12.3,18.14,9.7
BBSR-10,Bhubaneswar Zone 10,20.283,85.772,2025-08-10,28.4,32.1,25.3,85,15.0,23.69,8.3
BBSR-10,Bhubaneswar Zone 10,20.283,85.772,2025-08-11,28.6,32.5,25.6,87,8.9,21.86,5.0
BBSR-10,Bhubaneswar Zone 10,20.283,85.772,2025-08-12,28.8,32.8,25.6,85,10.8,21.52,7.8
BBSR-10,Bhubaneswar Zone 10,20.283,85.772,2025-08-13,28.1,31.8,25.8,85,17.4,19.55,7.5
BBSR-10,Bhubaneswar Zone 10,20.283,85.772,2025-08-14,27.4,30.8,24.7,87,13.3,15.8,3.9
BBSR-10,Bhubaneswar Zone 10,20.283,85.772,2025-08-15,27.6,31.5,25.1,88,13.8,17.17,5.6
BBSR-10,Bhubaneswar Zone 10,20.283,85.772,2025-08-16,27.6,31.5,24.8,86,16.5,20.04,6.6
BBSR-10,Bhubaneswar Zone 10,20.283,85.772,2025-08-17,27.1,30.9,25.2,88,23.1,17.98,26.3
BBSR-10,Bhubaneswar Zone 10,20.283,85.772,2025-08-18,26.7,30.4,24.7,89,25.4,16.08,6.9
BBSR-10,Bhubaneswar Zone 10,20.283,85.772,2025-08-19,27.1,29.5,25.1,89,16.2,14.12,11.1
BBSR-10,Bhubaneswar Zone 10,20.283,85.772,2025-08-20,28.1,31.5,24.8,86,16.2,17.76,2.8
BBSR-10,Bhubaneswar Zone 10,20.283,85.772,2025-08-21,27.2,29.5,25.6,91,16.1,10.73,6.6
BBSR-10,Bhubaneswar Zone 10,20.283,85.772,2025-08-22,26.1,27.7,24.9,96,16.8,6.13,30.4
BBSR-10,Bhubaneswar Zone 10,20.283,85.772,2025-08-23,27.2,30.2,25.0,88,20.0,12.88,12.4
BBSR-10,Bhubaneswar Zone 10,20.283,85.772,2025-08-24,27.0,28.8,25.5,86,16.8,12.48,1.6
BBSR-10,Bhubaneswar Zone 10,20.283,85.772,2025-08-25,26.1,28.7,25.0,94,9.4,9.13,18.1
BBSR-10,Bhubaneswar Zone 10,20.283,85.772,2025-08-26,27.1,31.4,24.3,87,15.5,21.81,8.8
BBSR-10,Bhubaneswar Zone 10,20.283,85.772,2025-08-27,26.3,29.9,24.3,91,13.9,13.34,15.5
BBSR-10,Bhubaneswar Zone 10,20.283,85.772,2025-08-28,27.4,30.6,24.2,86,19.5,19.18,9.1
BBSR-10,Bhubaneswar Zone 10,20.283,85.772,2025-08-29,28.1,30.8,25.4,83,21.2,17.12,0.5
BBSR-10,Bhubaneswar Zone 10,20.283,85.772,2025-08-30,27.4,29.5,25.6,89,13.5,14.02,25.3
BBSR-10,Bhubaneswar Zone 10,20.283,85.772,2025-08-31,26.9,31.3,25.0,92,13.1,17.79,4.9
BBSR-10,Bhubaneswar Zone 10,20.283,85.772,2025-09-01,27.6,31.6,24.7,88,10.1,19.04,3.3
BBSR-10,Bhubaneswar Zone 10,20.283,85.772,2025-09-02,26.1,29.5,24.3,94,11.9,10.7,27.4
BBSR-10,Bhubaneswar Zone 10,20.283,85.772,2025-09-03,25.3,26.3,24.5,96,18.1,4.09,73.8
BBSR-10,Bhubaneswar Zone 10,20.283,85.772,2025-09-04,27.0,30.6,24.9,91,8.3,15.71,12.9
BBSR-10,Bhubaneswar Zone 10,20.283,85.772,2025-09-05,27.1,30.0,24.9,92,9.4,13.61,9.5
BBSR-10,Bhubaneswar Zone 10,20.283,85.772,2025-09-06,26.7,30.2,25.0,93,7.2,12.87,10.1
BBSR-10,Bhubaneswar Zone 10,20.283,85.772,2025-09-07,27.2,31.0,24.5,89,17.5,20.79,6.3
BBSR-10,Bhubaneswar Zone 10,20.283,85.772,2025-09-08,27.7,31.8,24.5,88,11.0,20.54,3.4
BBSR-10,Bhubaneswar Zone 10,20.283,85.772,2025-09-09,28.2,31.9,24.7,87,10.6,21.28,1.6
BBSR-10,Bhubaneswar Zone 10,20.283,85.772,2025-09-10,28.4,32.9,25.4,86,14.4,20.94,5.2
BBSR-10,Bhubaneswar Zone 10,20.283,85.772,2025-09-11,28.0,31.3,25.3,89,10.6,18.81,11.7
BBSR-10,Bhubaneswar Zone 10,20.283,85.772,2025-09-12,27.0,31.0,24.9,91,17.6,18.31,8.1
BBSR-10,Bhubaneswar Zone 10,20.283,85.772,2025-09-13,27.1,30.0,25.2,89,14.4,15.06,20.3
BBSR-10,Bhubaneswar Zone 10,20.283,85.772,2025-09-14,27.3,30.3,25.4,89,12.4,14.23,10.1
BBSR-10,Bhubaneswar Zone 10,20.283,85.772,2025-09-15,27.4,31.1,25.1,88,12.2,15.2,7.1
BBSR-10,Bhubaneswar Zone 10,20.283,85.772,2025-09-16,26.5,29.8,24.9,92,14.1,11.39,15.1
BBSR-10,Bhubaneswar Zone 10,20.283,85.772,2025-09-17,28.0,32.0,25.6,84,13.3,19.44,7.3
BBSR-10,Bhubaneswar Zone 10,20.283,85.772,2025-09-18,28.5,32.8,25.3,83,11.2,21.75,0.7
BBSR-10,Bhubaneswar Zone 10,20.283,85.772,2025-09-19,28.8,33.1,25.8,84,9.8,20.74,0.6
BBSR-10,Bhubaneswar Zone 10,20.283,85.772,2025-09-20,28.2,32.8,25.8,88,7.9,16.59,7.2
BBSR-10,Bhubaneswar Zone 10,20.283,85.772,2025-09-21,27.6,32.6,25.2,90,14.3,18.11,12.5
BBSR-10,Bhubaneswar Zone 10,20.283,85.772,2025-09-22,27.2,32.1,24.8,90,16.1,17.31,12.5
BBSR-10,Bhubaneswar Zone 10,20.283,85.772,2025-09-23,26.3,29.9,25.0,93,13.8,11.26,26.8
BBSR-10,Bhubaneswar Zone 10,20.283,85.772,2025-09-24,26.5,29.8,24.2,91,8.5,14.76,8.0
BBSR-10,Bhubaneswar Zone 10,20.283,85.772,2025-09-25,27.0,31.5,24.9,90,14.1,18.98,6.8
BBSR-10,Bhubaneswar Zone 10,20.283,85.772,2025-09-26,25.7,27.3,24.8,95,16.8,6.99,22.0
BBSR-10,Bhubaneswar Zone 10,20.283,85.772,2025-09-27,26.4,29.3,24.6,92,17.1,12.53,7.7
BBSR-10,Bhubaneswar Zone 10,20.283,85.772,2025-09-28,26.7,29.8,24.4,91,18.0,14.2,5.1
BBSR-10,Bhubaneswar Zone 10,20.283,85.772,2025-09-29,26.7,31.5,24.7,90,13.9,17.73,6.5
BBSR-10,Bhubaneswar Zone 10,20.283,85.772,2025-09-30,28.0,32.0,24.9,86,8.7,20.51,0.2
BBSR-10,Bhubaneswar Zone 10,20.283,85.772,2025-10-01,28.0,33.2,25.0,84,19.3,19.76,3.0
BBSR-10,Bhubaneswar Zone 10,20.283,85.772,2025-10-02,26.1,29.4,24.4,92,28.0,9.82,40.8
BBSR-10,Bhubaneswar Zone 10,20.283,85.772,2025-10-03,28.3,31.2,25.5,83,24.0,17.51,4.6
BBSR-10,Bhubaneswar Zone 10,20.283,85.772,2025-10-04,27.7,32.0,24.6,89,17.5,17.33,9.1
BBSR-10,Bhubaneswar Zone 10,20.283,85.772,2025-10-05,26.4,28.8,24.6,93,13.8,13.14,16.4
BBSR-10,Bhubaneswar Zone 10,20.283,85.772,2025-10-06,26.1,30.5,23.9,91,11.9,15.35,19.9
BBSR-10,Bhubaneswar Zone 10,20.283,85.772,2025-10-07,26.6,30.8,24.7,91,7.6,14.77,2.9
BBSR-10,Bhubaneswar Zone 10,20.283,85.772,2025-10-08,26.1,29.4,24.3,92,6.7,13.53,1.9
BBSR-10,Bhubaneswar Zone 10,20.283,85.772,2025-10-09,26.5,31.1,24.2,90,7.6,16.94,12.5
BBSR-10,Bhubaneswar Zone 10,20.283,85.772,2025-10-10,26.6,31.0,24.5,88,13.6,18.39,5.2
BBSR-10,Bhubaneswar Zone 10,20.283,85.772,2025-10-11,26.8,30.7,24.3,86,12.2,18.58,1.6
BBSR-10,Bhubaneswar Zone 10,20.283,85.772,2025-10-12,27.0,30.9,24.1,82,16.6,18.9,0.6
BBSR-10,Bhubaneswar Zone 10,20.283,85.772,2025-10-13,26.0,30.4,24.0,86,16.6,15.66,6.0
BBSR-10,Bhubaneswar Zone 10,20.283,85.772,2025-10-14,27.2,31.4,23.8,77,12.5,19.72,0.4
BBSR-10,Bhubaneswar Zone 10,20.283,85.772,2025-10-15,27.2,31.5,23.6,75,12.9,20.98,0.0
BBSR-10,Bhubaneswar Zone 10,20.283,85.772,2025-10-16,27.1,31.5,23.7,78,8.4,20.09,0.0
BBSR-10,Bhubaneswar Zone 10,20.283,85.772,2025-10-17,26.7,31.2,22.6,74,10.3,20.67,0.0
BBSR-10,Bhubaneswar Zone 10,20.283,85.772,2025-10-18,26.5,31.2,23.5,80,12.8,18.87,2.3
BBSR-10,Bhubaneswar Zone 10,20.283,85.772,2025-10-19,26.2,30.4,23.9,89,14.6,15.9,5.6
BBSR-10,Bhubaneswar Zone 10,20.283,85.772,2025-10-20,26.5,30.5,24.5,88,13.6,14.96,6.3
BBSR-10,Bhubaneswar Zone 10,20.283,85.772,2025-10-21,27.3,31.6,24.1,80,18.7,18.5,0.8
BBSR-10,Bhubaneswar Zone 10,20.283,85.772,2025-10-22,27.4,31.5,24.4,79,17.2,17.85,0.9
BBSR-10,Bhubaneswar Zone 10,20.283,85.772,2025-10-23,27.3,31.6,24.3,81,11.7,18.18,0.4
BBSR-10,Bhubaneswar Zone 10,20.283,85.772,2025-10-24,27.0,31.8,24.1,82,13.3,18.8,0.1
BBSR-10,Bhubaneswar Zone 10,20.283,85.772,2025-10-25,26.4,31.1,23.5,86,18.0,17.08,2.0
BBSR-10,Bhubaneswar Zone 10,20.283,85.772,2025-10-26,27.4,31.5,24.5,81,12.2,17.6,0.6
BBSR-10,Bhubaneswar Zone 10,20.283,85.772,2025-10-27,26.7,30.1,24.3,84,17.0,16.29,9.0
BBSR-10,Bhubaneswar Zone 10,20.283,85.772,2025-10-28,25.4,29.8,23.3,93,22.4,11.38,19.1
BBSR-10,Bhubaneswar Zone 10,20.283,85.772,2025-10-29,25.5,27.9,24.0,92,18.9,11.96,19.8
BBSR-10,Bhubaneswar Zone 10,20.283,85.772,2025-10-30,26.2,29.5,23.9,89,17.5,14.97,3.4
BBSR-10,Bhubaneswar Zone 10,20.283,85.772,2025-10-31,27.6,31.4,24.5,82,15.1,17.34,0.0
BBSR-10,Bhubaneswar Zone 10,20.283,85.772,2025-11-01,27.4,31.6,24.9,86,14.3,16.03,9.9
BBSR-10,Bhubaneswar Zone 10,20.283,85.772,2025-11-02,27.1,30.7,24.0,85,10.5,16.83,1.0
BBSR-10,Bhubaneswar Zone 10,20.283,85.772,2025-11-03,26.3,30.4,23.1,76,9.1,17.16,0.4
BBSR-10,Bhubaneswar Zone 10,20.283,85.772,2025-11-04,25.2,30.5,21.2,65,10.6,17.33,0.0
BBSR-10,Bhubaneswar Zone 10,20.283,85.772,2025-11-05,24.4,30.3,19.6,64,10.6,19.19,0.0
BBSR-10,Bhubaneswar Zone 10,20.283,85.772,2025-11-06,25.5,31.3,21.0,68,8.7,18.72,0.0
BBSR-10,Bhubaneswar Zone 10,20.283,85.772,2025-11-07,25.5,30.7,21.1,70,12.4,18.59,0.0
BBSR-10,Bhubaneswar Zone 10,20.283,85.772,2025-11-08,24.7,29.9,20.8,65,11.8,18.71,0.0
BBSR-10,Bhubaneswar Zone 10,20.283,85.772,2025-11-09,23.3,28.9,19.0,67,8.5,18.77,0.0
BBSR-10,Bhubaneswar Zone 10,20.283,85.772,2025-11-10,23.2,28.8,18.3,64,11.7,18.83,0.0
BBSR-10,Bhubaneswar Zone 10,20.283,85.772,2025-11-11,22.8,29.0,18.1,65,8.7,18.66,0.0
BBSR-10,Bhubaneswar Zone 10,20.283,85.772,2025-11-12,22.4,28.0,17.2,64,12.0,18.64,0.0
BBSR-10,Bhubaneswar Zone 10,20.283,85.772,2025-11-13,22.1,28.0,16.5,63,9.9,18.61,0.0
BBSR-10,Bhubaneswar Zone 10,20.283,85.772,2025-11-14,22.2,28.0,16.9,63,11.0,18.48,0.0
BBSR-10,Bhubaneswar Zone 10,20.283,85.772,2025-11-15,21.9,27.5,17.1,61,13.8,18.44,0.0
BBSR-10,Bhubaneswar Zone 10,20.283,85.772,2025-11-16,21.5,27.6,16.3,59,13.6,18.44,0.0
BBSR-10,Bhubaneswar Zone 10,20.283,85.772,2025-11-17,21.3,27.1,16.7,61,12.5,18.28,0.0
BBSR-10,Bhubaneswar Zone 10,20.283,85.772,2025-11-18,22.0,27.7,17.1,63,10.0,17.97,0.0
BBSR-10,Bhubaneswar Zone 10,20.283,85.772,2025-11-19,22.9,29.1,17.0,67,10.0,17.49,0.0
BBSR-10,Bhubaneswar Zone 10,20.283,85.772,2025-11-20,24.9,29.8,21.6,63,12.1,16.47,0.0
BBSR-10,Bhubaneswar Zone 10,20.283,85.772,2025-11-21,24.6,30.1,20.0,70,10.3,17.01,0.0
BBSR-10,Bhubaneswar Zone 10,20.283,85.772,2025-11-22,24.4,30.0,19.4,78,8.6,16.22,0.0
BBSR-10,Bhubaneswar Zone 10,20.283,85.772,2025-11-23,24.7,30.2,20.3,77,5.9,15.33,0.0
BBSR-10,Bhubaneswar Zone 10,20.283,85.772,2025-11-24,23.6,28.4,19.9,72,11.4,15.94,0.0
BBSR-10,Bhubaneswar Zone 10,20.283,85.772,2025-11-25,22.5,27.7,18.5,68,12.2,16.75,0.0
BBSR-10,Bhubaneswar Zone 10,20.283,85.772,2025-11-26,21.4,26.9,17.5,65,15.5,16.93,0.0
BBSR-10,Bhubaneswar Zone 10,20.283,85.772,2025-11-27,20.8,26.2,16.4,61,13.7,17.19,0.0
BBSR-10,Bhubaneswar Zone 10,20.283,85.772,2025-11-28,21.7,27.7,16.8,68,11.1,16.25,0.0
BBSR-10,Bhubaneswar Zone 10,20.283,85.772,2025-11-29,22.8,28.5,18.2,71,9.6,15.26,0.0
BBSR-10,Bhubaneswar Zone 10,20.283,85.772,2025-11-30,22.5,27.8,18.5,69,9.3,15.52,0.0
BBSR-10,Bhubaneswar Zone 10,20.283,85.772,2025-12-01,21.3,25.3,17.2,71,11.2,6.89,0.0
BBSR-10,Bhubaneswar Zone 10,20.283,85.772,2025-12-02,22.9,27.5,20.1,73,10.8,13.05,0.0
BBSR-10,Bhubaneswar Zone 10,20.283,85.772,2025-12-03,22.5,27.7,18.2,72,9.4,14.76,0.0
BBSR-10,Bhubaneswar Zone 10,20.283,85.772,2025-12-04,21.6,27.1,17.8,70,13.4,16.21,0.0
BBSR-10,Bhubaneswar Zone 10,20.283,85.772,2025-12-05,20.9,26.6,16.9,63,14.4,16.46,0.0
BBSR-10,Bhubaneswar Zone 10,20.283,85.772,2025-12-06,20.2,26.1,16.1,61,11.7,16.41,0.0
BBSR-10,Bhubaneswar Zone 10,20.283,85.772,2025-12-07,20.0,25.9,14.6,62,9.8,16.2,0.0
BBSR-10,Bhubaneswar Zone 10,20.283,85.772,2025-12-08,20.3,26.4,14.6,65,9.0,16.06,0.0
BBSR-10,Bhubaneswar Zone 10,20.283,85.772,2025-12-09,20.5,26.4,15.7,65,10.5,15.85,0.0
BBSR-10,Bhubaneswar Zone 10,20.283,85.772,2025-12-10,20.3,26.3,15.3,69,10.9,16.08,0.0
BBSR-10,Bhubaneswar Zone 10,20.283,85.772,2025-12-11,19.8,26.3,14.0,62,8.9,16.47,0.0
BBSR-10,Bhubaneswar Zone 10,20.283,85.772,2025-12-12,19.9,26.2,13.8,65,7.0,16.28,0.0
BBSR-10,Bhubaneswar Zone 10,20.283,85.772,2025-12-13,20.4,26.2,14.8,68,8.2,16.02,0.0
BBSR-10,Bhubaneswar Zone 10,20.283,85.772,2025-12-14,20.3,26.1,15.0,68,9.1,15.93,0.0
BBSR-10,Bhubaneswar Zone 10,20.283,85.772,2025-12-15,20.5,26.6,14.9,71,8.4,15.9,0.0
BBSR-10,Bhubaneswar Zone 10,20.283,85.772,2025-12-16,20.6,26.6,15.2,74,7.5,15.73,0.0
BBSR-10,Bhubaneswar Zone 10,20.283,85.772,2025-12-17,20.3,26.4,15.4,75,9.4,15.92,0.0
BBSR-10,Bhubaneswar Zone 10,20.283,85.772,2025-12-18,20.3,25.9,15.4,69,9.7,15.74,0.0
BBSR-10,Bhubaneswar Zone 10,20.283,85.772,2025-12-19,20.1,25.9,14.9,67,6.3,15.79,0.0
BBSR-10,Bhubaneswar Zone 10,20.283,85.772,2025-12-20,20.2,25.6,15.0,69,9.2,15.33,0.0
BBSR-10,Bhubaneswar Zone 10,20.283,85.772,2025-12-21,19.6,25.6,15.8,69,11.2,15.35,0.0
BBSR-10,Bhubaneswar Zone 10,20.283,85.772,2025-12-22,19.5,25.1,15.3,70,11.3,15.76,0.0
BBSR-10,Bhubaneswar Zone 10,20.283,85.772,2025-12-23,19.8,25.7,14.3,77,6.7,15.72,0.0
BBSR-10,Bhubaneswar Zone 10,20.283,85.772,2025-12-24,20.2,26.5,14.7,79,6.7,14.73,0.0
BBSR-10,Bhubaneswar Zone 10,20.283,85.772,2025-12-25,19.6,25.1,16.2,78,11.9,15.36,0.0
BBSR-10,Bhubaneswar Zone 10,20.283,85.772,2025-12-26,18.9,24.3,15.2,77,11.3,15.74,0.0
BBSR-10,Bhubaneswar Zone 10,20.283,85.772,2025-12-27,18.9,24.8,14.1,76,7.7,15.85,0.0
BBSR-10,Bhubaneswar Zone 10,20.283,85.772,2025-12-28,19.0,25.0,13.9,75,8.4,16.05,0.0
BBSR-10,Bhubaneswar Zone 10,20.283,85.772,2025-12-29,18.7,24.7,14.6,77,10.4,16.11,0.0
BBSR-10,Bhubaneswar Zone 10,20.283,85.772,2025-12-30,18.3,24.7,13.8,81,10.4,16.04,0.0
BBSR-10,Bhubaneswar Zone 10,20.283,85.772,2025-12-31,18.3,24.2,14.2,85,9.5,14.11,0.0
